# Paradex signing vectors written by ParadexHashOracle.java (FBC-6); synthetic, see SYNTHETIC.
# Java signer: FueledByChaiTrading ParadexTypedDataSigner, scaling by ParadexOrder.getChainSize/getChainLimitPrice.
# account=0x129f3dc1b8962d8a87abc692424c78fda963ade0e1cd17bf3d1c26f8d41ee7a
# key=0x0139fe4d6f02e666e86a6f58e65060f115cd3c185bd9e98bd829636931458f79
# chain_id=0x505249564154455F534E5F50415241434C4541525F4D41494E4E4554
# seed=20261003 random_intents=2000
name	kind	timestamp	market	side	order_type	size	price	order_id	method	path	body	expiration	chain_size	chain_price	hash	r	s
buy_limit	order	1759400000123	BTC-USD-PERP	BUY	LIMIT	0.01	65123.45						1000000	6512345000000	0x6f5d7382b2e934b146734a12e80d6343c0e44808819fe86150070f68c7caaf0	0x4205d4b11d0e9ecc5b6e3a1588f3429f6b78b685d5a4d9c25cbf89a00b14ec2	0x6297c9b33f645b08e355f13e26e9934705d0ea1eb1d3765f42d95c869f0e1eb
sell_limit	order	1759400000124	ETH-USD-PERP	SELL	LIMIT	1.25	2450.7						125000000	245070000000	0x7776c24c048a8ac5497a1ec9730dc6932b9081c2f412b2d8e43203eb93235ee	0x645c0abdd9d5d4e866f5609fbcd5cfbdff883ceace98bcaf394e9a36f076e74	0x66d5330bd29fc84e86afa6eca29820edd879d6591d28a668bd416760f8f67a8
market_buy	order	1759400000125	SOL-USD-PERP	BUY	MARKET	3							300000000	0	0x3350068d0052f0915deb642189d9541d9517b5c8abaa400c27956d50cbdb3a9	0x1f2aaf9553339857d3a9fa1ddef411321e6cf6eb00f187f505253741ee24f39	0x64bda1cb80d9bece98ca91819925791aff1809b1138cbca4772b839277abf1d
market_sell	order	1759400000126	BTC-USD-PERP	SELL	MARKET	0.5							50000000	0	0x113e53235b33357cabf3a8959373905b5ca286746947346a07ac24f75239d88	0x3de820928634e7a470a4e4f613f4381de316f15af10c10cb8ddb322ba9de13f	0x2cc996b8849409a724d6616633467a24614a78316d296c4cfc73e9c92833434
modify	modify	1759400000127	BTC-USD-PERP	SELL	LIMIT	0.02	65200.1	1759400000123201703010000					2000000	6520010000000	0x753e1108fdfc976bb162d3ec051f5b1f1b812f999b9ea311783566b06db8a0c	0x1d3448d67827a91386c56baa004c85880344bb71aa8429233c7aa5aabe96461	0x4502a11296777edd4f14a0fcace14baf6ba52136a943daa6701e5c18f605cdb
auth_request	request	1759400000							POST	/v1/auth		1759403600			0x21f7131a3b7da3e660076cb860cc5551d2e92c8d2c14569aa978735ecd78b5f	0x36c91905039e3025f21e248cac69257d605cef5f624ce7605f3e929088d3666	0x198095227cd587552703e355f74eabd81f399240c0b31c59649ccd1a666d57c
edge_sub_unit	order	1759400000128	kBONK-USD-PERP	BUY	LIMIT	0.000000009	0.000000019						0	1	0x5a67d8f73c4bc966878605ba5994c89418bb37b8fbb690da3570f6997e421d9	0x6fa005c93d9c8d6fce447f2d351cf14a1e3982a729c137a1fed27e2a1fbd464	0x24a527f151705a9f5b0922e35be51d4468f4812a6855639b90508b2f9928407
edge_eight_places	order	1759400000129	kBONK-USD-PERP	SELL	LIMIT	123.12345678	0.00001234						12312345678	1234	0x5d6dd0c7d8a21921bf81adc4ef66714705e9136ee3ef5fa96bb9c9f0c6a6d2f	0x131c10ba8fd6cb0ce0984f5d17bb1fcb49141ad134f5c735bca94f45087f25f	0xea4eca454a0566287a1de800953458592b8dceb82eec5a840ec13e2804af80
edge_trailing_zeros	order	1759400000130	ETH-USD-PERP	BUY	LIMIT	2.500000000000	2450.700000000000						250000000	245070000000	0xee04a571a32c056ae453d8e27f0551037dfe2562a4a0b8f8d007afa6a12db9	0x3cc999619514677c5372c8bc01a54add2ac851f6e81a433557dbb4652a0e71	0x5483d071252d085091a4b997933251724a299ae3ba2e717adb30bc1b29e2642
edge_integer	order	1759400000131	SOL-USD-PERP	SELL	LIMIT	7	150						700000000	15000000000	0xc02d2b8aac36ca31ff6da6f2bc33c83716a633b0e1501d69db7ee2f50ca2b8	0x220c75af749c18c2ed7ed7406a6f855abe92dab6cc5f1a95f0c0ad13a48dad2	0x7fa5554eff3fa3e99d53d3e44bbbceb42a6a678777310b69f852aa188d1bae9
edge_past_i64	order	1759400000132	BTC-USD-PERP	BUY	LIMIT	99999999999.999999999	99999999999.123456789						9999999999999999999	9999999999912345678	0x6d16d7fc4d597a27d062f64d89fa06c5367a4bac4d0dfe769a969030ded4849	0x1a96185b2b6ecbfd40663c41f9b23c04be56df05fe2e53cd9ecc21463250fed	0x2443e5d6018e1f9e83e8bfbbc4d89b9e4bd808fb9f4e0023f9b4a3141ab7ff7
edge_eighteen_places	order	1759400000133	HYPE-USD-PERP	SELL	LIMIT	0.123456789123456789	45.987654321987654321						12345678	4598765432	0x304afbbfa5c05096d4031cc593054ffb455f5c121877b389d58d320b3b2ba77	0x3d3e370f30b8195f3d6817cefa3f5ff22638d893f7ff807b9a919be9ad2f577	0x5300c09eeb40472bca9ff3007d79e71aa6f63941e55f419ccd36ee937c60412
edge_modify_truncates	modify	1759400000134	ETH-USD-PERP	BUY	LIMIT	1.000000019	2450.123456789	1759400000123201703010001					100000001	245012345678	0x6958096d24a5195de0b525a048dc9bd7fad854e2a72d3ee12acb95efef67a96	0x5f3677982a2528cd3b83688542ee2450e3d5aa4543ac852ab3c56e9cedb4f87	0x3f38b424256311e0d421aab31c4af21c50d72526c119ec190358673d4ca3f34
random_0000	order	1814313310982	HYPE-USD-PERP	BUY	LIMIT	63.9181868831442	0.4646225315432						6391818688	46462253	0x3198161fa3e3de6c7264b53b9225e2aebde7b8bb4efbd834664d0157557ae8c	0x1bbcf5d8ed2c2021155f5ca6648dbb43ee12c89fc1d49d37e9ee83defe51ee3	0x5e0771b9114c472ec0402aae82d756c87d62f92dcb754379a3b31083e053335
random_0001	modify	1843957317431	BTC-USD-PERP	SELL	LIMIT	86.11414467264718355	129.808568640369488328	524654013254482490773064676					8611414467	12980856864	0x33d411c326127899bea002c2fea128c3f0b3456e6e3f7c984b059e129fa1c3f	0x750060b02d24bd6448847cd4bd8d98260f4d68d011a95308f687cd65171d7c4	0x5be0356101d2392582e1b0b64287d53058d9fcdcdc8310e23897738f21c4bc1
random_0002	modify	1852696324763	kBONK-USD-PERP	SELL	LIMIT	7.345609811	6.008301112805462063	39326981948754777958454573458					734560981	600830111	0x16cbd0b7adf145142cab1a3cd5e569910dbb36a457139f2b635c8810c8c29e7	0x5bb7b05dcec699a0ed2205ad2e85335eb4b10f4ff01ac746b037b425e5ec654	0x1ef7c10995a66d35ea5cb7fb95a396cfb589fc07eff20eeff0a2fe53648cf5
random_0003	order	1768622545287	ETH-USD-PERP	BUY	LIMIT	0.983901695	0.298643344782460						98390169	29864334	0x4386201c8ff42fa0b4fa97a30bb57cbfadb268714c783ffc03e039fc09dcabf	0x80124772127390833dd823fad10a6519bc79ce7afadec18ffb89f2545a8624	0x76ff6bb266f910ca6343945892af6e7c055cae5ea10b02ba46d2421e4cbc901
random_0004	order	1781693071319	BTC-USD-PERP	SELL	LIMIT	447.388564916	681125.0265109638846724						44738856491	68112502651096	0x31584ce9b1735f23f37c6b650dac02a2fe403df92546750f6ddfa648fabf10b	0x11ed05ec7da66adf938eb94369f0aaeef06795a8196ca21ad7008c254d03abc	0x5fbd9b90b6695240b886accc4afff3ba4f386f175bb588110ee085199c35bf9
random_0005	order	1746194655419	XRP-USD-PERP	BUY	LIMIT	2.426897126859588193	5.525584835257550						242689712	552558483	0x799ba915db54e97bc3e61e1fc48a059ffd8b1f7d31ce2b3173bdd21910e2b8f	0x42e37d53e680bd551dc2105fe8b4c4a109ba71794c6c6b770b05f14a8b99266	0x5aecd64c5e872d491fbca7082bcfdeb2ca9765314ce1a3f70a6a0aaf80d857f
random_0006	order	1880846748826	kBONK-USD-PERP	BUY	LIMIT	0.68824771405543008	0.0325386073973994						68824771	3253860	0x2c0718e1ef7228a75dfcc20aee1263211982b60daf86c324273ca4f4719d9ef	0x324114b10c7f6927847fd75dee03e57f61f0d12a84b9671c402b3b63923f29e	0x6d24f9a3d49b761b98968d11db541fe0cf11bd32f2fa1168f797feda04c1362
random_0007	order	1735669566365	kBONK-USD-PERP	BUY	LIMIT	0.975357552815223917	7500210.23214419598638						97535755	750021023214419	0x610c43d21a473bfe1cfa2ed246f00221e53ee50e3d28d587b74421ad1ffff31	0x171c0eaa970ac31357127f94b3decd31d6a8f8dc814cc73e586d3c1931fcdc2	0x60850e3eaddb64e1d9d0f9a8185a34216d33372a081d06e8c0da32c9a5477b3
random_0008	order	1749694512709	HYPE-USD-PERP	SELL	LIMIT	5.92141912180	2094.455701310975						592141912	209445570131	0x2ec643eb819d9dec047529ab989e86249aee715880284742ce0f05d18b024b0	0x3cd2422bcdbf5800fab9aca6e3cd1e1db0b4d2eb54e37e2b57bdd4330177379	0x6863b63f725673450099c163d5e76e305358bde688a252091b9e84bb20470ec
random_0009	modify	1860517819972	kBONK-USD-PERP	SELL	LIMIT	473.7626205394	3.1024481135289	274489883336900920914					47376262053	310244811	0x54c0c4a401ae2e569f6a6521d92d8aa282a89a7f2cbadf8bd0c4dd20357bdde	0x307a7e58d94b9333bf511c2efcbdc896c8d76fa75f976611a2ebd6ea9113f87	0x61175dc41cd21ee4658b2de5b9f5ddeec0917e5cee5aa439194575f399d8933
random_0010	modify	1758070091730	DOGE-USD-PERP	BUY	LIMIT	10.63460471582	0.08944655494707900	73089538994851000437849787					1063460471	8944655	0x5f2df307c47ddb9e5ecb4c89055fa2d62db85c59036732b96defb7d4c55d067	0xa78c1019ffabf7afc4110b78d78401428cb26c713760793529062916199486	0x606d9604442b914dac84d74ce1fe6f3aeac841ace8200854aff8ddc5c1b593c
random_0011	order	1740640261916	PAXG-USD-PERP	SELL	LIMIT	47.888164668247	168804.45567994359						4788816466	16880445567994	0x312e5e22cb1861e37e9fee3163b5408edef9c86faf3b90f52271acc4505d88c	0x3ee15130995e8805f6f4f60bc87c35cae8706b2f2f35ace12f6e51ba860a64e	0x4dfc31a0ef602b724fd3a1c41f6230e48cb668b3ac80837b4da269a74acd004
random_0012	modify	1797687960258	HYPE-USD-PERP	SELL	LIMIT	0.56607998543	0.608282958133	6142044174612870977255					56607998	60828295	0x78a908c1cd99d216436b0b6f96c53e6559d5b8f770874d1504420d75cf9c79e	0x4cd959f1b390a0e64bb06b7792c4cb6e128cfda10d3a9a366d089872bbab647	0x25751dba0f17e41ed41d8e3e09485ffb5aefe9eec5ba2c56c508270f01aa41c
random_0013	order	1885040679234	XRP-USD-PERP	SELL	LIMIT	8137.805381411734	723.79619480268485						813780538141	72379619480	0x612645d10d32dde431955064dd1dc220c5c27e02731b2ba6b445faa8e5150bd	0x1a6601daa76bec58405e7090072e97110ddc47fb3eec9aa1548326d7441127c	0xd7af0d3492b5347b55af9ead8998a82a12cd67997b229ad60372e185b49fe2
random_0014	order	1816811063717	ETH-USD-PERP	BUY	LIMIT	60.486731552759660	588999.0991764546						6048673155	58899909917645	0x34b4b8150181697680f38178743ff867f9fac60b3e0586d95839aa7059a80cf	0x6369e7746d7d93949e2b4489d6cce9a115c3d9c43473dfbd03eb4803b84fea	0x5cdfa011f9b890ecd0b66841880725d6313b34eaff25ff6f0d79863b24d1177
random_0015	order	1788866508561	SOL-USD-PERP	SELL	LIMIT	245898.33928522727895990	292624.63290312874678						24589833928522	29262463290312	0x6f72425b0c427022e56afd244619a1f1332d32a4b962f2f061fec1367b47905	0x606d17ef6fb22894dbbd6ca04bf9bbcafd6d19d5a28e4834637ee4af276c77c	0x38d2bf9b3c9ec1257e9ba4e710913f40b51b4ff6f2109cbe097179a9486a49f
random_0016	modify	1727238198469	kBONK-USD-PERP	SELL	LIMIT	35319.7470495865	15495.7722307150398	9715783932389836274696					3531974704958	1549577223071	0x42e0a2816d7c54b9b9798682eb4f87eeae132619f640109487564bec7b66ea0	0x45c151eb1877d94b719f7640799a86221eed8b52b06deadda6e4f8a9516fd81	0x6a044caa8d6478219b36c35e4506ad93459b8e1ed3dcf7410bb1e7054a9964
random_0017	modify	1837283155160	SOL-USD-PERP	BUY	LIMIT	6662.56882679083	6339.816208030679728130	7479066671820245083489					666256882679	633981620803	0x594b38162cec7afebadea7db3f69da6eacde1e48df5fca72af1cf976db8e65b	0x185bc6bcce1be0530c466d63755f4fd9e400c09031b66799d090d6c870c276f	0x1eab4219d152848b8b7e6cdc6a355dccd9c471e7854a43ae5ce16b8be5970ae
random_0018	order	1726813150815	XRP-USD-PERP	BUY	LIMIT	2.580849001243142	94.2952625591042						258084900	9429526255	0x1a6d855ad786dd0b6db64060a54217b3ee529ce1c5504d866ef3e8c96834065	0x1cf7254d68b44a0eb48037696a936a86fafe5a57c5244f43ff4b89bc8373fdd	0x4d3af6c3b6b0e1cda5e3ba0328672357c7b716604a003bb91b8fa3c50f17b34
random_0019	modify	1873348150454	ETH-USD-PERP	BUY	LIMIT	89193.43151295402668	402.0303559757420	71135226780898230582					8919343151295	40203035597	0x6e9a75ae096d61b76429c4805c4d4b9755162e0e25f941ac6c4a0ab6c61848d	0x4e0f31e156f9ab74f188d0b2498dd1c5a6ff31b7ea231dd746b479530949c9a	0x23d714ba345c9ed604c46547dbc0a4ff646a3758bcc7661f85f3a97e35cb73
random_0020	order	1719415861878	SOL-USD-PERP	SELL	MARKET	71052.79344595554299							7105279344595	0	0x27e4e0f849a8e9337dff6db647cd3c1065d5395002824dde36ab0f66fce3326	0x5e53579de45d765dffa3155b3497d048d0225e8f83f14df1ce5ec0caf0c5537	0x1e97694725d65e61f73c375c298be4e0b994a68e4495ba9929eefe568216d70
random_0021	order	1887709046262	ETH-USD-PERP	BUY	MARKET	0.02445931377653							2445931	0	0x5804dd2d0b2822c937952287d544b471b8aba344b504154b005bb635d88024c	0x408c6715c89cb2c6920fe89516a219ea4b8e1ac13b7c04dee6d704fd6f5d0af	0x4d62c80dcd9031e763521b94f0c405969aa1ab2df383cb204e6ff943e2e5f08
random_0022	order	1810590038463	DOGE-USD-PERP	SELL	LIMIT	299.115054250435033	6.749259700395842						29911505425	674925970	0x477e41a54c82cf29ce8e5badd0aa452dcbe81d3b0f689dbd424409e6273a083	0x582074343007bee0a83a3b2a68c496642b4723e487d0c3a34321193848ca0e0	0x7d1f357ca499e09d63750f6291fa9f7fa5a47b2e1b33563cedc770ea7964573
random_0023	order	1721797210405	PAXG-USD-PERP	SELL	LIMIT	1.2914830974	94.260275745467417725						129148309	9426027574	0x3ec12a87b04eeab85b7395f3d9e53f41ad8995e93bd02aa8b070d4e652ad336	0xa918687c6d0a7476e8ad2c33f27883e5c3ccc672c66c06d8b3e2f0d87255ad	0x20af742f069b041bfad14dcc4315e02e9336a7e5e6051a680732875769680a1
random_0024	modify	1856637018596	PAXG-USD-PERP	BUY	LIMIT	3.50720512524009532	8441867.77558976887615825	3065572737233639917557					350720512	844186777558976	0xd0df51ec292f58f78555bcdffbc3c6f3249f0b12a1192aaecc51676342d557	0x5f3b3836474eb7689790d43a823354645ffe5ceaf13663922673b938e55a96c	0x6235cfcbc62ef05c2c0b4a32df0a07f559fec1a360205dd906411f1e22fb8bc
random_0025	order	1776566695772	XRP-USD-PERP	BUY	LIMIT	29823.85197271515	408.153753922						2982385197271	40815375392	0x5870bac47c3b01e92c018b8734c6c01c239756221a88d802c9bdef8895fc748	0x7f5b7c30754f8abf5b1675e1ae6cd3705f03708274cd8cdfab84ef1d6c9e321	0x400c7e7c4005470ca3f57d4eb050c96dba8f700fed33139cb65d459e66d7ad
random_0026	modify	1752546883819	PAXG-USD-PERP	SELL	LIMIT	721544.80340786504	77.13220909757683173	56647154618520865681892645					72154480340786	7713220909	0xf45b4e8d7b46771ce4cfb00087db55e762210a9b91445eb2a371a94606ee40	0x5928154abef99751f19f24f4c41b6d518221b2aa0dda4b1a28443494bd2bb7e	0x7dbd0b30bb89ab860f24cf8e98d246f7fc55070a31767ce00cf4fda8517abfb
random_0027	order	1747233156383	DOGE-USD-PERP	BUY	LIMIT	314.191241230304994513	0.3630531707558429						31419124123	36305317	0x553f383cf1b794a015a4d553e452f7390453b664677e455f0adc77eb11ab3d2	0x6ab10ee41beea96687cff5d5b22b59b75747e1094bde365e5a8f5f178d12769	0x6d5089ac5392c849f6811b5a0575cc3e3033df77338f5217c6e0804393096e7
random_0028	order	1796994431588	PAXG-USD-PERP	BUY	LIMIT	75036.623711868705583	6738.014118399976						7503662371186	673801411839	0x4b88a471f59fb90dcbd518801c5c9dd92fea9c7f61f3085bcf79dcc49cf8a55	0x733cde84efbac2ec66691ff104a65086778ea233db12f5c0cfe66ad2a9f59d8	0x2214c060a43253db5f5052008b10ff061ff3908e60e58e7ab162ad267dd7d6c
random_0029	order	1834636852946	BTC-USD-PERP	BUY	LIMIT	47564.689434187	1150.347406028827651						4756468943418	115034740602	0x21947e081258218005ef21b89acbd75ee99438d68358d609f036dd8ab007e3f	0x4723044c6a5706dac15fb04a2d8bbf21a6e63e6ed1b0c7dd012295ade70e73e	0x5c0945d13ca4c348456c171fa9b9e487278c5b9253d8dfb992f75caf0f59d6c
random_0030	order	1781028103185	BTC-USD-PERP	SELL	LIMIT	20325.47223400484	24143.705168394735						2032547223400	2414370516839	0x68cf17c16169736a87f60454f9c457e22988dac64b75f1188460d1acde72a48	0x7c314dec7931ba9ed83198bc7b06ebe65ba998911d0a724e15156a587c1aa45	0x6022c053ae89bb1bc50c9378b4f62ec0a8ceeca89b6da3873569e6fd6abdaea
random_0031	order	1881797530774	BTC-USD-PERP	BUY	MARKET	21931.790445271							2193179044527	0	0x14f5835a268bb12a8736c8126df74ff3dbe913d619a55a6a01a14ee9e18b7b5	0x2d9c0ec38daaee747eff3f5de8e90f32ec3a464157171d1537c24e1e30cdb0c	0x4d295c24d0a167e54f42a5c1958c6f91a8dc3493986a341311a9e21335b7036
random_0032	order	1869716709548	ETH-USD-PERP	SELL	LIMIT	725.8012528925	7.2890485625						72580125289	728904856	0x19b97eecb1cedf9199ad1fa3910a052f7f65ef00965cae139eda1d61dcacc14	0x62579af2528fa3edbc0412583f7d004b44cc988666b8aba28131ada036cc279	0x7ad732fbdf29b0daef6b06d5a8b66ab23a4bfce17362174269a592d4db07deb
random_0033	order	1748535765820	PAXG-USD-PERP	SELL	LIMIT	3.724078660657880	737.867220228855						372407866	73786722022	0x25ef8b27c943643ec6f9eaaeececbe31823254e5f1c432676927b2bfd87f4b4	0x368ad01107f87e1e35214450cf1d68697248a668516ecbad84151ea5fd7d457	0xad66ecb0dc863a3df803899e6a6a6a11d421718aacfcbf155f70153861f547
random_0034	order	1895057063501	SOL-USD-PERP	SELL	LIMIT	36.26108523995615	43436.3753320512006						3626108523	4343637533205	0x5b29a4b8f4aea92bd905382c6edd3af1747449770130518246598f5bd809ca7	0x667139b1601f2704e2eb40fc6c4d77df2134416877673b058740d182bc92a50	0x189ec0fda777cd2f5a08a3dcff0914d10cd29fb559ee538e1f478611c536a05
random_0035	modify	1808015722928	ETH-USD-PERP	SELL	LIMIT	0.0740106162824	4347584.91868796553	96878136644953499389758219					7401061	434758491868796	0x3ef33b13a4b4bcfcce8a90c397f62114a54307822cd2e0970fb5671d55f1de4	0x4858c3cdc0ff2a79901d331d2dbf2656bcabcae6641ebcab0996c9cb7176ce5	0xb0cc4e9d4222bb8a7bf6b388551ff1a894dddd375f02fa61437944de3e4bd
random_0036	order	1845623980436	HYPE-USD-PERP	BUY	LIMIT	7934.8075812307690965	33306.96366970482						793480758123	3330696366970	0x1860aed9288b16d11cade046a529519f2a6fc1dbcd2853e8315981bc957a579	0x7c0b844e55dc700484b230dac30f76af2916c0ef8b671edd29a729561f7e613	0x3747b806c1a50f739002df578976b097801e7050b79f6e6a615d014888c803
random_0037	order	1807479034012	BTC-USD-PERP	BUY	LIMIT	0.1862580744011733	4.294890840						18625807	429489084	0x64f41136e6d53b83c60221782b199f7339373f785baf4e32f3945740465aee8	0x5641738927573a85b2deace5f2a78dbb19744b3e6a35ab00fa95037db66f5ce	0x7482a1e3f0302741581426aeac105a4ecade0bcb907086325a8d8075eb0040b
random_0038	order	1791973441165	ETH-USD-PERP	SELL	LIMIT	32.861242597830163	663166.622090450686						3286124259	66316662209045	0x64f2da2d5f436020ff69e4118ca5bc30d483457f90f5d5a848db81e7ef1165e	0x7ec409af8a01a66d25294f3b46044b627bb35a7ddd5bf30bb6a9154328a0466	0x7ac5fec6fc4a363ad6c4dd7c1b1c76534d2258e61e43e53fe1b47604879b45
random_0039	order	1841297585645	kBONK-USD-PERP	BUY	LIMIT	417087.0527326858	123.77810834094713						41708705273268	12377810834	0xafcb0909261febae6229dc191a4612498b349658a38ce4276c1078e3f3e57d	0x33a53d9186cc75ac7af9a15259527bb7031e93aa72c8d1d0408d05b735027e	0x3b54fca4ccf5bc04df1a01a4a3198132374a2ec3b19923e1c4411468aee314b
random_0040	order	1742860655642	XRP-USD-PERP	BUY	LIMIT	53.548660343739447	232.12100286955362						5354866034	23212100286	0x40023abd0084082abb09d687a7d2d002e2a020c664d2fa8fb45f1231e10f37c	0x1fb84eaf68ff47e1c899c304f6fa242cb2ebfdc84192ec385e254763d956654	0x2d47935fe8870898cba320870583e591e9fd975504111ac8585349d9e2c74c3
random_0041	modify	1749714821873	PAXG-USD-PERP	SELL	LIMIT	6189.0408199192	72502.4478541994	27338880410043685485743400					618904081991	7250244785419	0x6bafe458486858d8f6e8f8299f49c1616418d432d3b084e5559fe1d1c4b8bcd	0x26a0721032d15bed1fd787798513c0154444ae6bbcb8ea31a01c4544609c1c7	0x3241123049930263b5c203d6de20e9282da4350214485081234373d8055514b
random_0042	order	1756390923283	PAXG-USD-PERP	SELL	MARKET	6.566643970784980716							656664397	0	0x3ed95ab61ceac1d52a348744632d5b97ce6bb5b5c2a65930d89938fa025fb44	0x4a7354dace8c707579296c3d8b41673255f8723c8145f78e77432c73def636e	0x1ab0738ea6b22900923d7c32bc0d86bd53eaee599281e3e27a7ec9b9d3f5538
random_0043	modify	1895725536255	HYPE-USD-PERP	SELL	LIMIT	90373.37113847132454083	0.03111850164955	44391061148673009417					9037337113847	3111850	0x4acf14c167570577cdea2d7f60c142b944a58d27a4b3a4e5450c51172a5d2e3	0x74c8ce490858f1f00362684ef6fec293e3117efe35fe60afd9a08da5a64ff76	0x74e456bbd92bb158b24afa2fdc7ace4bbf095b32d9e1bbfb6ad740f3137519b
random_0044	modify	1851516787115	HYPE-USD-PERP	BUY	LIMIT	319.4848039980	7.747148915887	77585755025197027671789597					31948480399	774714891	0x6975f6c28a753961b98aa78de2edb21356ea6c5fef89a7a8360de272997c3aa	0x44bf1bc6f79ba256d868f86771018e798727204d3d5dd92440549ab6fbe7188	0xad2436ba6b4da62d0f335c873cbe818e5e679876271b8560b82ead92ac96c9
random_0045	order	1838047033689	XRP-USD-PERP	BUY	LIMIT	49.191587238	0.8393087146795						4919158723	83930871	0x10dada9fb6d4169a12c34fef2ecfa458d9c7e862dd89cfae0eba4a1651ed2db	0x33aedc5e8812bffe4e5283e626b92c541a77ecdbb3958029c020595017f95f1	0x451eabb5c5cae1e748ef5f5a6b2a71343cd8bf67762511fd67e01af52241c90
random_0046	order	1767205633363	SOL-USD-PERP	BUY	MARKET	0.8214834286							82148342	0	0x39c6181ac4723ca9432ae7b9b7b4efcf3aadb0c44733356d8690ff3ffe59f94	0x3cc78e04fd8a0f23d23ee0aedf6ce3871b0a4269dee07b3937b3b2a69bafb43	0x3f45b5f79abca2a069176dc3febcd315e6cf6a4f2a0f9cc4e4ed55b92882583
random_0047	modify	1806702539476	kBONK-USD-PERP	SELL	LIMIT	359497.7242521839495483	684528.3420027065	8290957236557115064390850					35949772425218	68452834200270	0x96248fda4fef0129c3ea11c7a9d091a3e0d0f9cae654311cc13925f24a700c	0x12ac534d1ced689708b30f4770c8691a3a79414d2343f6bcae59b40dc26fc3d	0x14f0fc27102d148dcc322b882d2d902f3e4ac030944588b1713cbf0b97c4900
random_0048	modify	1885073845052	PAXG-USD-PERP	BUY	LIMIT	396620.42743220506436	4.13641158657	7631890906354649228837					39662042743220	413641158	0x6282177007bb0abc128d2f95255f10644009aded2a7ca3b425d15f959142a48	0x5f5e05956f46d4a5d8dc22b33ffbcc606fa0418c98a71b65a97505a01b7b08d	0x4d89fd6986bc5d1171ca9951a9d70ce6ef22ede67db7c02dcfb050a3f804daa
random_0049	order	1859785331849	BTC-USD-PERP	SELL	LIMIT	145447.984208391325305770	49866.7926684787						14544798420839	4986679266847	0x53732e655b93be2ec35762a813f9fec82d8cb7cc0a4331a1131f1f5cfd16c5d	0x17ec598e597ec142360db80b45fe389a8b693663fae81c16534c19fa21420ca	0x6ff93f0b013d1556d6d1e6b9a60c7d122d9814e72eea3e84f9455bf466ae292
random_0050	order	1825152136630	XRP-USD-PERP	BUY	LIMIT	0.1019589885555505	9.126238229506668						10195898	912623822	0x18b450c4336d383df4df467b49231af093ff3c5ccbbdd3ca5447ca001f38685	0xc48586af8521e4991aabf94b53b5baf8ce542e66e03ca009b3576e16421789	0x6451f853591c03d1a2fb394779d6bd77db4a2ed9364a49f9389e5276e4c2b1
random_0051	modify	1851335428460	ETH-USD-PERP	SELL	LIMIT	224.848119478	1367465.262548399600923203	3630353652450044603854					22484811947	136746526254839	0x7bf805cbee8f75d44a9de1231867704011e3018be7048f2775077e541accd0d	0x76464d791b9ffb22cdb5dd88d152703c52b16bbf21c43d2e3b9dc1042da7d92	0x2304334af8d4d13b728aa6447acd457fa107bd90a5ca4ad48cf058a9ac0b8f0
random_0052	order	1802481939495	SOL-USD-PERP	BUY	LIMIT	0.14554314237587731	4440.989953153338						14554314	444098995315	0x1e258971b2bb13a5da9dcc04e6d142e8391283ca7f55fafc1988b6e821a55c5	0x34893c290c86d38f97b5b84c32f9cbf5eb413c0bb47b60a6fd168522690cd3e	0x3f5d476fa2d0d1bcc91208be09fadbca1c1e2dc1fd53a85d1aa93181b76f027
random_0053	modify	1758106543314	DOGE-USD-PERP	SELL	LIMIT	262506.360949610513	0.8903236280980	842727256660286812996542513					26250636094961	89032362	0x6e3f54cbf7a46bf38242a8890d9f92ab6809285a34f7007f04b217c412ef866	0xb7580ce30b16422f4c0b2ee32b2272107c743740f2ea1aa2ca3483d2d34168	0x88be15a2cea59a45a8270a7ea2a80f01ed4d42fa319235cb52946df489d483
random_0054	modify	1719491079545	SOL-USD-PERP	BUY	LIMIT	2.582221479180642920	83160.947030828	256631380529017267061950					258222147	8316094703082	0x3350e58da87ab35cf0718643660220122c65fcb43073dc29255757b058bea30	0x1f9cd51158af17d42729248c69b303342c86935d3c0318b303521d4b9c8f23a	0x453b1fefaa9932c210a2e662c903c6a81cde07626d4234309635eef03bd36ae
random_0055	order	1747523220420	DOGE-USD-PERP	SELL	LIMIT	80180.6654183134471240	680287.35646107204						8018066541831	68028735646107	0x14835e0bd16c6bf76f40e6de46e5d6b79438f528f8950c95d40c919c15bc6c3	0x7c3881b3fa15c6cf87976191955bb4a1ca52b9b3ee8cf24408ba3d80a231a6d	0x78e0e4ca254b40903ae5edc47b1c5c0b4fbb3d0c016327063ba5171408bd762
random_0056	order	1823786247970	DOGE-USD-PERP	SELL	LIMIT	50958.7548300567110110	9954.40618201038522736						5095875483005	995440618201	0x6dfc336158f06837345b026f78f9c05207e8c76bc7ea96437671a59b298d804	0x7b5ce5189e5b2f38fa255c336cbaa754bc9f77b3820a45f9be0c5177e44693c	0x13f5e1c86e0506b65e9d7887360f1cd090e2b23b5ebf958273f531d9b9a295a
random_0057	order	1876679644363	SOL-USD-PERP	BUY	LIMIT	882.7258499040935748	5.4972982180236						88272584990	549729821	0x5de64246121ad504c337a7dcd55a24dd68a5ec92dc1aac000ad6d98a8e68020	0x6fd4b211a214448f6be3a008871208245b324f27368de027e2061aede72fada	0x7557471ca42d654a5964b8cf6b83dd6ce6f2fb56b7bc65b301ecedc6fd6d85
random_0058	order	1821965384076	kBONK-USD-PERP	BUY	LIMIT	18678.10650727701237	153497.861743117578440						1867810650727	15349786174311	0x55df0779f358343d41c5e411af2290debcdfdc7674dde4d5e78d6de68bdf95a	0x33cba0859dc4855e7bad5cb4587dbef1fe5d02c4b986489bd89462f6095fc74	0x78380479baa4036527b313c9f35e9bcd32a0d3b2b9a8a755bf2c52dbf4c4c3c
random_0059	order	1799690866094	PAXG-USD-PERP	SELL	LIMIT	21.235925634031756	795.29752084623302372						2123592563	79529752084	0x28cc862ab735247c6e3f258ae3ee983be9c06d449b9eb09e253e7a6ad164266	0x316971e68122434ec7499a35476f01c570ca17aa484eec41dc74bd728fde513	0xa728a931f098308afe368b8061d8261ff3ea8b2e3236a5ab7023dbcbb5097c
random_0060	order	1773913801456	kBONK-USD-PERP	BUY	MARKET	4335.770645253423							433577064525	0	0x2dae5962a698419db86292c3db5aadca5b87af9b00af7669a2e8942ab3f28bb	0x7cd5768780e9b72478ac9d74e1eff7f2d3dcc6602f22b2b9571522cf916aa18	0x699fdb40ac002a02ec41340fead0daeda9c339c948fc4fa47812d9a0c2e9216
random_0061	modify	1872329744179	SOL-USD-PERP	BUY	LIMIT	397.9571212041556684	6869.710394374261	2576723171372235829222102					39795712120	686971039437	0x6b4827bf53fd52f633daf142d61c64ce33172e9e7833463091731bb8303701	0xa01771a4634a4d4dc6c366f31f372e5f360b3538fb9099a09daeb0fbbe8ed5	0x4592c7869401d9f31ed5836ed1f102fad42817f6ba1487497db3af028f9b3ae
random_0062	modify	1784930748410	XRP-USD-PERP	BUY	LIMIT	1500.9157544781515607	843950.8457053820334479	45370654340694248108226					150091575447	84395084570538	0xcabe253c1dcab50ae541239535afa5d377202d870887d3a620c0eb68ba7994	0x6965c8f842191acbe0ec70453b6276bb7fc9bf0c6c10683948f15bd74070251	0x5f402eba9d32e374e187b5cbbb2b681a6ef00794e6e412947a568e06c4b909e
random_0063	order	1825524631691	SOL-USD-PERP	BUY	LIMIT	57556.874477645	2.397037959542639						5755687447764	239703795	0x3fbcd3c620b07a5890497b15ee6c214f4386e3042c9a202122a7d806e60baa7	0x6f1496a76b4c07dc73a284682fcf698db5785576027cedfbaf50b3602b276f2	0x10580f33506d3c4a38dfd82bd2707a8622ef2c679de2d9529495417005cba0a
random_0064	order	1804163839487	ETH-USD-PERP	BUY	LIMIT	2.0691953588	41504.76122262283252						206919535	4150476122262	0x46380d98e07db2c6fc801694483c3239f542ba99e4048f85af2ec7690c4b3f	0x3568a96555955411bb3fe67fa0e04e7147353693a287b3cb47c60ec97ad3cee	0x22a89d4c27dafbdad13eea4624fff5a9dbc5f8f0a57351739c08f5975f4ec32
random_0065	order	1767531851543	XRP-USD-PERP	BUY	LIMIT	541.380278236666917254	88808.3826096763						54138027823	8880838260967	0x1346acba7e4cb6287a3255b1e618020fd39fd49c590d7b307bc391792662ef9	0x6effb11252727714f62a3171fd571f587882f1c8546047f80db3920889030c8	0x67f51ed97ea985a2dd6efb850e750581508b3a08c0978079522bbf0d73e8bb0
random_0066	order	1770312988277	HYPE-USD-PERP	BUY	LIMIT	0.6223746830918	628.451039654647883454						62237468	62845103965	0x73746ec77d935d168e3b48a41605ca5b5761ff169f57219dce7914edd5dd004	0x7dc7a3caeb22bd10e94a17cb7937d7779388d8fac348c6256c757136fae57a	0x47dc7fd11a99abeb0bfef5be9825a3af3c088dd36321e7f548552194e8f6723
random_0067	order	1857962790197	ETH-USD-PERP	BUY	LIMIT	90872.846762512518625	9747.216137219						9087284676251	974721613721	0x54ceb855bd711a4a11d13f1a5043658b5e73d70755d29ddd6d7974e17568cf8	0x60657a601c10ea7b158bb17a1ad0a3fad467cd96c5e6254bf5077142eb974d0	0x74d16cd98e1d9d3b5f8d1168bcaf99acd6df03cde123b79d3dc3fb23a0e8073
random_0068	order	1830358550890	XRP-USD-PERP	BUY	LIMIT	6.979900212746790099	0.294877477422143						697990021	29487747	0x560a05433a76e024d8d56ea7e559301d9ddcd5a4c13ce42fcf68b34cce2f129	0x678100e093c77306c9b5fda431a7f1c91e74745496472b96d59a064e208e464	0x20866cd7f3528a54c58f6bdba7dfa8ac4c196fc8270e093ff1f4d44e821f207
random_0069	order	1766740711005	SOL-USD-PERP	BUY	LIMIT	9.7912367713478056	3371.35389168216943383						979123677	337135389168	0x3f06af1af625b9c2d58f102953208974808c3c3099ed3b643d527df7ed4183b	0x1f196d45afe1067341b6cc0e3af7b2820aee1337635c3ee18a3345ce72b4fd5	0x2d31827a89bef00a7f3755ae56b62ae9cebd3d51b4bedf64bf1153d483e0b86
random_0070	modify	1712373987149	SOL-USD-PERP	SELL	LIMIT	0.8286306396866269	2822.84174261220561	54109183686810700119755					82863063	282284174261	0x92bc522a162c25b6704ecf0168f485576034319ba02de177e3a5dda1a5183e	0x29e42c2ba1423a239b433b1c239bb4fc002726e59857693548773e15a0bba13	0x4c11cd5e006b982d5004be5c73400b8634f91edde89f7ebe61eacfa40910476
random_0071	order	1885934668773	ETH-USD-PERP	BUY	MARKET	775.46640469362677							77546640469	0	0x2b5bda757c86fa3e32674451864a1c8c830a192ca2fa6e83937967657396648	0x5d1008e53f90eb672f2f446c98704eb668144848f3aef9f24c8aede59f46e66	0x12c48bde5d25bc8da6a67a51656709d7b3ea0042de10ab6280570e0f06e4764
random_0072	order	1721767510679	SOL-USD-PERP	BUY	LIMIT	0.121417548096061950	404723.640553348857						12141754	40472364055334	0x656b8210a4bdd2e8789fe6df58ca0d122976b9e7e8711297d39c78dbb307047	0x34a307195436fc7c94e3c4d2f32117f23a8ff4923ae50c9e5478ef05a85091c	0x1d6b0d5f52b2f892e8cd2dc4cdd989a5022fa7dbe617c749db55b2c3bc2a5a1
random_0073	order	1844914592037	ETH-USD-PERP	BUY	LIMIT	59186.438915376515020	735.135352206661272325						5918643891537	73513535220	0x14f3613d7d50c686a8fa26d6f0c5e1d08a0010e047e4422f53ea774e28660ba	0x623b013192af91fb56694d4248a3ef6d26cb05abf0b130c5e170c17af4f7b51	0x35435098336eb8dc4e1ac4437e9840fe68e55cca2dc08f79d2e6863974cf9fe
random_0074	order	1806456296095	XRP-USD-PERP	SELL	LIMIT	1975.657333122	2692.7252743353702						197565733312	269272527433	0x5bb25795c463f0e4be73257d1fe4c5889f42c49b03f5f89b14188642cf85243	0x256e250d538848477a0e29004bf56b1843a4b5ce6363c34fd93acbb6f715755	0x6121d1c6f4b3b29440d6c7742eaf383fa2a614b9565f1157fa7f6959a0152b6
random_0075	order	1786888537522	BTC-USD-PERP	SELL	LIMIT	66305.22903807749267113	871.7859778353						6630522903807	87178597783	0x304e6ba5bce927fc5a5aaefe53682d112dabddfdf87b0fa0a1dc71d8514de4f	0x2500468fce6e40b882c3147b2f7e7f2d96d7f29da50b5087d12ee10431c0a72	0x624325b3fa0a701a1786351aa6a21ff98619e375203920f21098e33ae1091dc
random_0076	order	1792863401090	HYPE-USD-PERP	BUY	LIMIT	8.726886741445883888	0.95078794248						872688674	95078794	0x4f06efbcd10a5dbf918e48cb9ad73db5ab2b4a2e7b57a208c75cef908841168	0x29c2c8b067a0c0bc42d926c98bbd1074ffc4e26285e07625e1fafccf0548a9a	0x5d0e52609516dd842d0927c83bf58a74f555025a5a8824e54cd4b5f3df24aba
random_0077	order	1723027033450	SOL-USD-PERP	SELL	LIMIT	30.779374284572801669	2588632.099537806794430						3077937428	258863209953780	0x3d6f911b58c22450b0daa51c8a534af70af8abe3baef82dc2a068c829dec600	0x76577b25d0090f5e8ee6e579596d7de7e5302ae3a7971bdca9ff655feaf69c8	0x5ac8da25280820e146a267ce722395942daaf886fd232499583e65ebd79c3c2
random_0078	order	1847520643378	PAXG-USD-PERP	BUY	LIMIT	4.0384724801	0.4526198599						403847248	45261985	0x482e454f083e127f168caf2a50b4e7755ed5834e5255b3b676da9bfe0857fd7	0xeb8032a87b13c89668f033a1405eca6aaad4fc7da982bd452c11716b4c1aee	0x5a864ef78747b264c6c612d385e5220d116cab020e1f00db970ad1ab1f0c7ab
random_0079	order	1818764871704	ETH-USD-PERP	BUY	MARKET	84462.051441888							8446205144188	0	0x17ed0a289d3e3916cf44460338d41678876a43956a4b6af6820b30adc1eb591	0x2542da6bd1ec0c7a06fc4401975e0f509a4f71991899e19861cea9a9d3f0c3e	0x64e77131165d2acb7963fea31260eac9e825dda4264509e22da09a858871d36
random_0080	modify	1778620933907	kBONK-USD-PERP	BUY	LIMIT	0.84652401622158927	293408.30438754985	11139754830404546963282648					84652401	29340830438754	0x101139a965d705726c2a0d9b146867d99c3879f5ef9b655b40b09d41aec1bb6	0x3da5c0ebeb0911ad9085f1077b21c0aae0d5225abf253f0d60667d623c73e64	0x27f6a4c1c994a1d1e37a8e82f45dff59fac0675d3806db91ea546a3a00398b3
random_0081	modify	1767754764231	HYPE-USD-PERP	BUY	LIMIT	0.399773518313292276	116.380956765	235883131103061444977312190					39977351	11638095676	0x16cd7d93063121b7259255490b4a8b206fa1614e5781a9c3522160f4c730c27	0xfbf86e72e49b5515285df2f26fc597fda3d61d4f0585c0c9488e766b144ef4	0x39e3eface7050739eeff02eba70521905b09d37f61918806aa727b6ab21c1c
random_0082	order	1728703400090	kBONK-USD-PERP	BUY	MARKET	50.829556414167							5082955641	0	0x5d3bad32452a710a20f33ab8d55ef06f704c7ff3349ba35cd6330cb25076c8a	0x68941b9d5864957855cfe10bec21288b1b3e7cac3345f314426364e69069665	0x27f145442c77261e91e8f7f426b70802d14823214588e65487fa40cb24cd57
random_0083	order	1880362750215	SOL-USD-PERP	BUY	MARKET	0.3829021104218							38290211	0	0x7db90957a2d2a2bc8e0db3ed094b497f083c1b3c233801b68caac808741b6c9	0x446440983b555814bf4f981d962ce0ea68ff1bf0abe5101161c311304114c7e	0x5d3ecb05743863093b5a743c4741b104034ec4da6c7554ff431fcfb7818022f
random_0084	order	1836948034958	PAXG-USD-PERP	BUY	LIMIT	0.8872238171331806	3.636286364						88722381	363628636	0x6b19f542bbb66b991fcae3d97df3f4b98f34a9bf121583d590d5a281b947d4f	0x2918916bc49e95be69138b2b557c3ea6accdab92b23156f047fd8196ff13f84	0x61660fe7ef460cf1768201bbec953add1fe6e9639383f7f8121815e6aa1dfee
random_0085	order	1734646812719	PAXG-USD-PERP	SELL	MARKET	9885.65147646582							988565147646	0	0x756d20eea0190875c03d4380f5b3010eb44f27c91a153a84631d1fef3791911	0x7f7e1afaced03b27a1e274181dc17960c5efe7faa8724292de6e7807922fa9d	0x3699c2ef7d23f453fa572bf034ca209e9040702f59c8c20c5d114ce6fd9c3c4
random_0086	order	1769963567249	DOGE-USD-PERP	SELL	MARKET	95.8781562735890							9587815627	0	0x1852c1661bd3b8a71c8d3f5971b490265758f298e1e2696249068fb1c727904	0x62aba815aaffd8ebf1a67c580c89d323abf65814d7df39f4bf84fb7521b3864	0x47e40964ee60536871abd524303d10b154e91e13fb710a9be5883d638a9c1d2
random_0087	order	1828657091263	kBONK-USD-PERP	SELL	MARKET	14.594486515058260							1459448651	0	0x8157186585ff12c6c2a181199b9a7271a89fae7ee9ffb032b8bd824eee8214	0x7ef5ca1217ce5f00dde8ecd074ee73401818c1b0ffbe7e234ac0785da6598c9	0x7c1ece0111d4ff66cff8ee4bc7f9023c6ef2d8e2e7eb1bd38874a7054e6cda9
random_0088	modify	1868412308247	PAXG-USD-PERP	SELL	LIMIT	143.182241378097291	9417807.274580557009392911	10050174684398956719397					14318224137	941780727458055	0x65852191792a76904a5abf3e80686a9fa349ea87ea2836c0fbc408e268ed082	0x50d5d04916d278a4cf40479bd46cec79fa66ac22d17e258570c5a53c644662f	0x54b11e29bc7e8730b205a7af85b46c8057b3570b4ece28e908a3b192a750363
random_0089	order	1807586544025	SOL-USD-PERP	SELL	MARKET	346361.799700020140							34636179970002	0	0x350c7f21d3abe3b1e4b11c56d14d274e590430e71f10c01646f66649d6e754e	0x5ea43bca855e167b8299388237bcc3277e330f47c7608a192055710bc5c222d	0x53435a048f88efd6807a85f0eda3c96cbd7052fb0d0588cbc002997f452262c
random_0090	order	1831870607285	HYPE-USD-PERP	SELL	LIMIT	5288.89907004756931058	1.9515633045482						528889907004	195156330	0x3fd39c05327c376ad93d5f5bf4027b9efcfe65d4e9d98d82f0aba45f220f563	0x19189985b7331debcd6df5760a350bd8ef49f6b61463ef623eda7805c148565	0x6e2b68950d4fd4045d437f34f9cd0b558d0797ddc2efb3b4397ce475b73ce05
random_0091	modify	1883423962729	BTC-USD-PERP	BUY	LIMIT	3647.224120003727693	871470.2400776364303	99173119139391098993242					364722412000	87147024007763	0x58ccd6cefe3774a9f50af0fc9344cb9f3b6005cd092e1154cd728f8601da84b	0x69c2309ba47df65230f2399146b5d2da28beedc0b32c0e223e6eca0006f201b	0x77127b040c384f021b991805573abb45a8e520122a680ea14ad6c68aee17a6e
random_0092	order	1758530565200	ETH-USD-PERP	SELL	LIMIT	56.658358493578955	9.46841450943451						5665835849	946841450	0x718c3f5f61b29dab74ae01738e4630a24bd1c50a95400bbcea58510705257f6	0x66a0eb40426e7f31ade1b686b7853f0bb7ba828ed6d960be6ce19a4e159b165	0x15e65769b84ed4093041bd5ffc4eaa4b9cfe9e45313ad6cb532a9d3451f2cbc
random_0093	order	1854016605844	ETH-USD-PERP	SELL	LIMIT	421.7105186566123446	7.007373825						42171051865	700737382	0x6f28c24e1ff3e565695c69097616bed0a436d398a0acc479973e563eddb07b3	0x6be8e6fa7fb422be33a202326c744c7659317357769129d133881509f4a2aee	0x3f742922f993e10d5a7221fd288480479d48bd75d6632555b46e099ca29be27
random_0094	order	1855302931076	XRP-USD-PERP	BUY	LIMIT	347987.757206048139672448	603955.913178167						34798775720604	60395591317816	0x79f4cb6809c66eb22559f2d1b83fb64fd8b6074a131e1e21edcc0ac0e059198	0x430cd0c7708596019b7259814e8a8f93618dbd72db3e904e9839aadca766bd3	0x3c7a23f6132cd2d9c1eb1b672dd9315f42d63c4df562bcb54153ba0e1034fc2
random_0095	order	1713316703327	kBONK-USD-PERP	BUY	LIMIT	376.0671443369	5.9890314321						37606714433	598903143	0x2589aef74a690fd5f6883f4932eea75b552214e1c334c9dbecd6f0bbd066ecf	0x274a0795a2048a0842b8cd47c9a1f7b479a23bfc8c7d5a3e07fddf4be290486	0x5edc9ef7b24ecc8fef439f53cc0ebaefb1ad52535869f6cedaa00ffb871840a
random_0096	order	1744880354712	SOL-USD-PERP	BUY	LIMIT	1778.3059219675	177.0558463388616687						177830592196	17705584633	0x3f2f4946e9654fa3f52b7ead30e4d7c8d7a77d6c1e43dc42c5f259666db6a5	0x655dd380c721802a74887e706ea735fd23369f51a6e68c555783b41339626f6	0x18bd19b2a9db240ac5126b60585fa32cafea5ccfc382ca9e19982aa7a06c0b7
random_0097	order	1799421061368	DOGE-USD-PERP	SELL	LIMIT	32.7168685574403	73.364992653141						3271686855	7336499265	0x20dcbe4c528a5ea5c163fc7d073a4d8b4d9c69e6defe76feb6c238d6a93be94	0x404415bb05a61464c723aeff5c1ead639e8e24b65bf6df150236ec129199a43	0x337ffc56aab5119480485b4e5e56309d562c3cca89dc5622d4e2b5ac65f530f
random_0098	modify	1790499716272	BTC-USD-PERP	BUY	LIMIT	0.7526380845	0.25901577376442724	462637943495422012193295					75263808	25901577	0x73a40b632bd44f0e13b1f6254c3e894effdf5c6d27b3314d98b6b91d386acf8	0x3c141249b134d95541a3ea47e502610560ab68a4a6aa154b95d209d9efebc92	0x397b76ae4d4f290657ea66d08065c668e3a1cf1bad46ab5f4225cd006585983
random_0099	order	1776205780274	ETH-USD-PERP	BUY	MARKET	61.1892732372							6118927323	0	0x7b0df8883d93bd6e64994005e1ec6fe598cafa21b399527a161431b43365421	0x58a74ab93fc4c061a90a7c53a8917b1b2f439f882a198ee0ac4d74f469fd7af	0x8098a4b623ad824b8eaf5c529e1ea1362d566d289f33d35889995caecffea
random_0100	order	1876691583693	BTC-USD-PERP	BUY	LIMIT	4.55161350897435	0.787590073825572852						455161350	78759007	0x5e5be41bbf53bc3a010885a3983dc20fa6efed553ee42ec3ae81fca66c424ce	0x6e72c49f00089f0e52d86857020dd3a5bda7cdd9385d88f59d0445ae0bace1e	0xc854714f2cfa979482a6a810928ccac63a91049a262e4d0123ed3d303ab0b4
random_0101	order	1724929837307	HYPE-USD-PERP	BUY	LIMIT	646.499490591	5873539.4212598103899082						64649949059	587353942125981	0x405c7d1173817f8fc7003c80f5c990aef139c39323247b5341188c17afcdfde	0x4255c49f9dab36ddde59e886c1094c38d83363e3c08ba56ab0fa3a92c2bbf0c	0x48b046017245a8c6304078803757466fa63a4ecaa86ac705a469d7e9d8abd3
random_0102	order	1789283383691	XRP-USD-PERP	BUY	LIMIT	0.9068849919321	580.876724621583679						90688499	58087672462	0x28f56264cef98e14fed60941203273ae1c0491765a794c1da7982dcc5dd3ef1	0x4467c7f382b9088ab0de6fae7db3b357295eb916ec6c1385a6f14ab6e2a5149	0xe7e0ec420c388b080e23db68f44b66406d486402b1f01578fc0ec07d6bbfdd
random_0103	order	1787063147441	PAXG-USD-PERP	BUY	LIMIT	2.401668283824	213.66189642285254613						240166828	21366189642	0x3d006e89c33883521155be30252d47969c32cf4c46423c0f24aabd988b1f20e	0xf015162a1691c8bb60a18835823b0b32e0cff0ac39af6380fbe01fffb51da7	0x5725b73e589ded48d9116d04e4501a1d3722de0235037a46d3088c59d99f1d5
random_0104	order	1779302573025	DOGE-USD-PERP	BUY	LIMIT	98.573007956744053	9.7460027594223						9857300795	974600275	0x1bf11a9cf81db77ec3652b6178f82b3bfcbfc841bcaca5a8405d6fc75317420	0x5d55ad390071b0b1fd0baed72cfb6fd594fc6b91749188219758a5219119e3e	0x3d5df1faea6065279fa868a5301f6481f27d5aceb36c9368d5a470a40f73af8
random_0105	order	1854666602068	XRP-USD-PERP	BUY	LIMIT	10.41992691173	2.07986007008525						1041992691	207986007	0x71eae155e1b037b4a200426991f54eb13f5fde54f602cdae075aca8b61926ca	0x31efd5c6420d506210ba09598028201026fb4891a5e3bf034f62ddb25e4abb5	0x20c25e7d08daf21040dcb56e8e74959ed0e6b2d23f41879ac51ce6c57d68afe
random_0106	order	1884301312562	DOGE-USD-PERP	BUY	LIMIT	94.996600137033	988.8169700367057						9499660013	98881697003	0x36f4b0d7bfc9f8e60f5eb49d777d08bfa73ad36dca822efe51613ee12e77561	0x6dfa8d6a4ce02d2f29458853fe2e8b78bc10fd898b428f4d03a91a76b57ee5d	0x5c66e8400dfa3f9d586387477ab366bbc4aab09223851c8011eba5c90458330
random_0107	order	1724657562406	DOGE-USD-PERP	SELL	LIMIT	0.354895401563	283940.2460956053009096						35489540	28394024609560	0x6269915b9f9cd0dfb3b2b4e6b5c04d592cfade8975028e7a27adae9d4586e74	0x6f455b6e6ca6a02c5dc6ccd20c665e9167709fe808ab27d72ea0155d6890bc9	0x15e15e8e7f7ffe568d226d825d47185e5da16c006a5621a582c491f7bf5220b
random_0108	modify	1738425738425	kBONK-USD-PERP	BUY	LIMIT	20.6702435687	29931.965357035544041	2919298352604437908695174426					2067024356	2993196535703	0x5a25680022b0859213aed61c2f5869886a93c7b329402dd34b754d0f9c9715e	0x3b788cfd8e4660cba66f7bf2d6dfc6f1f22af3513fdc260af005d4f3f5229c3	0xb1d4bcde71d1720c1cd550b51f22a9f1b12a17207edbc6e0365775e6ae4219
random_0109	modify	1869899239909	PAXG-USD-PERP	BUY	LIMIT	0.996772168463125	21.93924932426713	7134947831290494398183552492					99677216	2193924932	0x380d04e8073c8dd27f554057a656aaf3f9cdf064f0e6234277cbe5a9b475cd8	0x8006f6a53fd3be4b5cc78bf3e4ed2affcbf929c2d0a37790708b912a938c89	0x68a328f8486abf8bfc1bfd14b8f669ffd7afe1fd9e6dc96e7fd67b8db738cf0
random_0110	order	1836445908366	XRP-USD-PERP	BUY	MARKET	96.0235423577263692							9602354235	0	0x1dbedfd55c3a5b21b13368afecf673b238d3e0a84ce02f1e28c5a3b755cdbd2	0x51b70b85c43608888fd37fbf286e2c5f0e68cafea02b0e4e293266d078690dc	0x54ac4747a4a46bab7e9924dc03782198b7b07cf8e34ae4212453f849d3cae46
random_0111	order	1890295201805	XRP-USD-PERP	BUY	MARKET	5.13864143923							513864143	0	0x49ee142899097451df2a8917059b21d8ee6f038262257b46c8742010254429d	0x3eec6be67851e48cc666e2b2dfbd4ded7749006a1f94b94d587f5c639755cd	0x34821cf63855e043f4c860dcec00d1b4b2f0a8609c99047f24d454649bf3772
random_0112	order	1760485623801	DOGE-USD-PERP	SELL	LIMIT	573.0623579314012751	23393.936598350990						57306235793	2339393659835	0x2e045a5ddd4b8f978faf21979b22218b7198e1a679cd0c0db1a4d10f2bdf741	0x4572fa95638523ec436f636dd646f008a5b4173168f61d2bf0b7763dddcc6d9	0x21a57770c9f0adee4c2326df8fd0c4342dff902d3127bcb494ed943ec020c4d
random_0113	order	1714356907274	ETH-USD-PERP	BUY	LIMIT	80.944201146	85950.9236399069						8094420114	8595092363990	0x726fc60cc088ae768c37ffb2fa23a32368e3cd3ffb7b9a1ece195466f4d93da	0x76364b1ae5ef555736dd645979a9d0b56c5673ff1d64fe7da3930ef24194021	0x2e18c309f86e525adf12d2571a887e2d731116a5c98871db26aa17e394c74a6
random_0114	order	1778514805371	SOL-USD-PERP	BUY	LIMIT	956793.14749829783451	8055353.773432766658223354						95679314749829	805535377343276	0x2115ae8e2111cbf473d158cd83886be27122aaaef97e1798212e8e0ed522e56	0x285d08c1688636160d5a614d0b28e64d55aa8ed4f0fb1f15ae75255e67e0cb7	0x4546d1c028044adf05b454cc01fcfd3d9fa75a6a8b8ac1edee67c980cd50a73
random_0115	order	1854045977526	XRP-USD-PERP	SELL	LIMIT	25.2973091199	68.537281206170159334						2529730911	6853728120	0x2d298b5ea369105c9d97462b60621f1be2af35d7755661c513edd5277e62fdd	0x2783338c31b5818aa2ec997394c876f5984a2a6c62b9a537d1c42222f9e7ca8	0x5be3e285ab81892ac4cdefa0b31583a467391c1b576ba2bf16b1a614699007e
random_0116	modify	1718004818939	PAXG-USD-PERP	SELL	LIMIT	1.64196096998427	7390395.36747322880762	63017775906080638394714023					164196096	739039536747322	0x63037568d415a6da6671ca7c56ee9e7ec8a53de122423c1c045c5e7f84c301c	0x78282179a1d3df98beb3dbb7104b24dbc601314b87ffe990b26fd11ceea94c3	0x2cad258528f9cce91e887f3f37cef51b9bfc8631eeb7c789c7786df6f80c6da
random_0117	order	1715041960485	PAXG-USD-PERP	BUY	LIMIT	0.654050863565	2329749.658728086364328236						65405086	232974965872808	0x3121095d763c2d663f7853a3ec4363f4a190a194ba99910ccc999d42a352b9a	0x59e4ccd31673c3ad8ec1db1e21fa990d239076ba0a21dac3c464982411436c2	0x5b7430b4075192752e11dcda9a0d72124479f1f46523cfe365fe0bd92569ead
random_0118	order	1730916805093	BTC-USD-PERP	SELL	LIMIT	0.442341501314657759	4658.337707529366676911						44234150	465833770752	0x409b9a4d159401171e9919ed0d3abcc44bb970d0650b2d3f5b43e0891e7b36f	0x712e3679a8ac167658a916fc8135a1b6520b9bb67bb3e36428bc1f12b8c1e1c	0x2260f52b4b44c301d74beffae26cdf9284428108ba24a243fb797a3d1881679
random_0119	modify	1731603841612	HYPE-USD-PERP	BUY	LIMIT	699.583381078458303746	86.87497328794305	67645195884156860707179763533					69958338107	8687497328	0x5edc9f3e9a95be38354cda3e4d0a8383da22e03917375d2528e839f35bdbd80	0x200d684e50e4f90c3b16f5acfd5e8a26f489fef618c13ce43334a2b302c6c03	0x7d283ae5cff9e9c38dc844056c8fb33331a5a1c20f7decdb788b206062cd91f
random_0120	order	1889571527390	XRP-USD-PERP	BUY	LIMIT	33179.4372360213	49734.465676105054						3317943723602	4973446567610	0x4a5b1d240a0914d09558dca5619ed64387c21c4a6675b54b7ce90c0a5a3117	0x577fd4738850f0538d49e0d0cdbe1f016f1478490e69506d5184f4e4c72c24a	0x2a54217b87026e16ad621151db1aaf1eb8905f6eddf10092b46f7d208b6e55b
random_0121	order	1889888410967	BTC-USD-PERP	SELL	LIMIT	23622.971089869456696	45035.57118397951						2362297108986	4503557118397	0x5cbbe655df5b84be7784adc06fbbe1a498dfc4e3cf8bff20ed9def4fffb061e	0x2afaacc2083cf81f623dac82d47e0e03b31adf1168ac43c3f8d13c3d3b1f2ae	0x45fa6434246a66c3496f4c7378c89ff823682e637b61b48e333f421a749925e
random_0122	order	1721095210097	HYPE-USD-PERP	SELL	LIMIT	6.5731092259	1849.99153356052532427						657310922	184999153356	0x2b5222ea3c120f2941ec37f97ad57428f35e50d28ebcf2efef09b764dbc620d	0x49b25efb16a48a895092cf4430471eceaec2e763c6a0b9d616e576ca603bd35	0x7005a296bc57539c45f46500f08e840644ff04410e2421eaf75bbf995c0497e
random_0123	order	1862988552803	PAXG-USD-PERP	BUY	LIMIT	0.275871027219437	72.093337361327903						27587102	7209333736	0x57a353e2296e09c1b5076897ec2c3ddd7ea1a48a94f4bb7c455c80b89e7db3b	0x5464532ea865726323020065aa0ea2e83988c007bf44d916a3fe4829d4ba0fa	0x669c462b730966e7dfdbb34210fddd04bf76336e5a522b2d5bf59f418cfe5e3
random_0124	order	1726454898690	XRP-USD-PERP	SELL	LIMIT	182.14164971919289	61.1844327945						18214164971	6118443279	0x7e73bec98814b55877366b24b4b4dfb77f6338448148e95f04104a07ac55804	0x7cfae090c6798036dfd9694fa95603c9f865b091b3ef6e5ee59247ea0680461	0x291c0f38902df2804739f238c4b4ff391a807ca06d3298b18b4ba0058076943
random_0125	modify	1764406156041	ETH-USD-PERP	SELL	LIMIT	0.524216809174	4753289.424447876374214	16740173340390825215					52421680	475328942444787	0x946c4f002d9459740310a52ff1e55642a683b8ff6297963fae85060e754d29	0x6023060865305bf5adc93ba9db1c91b7b993d52438883ce1563eae2a5096f7d	0x1d7a9430675b8284c0743f4e8a7e1acae6a9df3ec98fc18b83755319f778aeb
random_0126	order	1841299976904	DOGE-USD-PERP	SELL	LIMIT	0.43688171600741	561598.363124550947						43688171	56159836312455	0x31a4ab43cb91a32348d2315341153cfae33fea0b9175fc3a51b5266350e4f13	0x5bd775b1db7f50d39a43665bd44ac3f5181a5a8464f3972b7e95fe25c43551f	0x6553a3110371b0628f109400381de23d40a6663881f4d2b9a4fa9bfd52ef612
random_0127	order	1833267133707	SOL-USD-PERP	BUY	MARKET	234476.9678149687140191							23447696781496	0	0x2ea942bf310c84d53fca2a3cb3f6a167fa478b09731b804dc95bfa6b27b597b	0x6a32bed296aadaa034ce60b64ad5d09f5a72e5893072f5a9c0f1399ea18cca8	0x1e5c3623f5e0a9b1745ad9686ff560cffc1a547c8d0239f64f21fd7be20c46c
random_0128	order	1709486688229	XRP-USD-PERP	SELL	LIMIT	1991.2462677824	5.90166660920304						199124626778	590166660	0x665c250c2b433d61c8cc76ae68bfbb447d0b9746b18b137269cf708a5c91dd4	0x150c0aaf92375dfaeae38076d8ab98bd435b89afa82e336f2a57f1a90fd3ebf	0x33585f9d2ace9ed8e8f1e966090a281d446a86e5be6e5b271496592e9a4efa
random_0129	order	1896727306221	SOL-USD-PERP	BUY	LIMIT	2988.736948188	476382.777252842637369						298873694818	47638277725284	0x5334062570c49ba3b2e7d3f857bf30267946e7f0b73e391fdcd6c83224a58c	0x24ea307893a3d11c06ed68fd0b6eb5eafbb9872877235a32eba3ebc906d8f13	0x2d7fa762f49a3e7397657c5bc35f73ca41b3ad3b21a4c175b50363eb2424242
random_0130	order	1899137790308	PAXG-USD-PERP	BUY	LIMIT	1.8930649689916	5551106.921598956929677760						189306496	555110692159895	0x3c119965b0b4ee908848c995df5281677412a60e97215bb4708a766a83c5b27	0x17da601e4681208e5e4f558ed479af5c25e6e74334bcb5d9dccc9669f697bc2	0x48b3c70f3d8b9ea74248a26c2b4ac7830fc0b6de912ad246a0fd30f7c92f397
random_0131	order	1737449128643	HYPE-USD-PERP	BUY	LIMIT	3332.7031316365531	725.628762716365040906						333270313163	72562876271	0x158b9c2491438976e1d02d8bc3fc4097e588b91498c9965f1172cb03e39c745	0x139d04540c532498ecf533eebbcf0ca6c6849d95b5dedaa467e13e2ea8ebe3e	0x45829a76aa0fefef5cd324364a13af52d16cd5939daee2ef74f04f452f7d229
random_0132	order	1885978409628	ETH-USD-PERP	SELL	LIMIT	3.797472581254	61.928885950						379747258	6192888595	0x1ca0fbd290afc184ff9208100db32b454e7bbcd29020e0b928438154f0456c4	0x413a5d5a30ef9d18c2f7a569d4cef1494586aa05410005fa012fac7357c418f	0x51ed27adc8b6451c534a89c152cfff7b7ecf1911408f3a22d552f676f69a5fd
random_0133	order	1893748899031	SOL-USD-PERP	SELL	LIMIT	507351.3174229405	0.1784933215						50735131742294	17849332	0x17f29a5db90ae502ee2d196853fcd9cf82b438dfa2fce1228d242827929ea1a	0x2c765f8cddcbc805908bdb42fa2bde83ec2f26ad9932ef1ea1915ea2ccc7fc5	0x30fe9a95d4bdcfed01c0e4a13f73cff821981dddb5bcbeb223003e4bb834e91
random_0134	order	1763430248438	SOL-USD-PERP	SELL	MARKET	48.325951616							4832595161	0	0x3ac09b2f910c4c9ccc2b2b275dff22003b1a1b53fcfd33e06c79a368d380fb7	0x6622d45f4311be36455133bc712d71635f4b1737b65a6c07b2c05afc575ddb4	0x56cc6389df0c922b68c75c0b01d17122886c2b0b95211ed84d2fffd4fd12344
random_0135	order	1762571993631	DOGE-USD-PERP	BUY	LIMIT	5.845068407	0.5888239746274						584506840	58882397	0xf43513085fd0f80c0eeffb993c6bd9fa88aa7983a86a50e0e47add23fcdc3	0x1378eb9f840cf0e11adb2975d81fa41e4ceb8c288517ef6b7030e2edebacc3f	0x3d89c616e650db37a1b287d149fa43c27d77c787914b73ebf95911e69fb54a6
random_0136	order	1840505751068	DOGE-USD-PERP	BUY	LIMIT	9787.78170037260489497	34.8543172310340269						978778170037	3485431723	0x22c3397f70254668c4bb4b70d2a9d058f2e31ab184487adc063c77f320e0ea0	0x51b42ee840cdb9a32b8f4624f61aec776ce3f2dff0015758e2b1fb38b5b9ebc	0x671333b3fa1b6d9ebd06c5330929899a6a68730827a8c70ee724af2bbcb2a4f
random_0137	order	1729321887483	HYPE-USD-PERP	BUY	LIMIT	513.46582808698	911.7542119397504						51346582808	91175421193	0x4eaef48d907a5ae3d52b8b526f97cfad6f13211bfdcc87bad9b37be74ba2824	0x2ba60a8dee4bc05708af0c8039faffe60508e3c0a0d82fe88bc44b7e98a130e	0x213bb6b19ebe1fcaf14edea947527f30ea75f496c60e5946db6b03a60a83b19
random_0138	order	1723253526865	SOL-USD-PERP	SELL	LIMIT	18523.41423957885333497	692.6741927812						1852341423957	69267419278	0x15d7064a502001be2b79dd73e3fe10a848bccd2b337f26bf06d0343b76fd5a0	0x39d7d91ecdc2eafd6fe98d97321f262e299b43f94bca6fbf1f3dc5e9abc1d2b	0x57af4caf8425c717066349842b0c668d8575e98ef7a966db14d6430091ec04c
random_0139	order	1877746419402	SOL-USD-PERP	BUY	LIMIT	7087.6938183872	61.883718035745946168						708769381838	6188371803	0x458329c0ac369da13c64f65ab4de694093994f5bd70e8638f1d654ba658f078	0x338cf4d3ef270b40d959810a5c1e89446de3ebc9a67ac7251a1809a68fb180	0x1e96998d0dc63f716ac41a02cc023413515e5ab4bae30785b749a1bd7305840
random_0140	order	1770636460900	DOGE-USD-PERP	BUY	LIMIT	18579.41036526671096	0.1720673277159						1857941036526	17206732	0x2420c32e048c602c5f6f97314b5eb065a3613bdad12764e75fd708a79446b52	0x55e2eb230604bb36402a8f54547d9d19506c670b5f1ed983a95a0feb95709d7	0x79baf438f4c5acabd5b22da693c6a2642514b218171f823ca975af414fdfce8
random_0141	order	1845315661328	DOGE-USD-PERP	BUY	LIMIT	1373.936337001916185457	108722.227536927608956796						137393633700	10872222753692	0x303bfdee8d2945945cb00cdb3cd17aed0802c14c3deaf3c00419dcb22217f80	0x5b4cedc986a84a6e1197ddeab37550aad8d949a507b49f523abfd492c57107b	0x11b3f4f0a98dd8f9f978f81299f2d271c3cdc3ad1cc71b504ea436bab0cd447
random_0142	order	1703921005238	kBONK-USD-PERP	SELL	LIMIT	2303.3296569576729858	0.8875469450900488						230332965695	88754694	0x37f4a5e12b7696a7bef241d87e068ba250a90a31cc85275cfbf3c0ed88f72f2	0x664e9be709ee7775b18cf6d86d13626431e1def5ef298a9bb91fdb0c49ed76e	0x4ebe63fd36c641b91d00bbc13b890a537b21abe1dc5763bc4eb0b2d9a14f19f
random_0143	order	1825891800812	XRP-USD-PERP	BUY	LIMIT	28380.63362453569183	5804643.978136108						2838063362453	580464397813610	0x19752011731c3186b81176c1172af33bd110b7eb668d96b840a3d20149f7f95	0x14f91045a2e6249254e1b14e91010c4f34d4de8d1115a27b8885be7679b9208	0x3ebae209a05749f18ba8f46acc8d36f2ad93217dd5f5ce6981c94fefc1f498
random_0144	order	1832854886334	HYPE-USD-PERP	SELL	LIMIT	47473.069078192149	972768.106881410						4747306907819	97276810688141	0x391e959e42ef5d6b3054064b5ac471e9a5dc8d363f66690f9e86e2719b09af0	0x1a12187e88ddeb25a21a81fffc94077f8c3c1f3b1a2addbbc2e7ff4e70c8ca1	0x7e58575a4b0b0380bec7386e8b0eadbdd5fe94e645fc16c8eb6d22eaea4a939
random_0145	order	1713680351381	DOGE-USD-PERP	SELL	LIMIT	39748.286060562	4389401.50131467990						3974828606056	438940150131467	0x78d23f3c17a56262d7513a63f2fe3baa40f21097dfc9190942293a429e987fe	0x2e7a8315d8892b00dc633537f4f57dc99de2187b4ae1628ff75dcd152cc81a1	0x71a70566ff745951e68724fa5280cde56f53c4a7815b3d4b637ca73a60541cf
random_0146	order	1836304847987	kBONK-USD-PERP	SELL	LIMIT	9.795669020705	1.952611685865						979566902	195261168	0x6026924fb13135833ef6d18bee912162903372045fc8653e987f16de0bb8647	0x79f9b7832b2b22ff3bf97d54815061302546a80e6dd9644d8834be210b11097	0x16b33d188aea9a5472bad49459212e8632b78db4a477f0a064c951114d29b3
random_0147	order	1776296153047	DOGE-USD-PERP	SELL	LIMIT	965578.211761084010	0.47278149131791514						96557821176108	47278149	0x2dddce0a0aed12d87f05d832a30795852d1b36c3bc607afe447309f92ccaa05	0x34bd11b7ca8bd2c327d05bb63d306d9b52f34898c43195e0782b9948427637	0x344fbc9314342a860303dbbf6cad632d1d7b54c16837c0e9a7d3989216f10e
random_0148	order	1832788899869	ETH-USD-PERP	BUY	LIMIT	0.716613912	4.30591800652158						71661391	430591800	0x68d0be34a403b9d595ab061f3250891c2e92807cf71e3be360bcc933798f938	0x2159f2d4af0c8dacf1c35d2effa65a2a7193115cf2d6dfb5296b6498a335f25	0x4a0f19444a9db261ea957ffa1afb2b2ac1e93d8980923970102d6a549ba627f
random_0149	modify	1889978678284	BTC-USD-PERP	BUY	LIMIT	2565.9051653383914058	34.56750307618056927	7779382952562603705541					256590516533	3456750307	0x27bad3da7e2e862a5eba7ff9cdda5ab465d25292080f324a7caff9b7f620c60	0x3011d81f263904ca0ed7dd3021b60976f840371224504db73bcebbe12ea0739	0x176d7706a0b2b65bd558df099a4bea5ec58fd0bd5efbce6c97bb798ee872db9
random_0150	order	1766352900315	PAXG-USD-PERP	BUY	MARKET	9603.38166066092996							960338166066	0	0x4b2ab1287bf23396e35c2ff8e83e938e40dd5145d35f3938fc77b362a0d9a69	0x3a199aad67651218dd02a64bd169f90c23fd9b8c919e71e8fc617a8cdf188b8	0x47d3d8dede1c92ac6ded2bb6132d7cdce0f0c5f41e6a51d1fcd8c44be1cb387
random_0151	order	1882293684364	PAXG-USD-PERP	SELL	MARKET	989009.792518292054183							98900979251829	0	0x72112ab8f7551e74f9b36b0778cb31ae35c88b59efa06a91ded8a4cdf35cdc7	0x1eab40623624f95146b20a1837c69c1165d42f50c7ea22d1698f54cbc650a1c	0x5a62fbc77a745bd4a23816fc1c7864790152db5235ddb643d6f53b62b24b081
random_0152	modify	1790787950983	BTC-USD-PERP	SELL	LIMIT	874453.35937350286005	36.6800986892434	26328203271085836237827					87445335937350	3668009868	0x1b19084a5b4b48e9feb94ff6713e2b88f6aedb51d38ad56dac74d6b9705da6d	0x72023b4d28955bb57289e274cb176ad5ea6bf4e9bfbcccb5520c91d358c0502	0x451472406c400df5c173ede96a4c8ba2d8f877cc25431c31bb5e089c5d37e50
random_0153	order	1889239040489	DOGE-USD-PERP	SELL	LIMIT	47207.717827965	50.1821441905						4720771782796	5018214419	0x6c8dbeb4691293bf7d2fae8b165e658a2cd6570ecf04898f3e4d14823df87cc	0x1505148a3bf08c73d749f10d6a78199f76f16befbd71a6763e641d6c8852393	0x2c4e72e8339f6377ea686519ada5e15267cfce037b818c3f5ffda725a22445c
random_0154	order	1859404246559	PAXG-USD-PERP	BUY	LIMIT	2735.719550332	66647.887456691206326791						273571955033	6664788745669	0xb8619af8e601f1dda843e662fda1a92745b4a1c48208f2132c389bb87d4ade	0x105ef6aae8817abe86c22852705d9c389bda6501c6c1335f6ee2433e3d69c75	0x126c5c579d66f696c4fb56a565d70f9628b061e3b62f564450f2ddb830c6e2b
random_0155	order	1750210419246	DOGE-USD-PERP	SELL	MARKET	27.862445403							2786244540	0	0x7795ee51ed0f0dc180cf63d5b6c54acaa292bd773de3ac8fb00fa47dbfa03b5	0x1b971ffcae0aaf96d167ee79fddf6e923dde0d455eb652ed215649e33496d6f	0x7a7ccfbbd0da9964f43d53926a72e84c3d0a2e2c81f5ba65ee7e68f034fe2c3
random_0156	modify	1829250915484	kBONK-USD-PERP	BUY	LIMIT	297214.1022254131	8232584.49694221025262931	7453095242930169150898391845					29721410222541	823258449694221	0x4a20c133df3c3a78c7ed70c451246841c8bf0a4847e165c5f44a95eb823236f	0x481b46e2fd0e893e887e4a7c55601325228a08f5615990c6a7e66fcafe9a1df	0x3e8dcdbf1d24cb17c8a54fe96370e18f2e3453a5ce573810b8f3d27a8d10e2d
random_0157	order	1817486276221	SOL-USD-PERP	SELL	LIMIT	159350.67936063591	919.267694120317						15935067936063	91926769412	0x7a4e1b7f86d073550e2598530af8c5641cd380e66b2452f271057b6d8e63696	0x5aafc5f0e35c51d15dda03a438858ad87a005c42ac8212ddb5f313695f4d8c5	0x42e13306defa01edf6baf6aba410626eb011111d41ae9bdd255dd3525fd3ab7
random_0158	order	1787893143578	kBONK-USD-PERP	SELL	LIMIT	30.27314291588027132	2269745.7121911844030910						3027314291	226974571219118	0x1ece08c06ce7552430a75dd13a96ab49ca5b50b0f281d2a7dacfe1b75bfc64f	0x4025c460a1a6be6802ffc7161fb58470457b2b756f501971d5256e878497789	0x74f1e646f1d8f9b860efcf37f750d40b918cd3e5ea590f3fdb2c71f81390591
random_0159	order	1748869927537	PAXG-USD-PERP	SELL	LIMIT	18.3717775670336801	1701849.8071477999795						1837177756	170184980714779	0x141038a268d704acb53092d991f097d0c9f15b92121607eb6a65b3481d00032	0x74e92216a089025361377d15799d432babe1b289a8d44fd037a68ad8ac32074	0x6be9205e1c496c0a32c9f0bb6a9401abcb9c0e4bd4aff32aca7c7f44936a94a
random_0160	order	1822718286393	DOGE-USD-PERP	BUY	LIMIT	1.0427552874	8604710.9325544474982922						104275528	860471093255444	0x5e492ada7d0a5469367668f0a27e6d47cdfddfa6721e8eff48ef2bb3a2ebe75	0x2f6649eb68003a33a3e9fe7bba13ffdf4019ed0e4ec713536df7c734c577878	0x174b363d562338df8db3156e3fc389bb096af3a848d4acb2b0d35ad5684be7e
random_0161	order	1754261275591	kBONK-USD-PERP	BUY	LIMIT	23499.2095709996632628	0.176833024406483209						2349920957099	17683302	0x1f6785e1afb5455d6bd1fe548c1a501addb379ee2b3048c688e677e31770a57	0x9b6d85dec0532d2a7d6a786ac51f14a13e0d3ae2c40cec8f020e9977fc48a1	0x61ef2cfb24b45988639c292bdc498b0c3f2bcc735916d5d40edaade6ece48ba
random_0162	order	1704748444957	HYPE-USD-PERP	SELL	MARKET	11966.951993710635							1196695199371	0	0xff8b326a546822ec73d2f8991a09da3a698db64a7c7174015a53b41a5711f3	0x57154f084d53954d7b09da2d302d2bc7791e7d18a1c5966e5edbfb639caa829	0x470708e00b7351a2a551b4b2785a175d48e039b9e32c98402a78bd464f97f2a
random_0163	order	1702950395722	SOL-USD-PERP	BUY	LIMIT	133.057852135	2.835175566875						13305785213	283517556	0x5ebe77107dbb3e382937fc60792967f37840de33a0ac5e1a3f0cc76159bdfe9	0x784a029b03348686c1fe21755fab1bf055ad92eecb71bbffe71d04ad0e8a612	0x16d59418b2aac44c66edb5195e27dbde534b34f32b1013cf4bb51d068eafb92
random_0164	modify	1758482125481	BTC-USD-PERP	SELL	LIMIT	7.49086691397365	109819.12747571835	57893134522408972932					749086691	10981912747571	0x6961f9b7fc6f0f3825c0052ed3404f81a63d2b09fc09267e8504ec005dd10d	0xb5c92f84623280f7b062ede87cd68b021db9bef48223fa423aafb06b1ddea0	0x434a372210076e6cbeaaeb481c8de27358b00671dc31d53b53ff08e1c22e8ad
random_0165	order	1879443268890	BTC-USD-PERP	SELL	LIMIT	1.9057373952521	67395.56594243024						190573739	6739556594243	0x146db1e96f5deb41329a961383bb851b0fd7c74d4b600b9cbab834d3f9f4bc	0x44c72912c290eb8d8d47e0ce8aef3e975c65a2183f01e4275c812e7502dd476	0xf3bb66cfda1c66101dcb0257f0f88bc862c6bda5cbb0e5594903b332bd9126
random_0166	order	1836079867659	kBONK-USD-PERP	BUY	LIMIT	814.397837302	16.1970336812434						81439783730	1619703368	0x7fa96e4232c3f799f9ae529949a1cc7ec69733ab24c68024bcf5b639a283323	0x77c69ee0e03eda94d631155d7e447b3cbb6e31b518ee9c1b7a17d962e318932	0x4d0e9c9ec1a53167cf4342f42ebe225b1d58c0415e906885d3cdff6bbfd4009
random_0167	order	1865743590748	kBONK-USD-PERP	SELL	LIMIT	345.242227415302327	79980.35707066871590						34524222741	7998035707066	0x1734e26256744e9d798ccb15b9111a032bc789816bf7309e72473332638cbd	0x7ec4afa84306e48b118f2134211fbfd236674118f2bd3294040bafb38ca477c	0x79ffdd61f06c4dbc04931023fa30f33d296a61301cd3ef360665f33755ec934
random_0168	order	1817869126628	DOGE-USD-PERP	BUY	LIMIT	346.496309099964502784	352.98817146966416293						34649630909	35298817146	0xaaee90a6714d6d1115ae75333598be01b80a840e388d7de585d636983ca667	0x3691f09746e06a1e8af739d51c04c7ae7655b03a0e5647ac040d1d4ff05148e	0x1bf216c15b931c43dc33cb20baafa5db79d90da18f9da169cf638e22f34b346
random_0169	order	1825677135893	BTC-USD-PERP	BUY	LIMIT	17084.3976450154	60.1110861110410						1708439764501	6011108611	0x3c24c2591bd5bcbd4e372e28a45a02f72e85e658a66428a52c07e46f3ab84d0	0x1ecbf82e36ba6ddd1fd7100042420716d831ca78b33f09038fdd2e797a68181	0x52de463dd87d96290caf9dc975e9f3aca1ce7d46f992df99099d483fa52e07e
random_0170	order	1889594521598	XRP-USD-PERP	BUY	LIMIT	92.26398294348446209	47.361173900488824						9226398294	4736117390	0x6c18dbc078b058125cd7b60ebd4b146af9bb628d27964aa2f3634b61f45cba1	0x7b41376e275beb957427c02b32114fdb88a01df3d58363de28d59a7c55efefd	0xa522d9c5a3b971ddae4422acb0acd7ba311e7eb8396fdfe3a19e7bc34c7206
random_0171	modify	1898994319508	ETH-USD-PERP	SELL	LIMIT	5394.887796690	455862.4037515235334	2989626328039173593307765					539488779669	45586240375152	0x2bf601381ccc9d7dd04360aebedd0d8375919fe28d17346b24911a492eb872	0x750221bfbeabd30ffdeac370e1834106d6274813ab4526f0c2d3e94e5a2285d	0x71e3d4ae2058e1b51f5ca9aafe300cf721ca83f804f9345e207f38a3b6c994e
random_0172	order	1840587086663	ETH-USD-PERP	SELL	LIMIT	23926.22197813020	28474.75407849614						2392622197813	2847475407849	0x56eb974cb710e227b1eecd1638778af8df9674605ed598f74fb74f4717e4f78	0x545c103275dc7fff1433e7cd1ff2c09837ee2255bd0917a3a2804d0a85161f0	0x765d30558055f5d3154854de8938108d7edba58324672dffc4b2a21813e4817
random_0173	modify	1713324341181	ETH-USD-PERP	BUY	LIMIT	0.88064550210555	0.73280858866	1217085058867811409710860					88064550	73280858	0x12e2dbac4feebd69af620a9d38bad588409faf6d977a51912f81563ad470fbd	0x16f446729acf9000166420ae3034f3db660ab04bba6a15a1fd5d4ea6b5f9723	0x647cd4218df296ba924d859412c7ca6b1c75b1cd4ccf66dbc2b6ee37a07874a
random_0174	order	1843674745169	HYPE-USD-PERP	BUY	LIMIT	7735.270332615681662	4.519916995216						773527033261	451991699	0x721d7f8f3a73f32e1ad2e17729a6825e5981861c03eecee449e40b50337b933	0xf8659b437b7801b595a51bc9a10062f882bcd10364b1e93ea9df06dc4e3686	0x61783d7fc395af9fca686843f326012439f0670d205fda49528b7e556dbdd0f
random_0175	order	1835805863182	BTC-USD-PERP	SELL	LIMIT	59260.58712896747	4875114.10759556225						5926058712896	487511410759556	0x6434adee43d1c8c7e821b83d3bb23fb44c19546fcec797a84fbbe2240cbd323	0x340f3bddfe74dbfe52b2b17636ddcaef3c8c20b12efbd7ce75ef18b43dac319	0x1cac25d27880f7505872992a510747dcd2283677425e7588e9f6e337f3a936f
random_0176	modify	1735217266376	kBONK-USD-PERP	BUY	LIMIT	934.0455239474	752102.609084258	9730961797953977507357984					93404552394	75210260908425	0x5f7576227d05386f28b594ea0d844bd3052f137ce704d3c87eca329bb443767	0x5872bcca5b9a2efe57ec75a7f3055b246d9df6a0e81e9de1ff5e0a436d9fe71	0x3c38b90f52242f10bdd6b3606f9a13a114d7ed24430cc7438e5eb6202c1a0c6
random_0177	order	1855387599835	HYPE-USD-PERP	BUY	LIMIT	19045.406034897576	233228.128077126						1904540603489	23322812807712	0x790f76cbb17775c26f0cbc4935594ec723100cb63cd3d844cb670b118ddc7df	0xb2703dd57624534991cc93f4a98ce22d839c56130cf24fbac7eafec5a30df8	0x4dcb52e1d19ebf92b508861c68558b9c63cf6246891236c7aa4c024c8b826ae
random_0178	order	1715517996538	DOGE-USD-PERP	BUY	LIMIT	13.843443730	5529.5379008602						1384344373	552953790086	0x558a67d38664da696b170a711e19505325a974d25d724a317073f9c1d7e8a4e	0xecd0a8306947ed5cec62feecb2717cbf778d0b60df452c8ee4889594912ebe	0x6b2b320f7614b6b0d24195710f4349ec6bf70f11ed7db4909104d4c6c00c6d0
random_0179	order	1820238455643	SOL-USD-PERP	SELL	LIMIT	153.3805043372523874	9174.6811769974065						15338050433	917468117699	0x2af2a0f28db1c22ded07188c80add48dec90be1b41ea73f35a80a7b1bb8ef51	0x6fc2006df0b302121850ad6cd425604cc61e8b1d40a93254771a62b4a9a6e6e	0x44a19c8693f66633808bb5edf796af834d9c69626319929d884c8a2ca211795
random_0180	order	1851528823680	SOL-USD-PERP	BUY	LIMIT	0.86288750670	8.053315754002239						86288750	805331575	0x3b10fc451da60e27635271517f596acb9031fdef7b6e8cf70490a295ffa4c31	0x14cc3af41ef3fbc41915fac881b0a17469ee52a23a901a597b5c61e980ba444	0x7096d73c4c56fbfd06a0c43cb339b8eb490ef7d5cd496285b11ab773d036957
random_0181	order	1760831249386	BTC-USD-PERP	SELL	MARKET	457265.611100137							45726561110013	0	0x7b7662ba51af21fc194d9edc195d3f5852bc2d9008e1e58d47f308ad0f1ab5e	0x7d7c0b6fdfbd9d0688f348eb9233547fe434568e5b48b7056804481e1f5bbc5	0x3d1707efc3809f1594128be69531f01b8e820f35b762525488ece841880f820
random_0182	order	1850106341925	BTC-USD-PERP	BUY	MARKET	0.940968533916411							94096853	0	0x47f161fa664ec349cc255a5f4583992099a06c6ba94721c5fe67ade186f81eb	0x670a88e3c71db70e998cb158ad0ea76e28bd4537f1aacd6370965ed6837f525	0x59acc715f39492188966a1673245795d8f7e2fa8813dd408c22cd43c4d84e88
random_0183	order	1881262740581	HYPE-USD-PERP	SELL	LIMIT	5791.777478670569923596	980.31409369562315						579177747867	98031409369	0x604c2bf1c7f8febbfb506123ed811b9bbda399a6231049c9785ed0c3b25f73e	0x2e52033aeb1a4199a2a2cf7b41d5b64da23a39391881b1e2f3de017869b0659	0x4c1db3cabb09eac964a6ee31aadda4b4f0d2dd11a3a130b5ab953adb6997140
random_0184	order	1764935815050	PAXG-USD-PERP	BUY	LIMIT	0.132499721845272728	617971.935672376366						13249972	61797193567237	0x10c1a2c0b26e340f3fc0e5d74c910e4bdb72b90d98a116a1ede9cf85341f51a	0x27bc734b49a2005ec31a9e7de1b2361de938a1dedb524f469860a4c802edacc	0x3e8a1f045a191f28a4169ffcb948a32f2486764069ea3203f902c6a53e816b0
random_0185	order	1778147593843	XRP-USD-PERP	BUY	LIMIT	30963.6391228307	0.0460973402						3096363912283	4609734	0x68d02792d08fe3d2d5a76d0afd568bae66d650ebfaffeb19ac73cc8bc474a5b	0x4fe879a7f816a674bae5698faeaee3d1950480e3d773906c25835130bbad90e	0x339e9e822390e00fa94f2d19afb2594fe58d4265f3d6233fb9848f23da286fc
random_0186	order	1754855027360	BTC-USD-PERP	BUY	LIMIT	5332.942399727	6.94763515952794671						533294239972	694763515	0x784bba2906472c2d2192c8196e0be7420fb54cef5dbc4cfbce27f9c04831d8e	0x28e7943b82fbd6ce62237f0af0fabfbcdbe3f380a927995a43aa6f1d065825b	0x1bb6f90ef069f115db711620ee22abc0673676dd98076da4b174e25669dce01
random_0187	order	1742534806969	SOL-USD-PERP	BUY	LIMIT	2.20714208963	9.058430814						220714208	905843081	0x483a5f5af7c85348274cad07e81b56d183e969e65d45492fbc6ac67df751ee7	0x53a992bff500270e00e7e08cb80351b07bb206448f6413c8db7b43925fb318b	0x6a962c9513f5784dc2fc0683463a0f9c23c1ced61950f0be83b3fca69c63664
random_0188	order	1860359495110	DOGE-USD-PERP	BUY	LIMIT	7.590201260183767	99.6340576894226						759020126	9963405768	0x2e4abea0403d6097267fe480742eef35f60fa2b0b29c0aa9788b39750294bea	0x14dee3d46f6377af053bc912f20bbf72e4042eb11edd82c0eaff7f5d7d14ab6	0x67a4d1591d592944b1d122f2156eda670a66fd8658b9ffc43579ded24a50d38
random_0189	order	1770353775108	XRP-USD-PERP	BUY	LIMIT	1709.6145982245563	2.07530431199						170961459822	207530431	0x4586ba53393a0a1c55bdb35644b6c48e37de08886557ba17abf32fbd128ac7a	0x736378067aebe9bc21d851f15453f509da6c033cc4c7c3c2e5969ce89892c04	0x7fe318907ca59ea85e4d0cdf4f4219c817155e3d45352706fd6e10187937f9a
random_0190	order	1808803004827	XRP-USD-PERP	SELL	MARKET	4.62247931201338261							462247931	0	0x4d83c80b45336495a41d6b249d39af237061485b52e3a717db41b4f004acccc	0x4636a7f84cd80bb61cef9230090594db2fdd036d152cbb960d542704ca22d2	0x707e61be673ff8ccef38ca3f0d84c637a323bddd5dc09ee3810df953dcc3573
random_0191	order	1821070845320	DOGE-USD-PERP	SELL	MARKET	1414.95731418390474314							141495731418	0	0x73bb46586bb756de19dfdd5c28da8686ebd352548e689569be92a035d380179	0xedf7bc075896464d6d6a8c746a57954f7c97ad02fc6c38f66677f8382e10fb	0x100914460acd4f50f287dae460ac1c04432aabd0c4e5697ffc33d19193898fb
random_0192	order	1827422754673	BTC-USD-PERP	SELL	LIMIT	187751.249792122304	10.4537941607660675						18775124979212	1045379416	0x3a6d6fae9f17a495d4dd0418badbcc6d729e160b1bce1c4150eb7fdfe8436fb	0x11fe4ae619a60ce709d0a6a831475a440bb6773c547de025e5ae7f8b5b79917	0x4650236968ec144aa133e09747c717da8888acc37d6fac21291c6caee419302
random_0193	order	1892898691600	DOGE-USD-PERP	SELL	LIMIT	0.8565413654770	434.742783926						85654136	43474278392	0x5e7dacde300ca2a74f922d033a710cbaf656ad1ad7776a403bddd8781c65d6	0x1f41cb4ef00684fce0501c7bac97edf327320b8b7fc26c0a663c67c2bd45ea2	0x77bdf65cdfae845ca01afde9f16ad0d983187c32f614cdca31e710f52c1edc6
random_0194	order	1874729948433	SOL-USD-PERP	SELL	LIMIT	481.95357583845625	0.737797178881011467						48195357583	73779717	0x3dad7406fd5fcf5654d563fed0a46333710090693b19ba90af3554ae948f725	0x7c2f42b93028d444556620951e180b55c4019f3a9d1bcf3d46bec8b4caf8d4e	0x4efc0abffe972bce49d06bfe4362b73e91c05968bc0267694b1db802238c5e7
random_0195	order	1728625438045	DOGE-USD-PERP	SELL	LIMIT	4668.5038337075	792204.847945659889596						466850383370	79220484794565	0x78d7e61228ce76de5a7af49ed6cce42bf45f73d1a5a410907e7d35b91962d84	0x6086f33e8dc2e736a99cde9ea4391f97116e374b1df0661df1f47bd3fb3b1b	0x7b0954f50d69ac2acdfed031976022dc23113127be77b62882ec314e7563db1
random_0196	order	1859402642748	BTC-USD-PERP	SELL	LIMIT	2560.8162210671725548	8.306697909695689						256081622106	830669790	0xe6b24624197dc5f65f11640e8e5623b10d1c84f30f5e84abdee69d7846d20f	0x42deccbf72f92df7bb456aaa0b51ad7ac03c73f64b9d8e7613abaabc8187b1e	0x76b14c2d33c94bd8bdb1cfeb0e98ba57fff04ff4e68ecd5339ba8b944ce2a05
random_0197	modify	1743942457936	HYPE-USD-PERP	BUY	LIMIT	5561.87435291107665	1.4623005726794179	83343110492476725149532					556187435291	146230057	0x2717b3f62d7f13e0c21ad3c7f6353545aa3b9044086e1e77d1885875b09d407	0x7cf3c9efbbb95e5c0ef733e899c06ffe40f3ae84fc5ea7634dd7421757743ee	0x2e5afd47caf18168f3da12726e356476e609dcdbfae16c0378472b58b386669
random_0198	order	1831834539298	DOGE-USD-PERP	BUY	LIMIT	747.623319122362400	9593.427988518278653						74762331912	959342798851	0x2e6dd660db13534d6007ce5da51a2abdc2653d62da12337e6d2c83a4eda9795	0x199dd0621be15fa16b9d61afcd28d95e3789c43a0d05c89b79768eb4c3d8cc2	0x65a3c8c62cc09b3a412854bfa933ef83b5a23134eeb7111215c7fd086594b1f
random_0199	order	1888685818632	XRP-USD-PERP	BUY	LIMIT	388.9111156560156	572.89610577029521						38891111565	57289610577	0x2495a800a500355e556c1ccc9472b82ebead63021b6cc2a6a99e4cb7e9a5ff	0x743d36a9f199ab6fd2a73858a8fdb624e4d41bc486fdc5af6c3cab5dbc6efa8	0x2bf89deab701393b87b3fe87ea0373b2a09fed895666e56b12128b0f9079412
random_0200	order	1823279293556	HYPE-USD-PERP	BUY	MARKET	0.187076146682505179							18707614	0	0x5ad15dc9f530b7e6bd3806e7298b7f29fa776014faa2e771efa1214b9c92c32	0x71a5eb736f435dbf1fd66799442d72619f9b13936d7f0b9bed62a91ff13de75	0x7b75bb3776c615691a6f5b76978827c7e0ff036fada439132dce8bff3219f93
random_0201	order	1710314947189	BTC-USD-PERP	SELL	LIMIT	43.5186824289806674	621.43818764214717773						4351868242	62143818764	0x64efa13e623c475a73644cae728a6a9cd6279659ee12801ae5a6aeb94e0f2fe	0x4361c04027e6ab7d93cdfef81ff948f34d4e6084d0d70aab15992893e17b71e	0x53f672994d1efa11fbe68c68f04da16175c62257f56648cc5e7a1fcb29316d2
random_0202	modify	1867105557332	kBONK-USD-PERP	SELL	LIMIT	0.7577031858652961	336334.7136863297531459	4141370370388078971861475					75770318	33633471368632	0x17bb087d9e9191878f270c34d92280b653bd9ffd043d9998dbed2c4f72179f0	0x2871836cfeb1a6dafce32cffc2b87858d2c70dffd318edc76f72d3a9898c44e	0x734de72e1ffb64d717c03db488b67ae3295a7fceff7e6c78aab47562ec1061a
random_0203	order	1761830990655	DOGE-USD-PERP	BUY	LIMIT	14.182737675354824	57.282424141225						1418273767	5728242414	0x2050531048f6c3881cfdd82dd827281ffe989ae8d144f1ae048a6ba3c0007d5	0x43504eaf08cc6805727cc8b9cc6999e6c2ee39f7d0c388cc5bff5ed2742c27a	0xd420aef320f1e50df07a552c8019a1491e5b20785042fbc489808f4c9a4931
random_0204	order	1713227318159	DOGE-USD-PERP	BUY	LIMIT	696969.95618908064	1.846004002033170772						69696995618908	184600400	0x70c58bebe8111f9b8f788c9782cffe0e1adb47037047d89f312c74afdf2c4f8	0x5cd5e01614f6249ea89404508025e38167e28698fb99f5fc6af2bcb88b11408	0x1d7cca980575fa3909f633ca41440c55d145a394b0eca3bb3e6919cddf80aeb
random_0205	order	1895204836852	XRP-USD-PERP	BUY	LIMIT	9407.4955522075	0.3008050146264						940749555220	30080501	0x1286419505e49d764095eb970b65912a0206d511016959e98195b8ccf73920b	0x1a9fcdc59e1dea3f908a37f5e9e14454aebb92d6c06c71834bc9813b8d88963	0x51d1c1865fb0079ecba96202484b3bab3f639333eed651c81507fd42f252ec3
random_0206	order	1751035095098	HYPE-USD-PERP	SELL	LIMIT	78.3446730383966	9167.41603707679						7834467303	916741603707	0x59c714b638035a06de1710c130a01af7e01627010bb3b3e556c9e924093bf2d	0x68093e56bfbba65192fc50a6a5bf9577ce5f85a0cbade975dc625f6d0626d42	0x26951722ef02b61567fe468171722372feeea3ea0a9644d603f7b06de2def92
random_0207	order	1774965071903	SOL-USD-PERP	SELL	LIMIT	5.6958516867507436	0.76308691306500519						569585168	76308691	0x4cfda15b7596638f83e6b788e44230694431824cb0668684c8dbab619d946c1	0x470c5c64f7deef4b1d0d423861fda5d973ca0d8b14ce081a93eeaf595432608	0x6de0e982dddb6804ebfe77b88148171a799bbfcadfbe1fdeee8b12b8987626a
random_0208	modify	1815033740098	DOGE-USD-PERP	SELL	LIMIT	3235.07849716530	186.9725653039006	47222735525119909982230337					323507849716	18697256530	0x5c5472270b5829511e1d7f31c6a4a585936bf11f712679abf5741d970de54af	0x58d35726612426d4e63a146cb41da2975a0c647e4167de51a009af9a804d375	0x7150cc8f25a00072cb4a50f856134ab4dccde32b47f2dd93beb557de249c907
random_0209	order	1759647096366	BTC-USD-PERP	BUY	MARKET	669422.93590523294							66942293590523	0	0x57372b56eb751a2ef3ced067e2f03005b386ac99f879b6f62ba2f85f48322b4	0x4a1626e9963601bd9224f60fc895de5e30d1d28cef8b1706ccb71c5a669af5f	0x58d132013ef0675560022c30861ba777debbbf856d5b882854b42f1cff9efe3
random_0210	order	1885837204989	ETH-USD-PERP	BUY	LIMIT	240344.28791973407	0.23699577243086						24034428791973	23699577	0x100fae1760d000b46b345819eb37e0cfaa3f01c6e65ce947fb6c777183776bc	0x53fe6017e56d9b9bd458fcad68a6dceae9e841f471fbf3d1172b1b0a7d4b78d	0x39e6e28e9b565d7a0ed2081536d9d14343066c08eb7c2e3089fd3955eef297c
random_0211	modify	1820534929715	BTC-USD-PERP	BUY	LIMIT	10703.0284381520617115	0.009027453844	142770501847711002610924					1070302843815	902745	0x6be8ff7441acc4123b623933e2e6ffcaf07d4ef2554501a7737dc2f76e87ea3	0x46cb3dd7b076f3b2ae27635b44c8261210cfe8292902a588fd52af18ee99e84	0x595f2b021a6a2ae7165735fda096dc7202756b6b6f3ddf7b8a004b24ad20be8
random_0212	order	1700125233979	HYPE-USD-PERP	BUY	LIMIT	0.764022799668309	989.27273520850241						76402279	98927273520	0x322f2e5d0cf62859fd28385dfa6f2a77f48e4c4b242575cf1c3abc723f12053	0x331ca8c33ee7e7c06c6e1ce376847bca52eb80fbba10ce5481047c17fdd3a2c	0x2e9b62a2d7b23ace9db50c94fd838e6ffc38ca1b336ede4cf1d5e02ebe74c61
random_0213	order	1802572763547	ETH-USD-PERP	SELL	LIMIT	58.20837594048630	273.05655246890						5820837594	27305655246	0x585b803868446ae72dfec58cd1b981c1a976860e2b163080a325718a09306e8	0xd6990e715fdbe9561fdb46296cbf481fc1a3a79246d95890449689dcfbdec5	0x7dab6317d9a17e3b38ba56bc333461aed92f1941abba77eca56d7f259de163e
random_0214	order	1890835247098	DOGE-USD-PERP	SELL	MARKET	85450.57925741686348103							8545057925741	0	0x65890d5c79a7e61221ed05fb5e7af0b0d7d97c7c28a5c98d113b2b69a1e7e6d	0x3608c519f8a86402f7f020ea0dfe60fe48fbeac07de3e354fe1b7802ece3286	0x31902c015e2d64d780a8898ca3baf17b4af23fa43b4b69b69c2b6c152f18eb
random_0215	modify	1721931555026	kBONK-USD-PERP	BUY	LIMIT	2.6271533097	6110.288792653191641525	2657433616651206495439664					262715330	611028879265	0x6fe5f2b5860f242e6f6fedd8552fdab76888b5a9fb224738776643e027a6b65	0xd9f42877efc86aaa4764cf44f6a956f564eb045862e4e539e4e6090ec53efc	0x1f72eaddd98a45f724aedccbcededf09000db44fe0b6d3ccb0536d83929b013
random_0216	modify	1778085112419	XRP-USD-PERP	SELL	LIMIT	66471.69041472974752965	0.269596911	99975465509731921765752					6647169041472	26959691	0x2bea2aeddbc4eb3aec6f15a4a5cd6bb3f844e9791e7777338bbd7b8fbc21a8c	0x7c17c555d38228cc7d479018dc129fc0f3729ef5ba9f8b2dfab0042bd77264a	0x733ecda50f448af9066a9940cdd43b4819f4833461884fec4ecdbe47e2b7794
random_0217	modify	1790961158403	SOL-USD-PERP	BUY	LIMIT	4698.56992905119048175	2305.1442413003451	61156393876513347026203885					469856992905	230514424130	0xdbb6e1c2c7c9704d60b21d9f1add41c0d206456de1f7565dfefc7910a6ed3	0x4e421925aca97f13ed350f0e39a119ed80f934e727fe4fafe92dec6abe08e38	0x466a68b56da6e7ab77ad063957cef70a529643d3171a4f5a4cea906cff55c3d
random_0218	order	1832157530543	DOGE-USD-PERP	SELL	LIMIT	11335.3331583877017083	7048409.40323780163554765						1133533315838	704840940323780	0x57cbd52ba7f900962085d246c3f3309215b07463ce4065e293010da044137c2	0x246d15c41bc64d65f02893173ac947e0ca345581680cfdefdc8b17ac7290792	0x4c4e0be2fb9e8aab12eb89198593aa9cb7519a8d1a0d22d311860800e5e0d22
random_0219	order	1882325970598	PAXG-USD-PERP	BUY	MARKET	90447.82679029259575337							9044782679029	0	0x5eb22e062baa5a9e1e74dcbfad635d2a9ca456e9108efb7f0229aae24fcbb64	0x697bd9052f8a7b1ef8f47c6ece853b2fce87fbea41627199b8d2d811101c9a8	0xe28a749fcc4d764b4207d288a4063c16341c8bb0a4053ed0469ce1d1d0b078
random_0220	order	1738708010328	DOGE-USD-PERP	SELL	LIMIT	317468.19033887847703719	4.9773133586						31746819033887	497731335	0x6fbec8b0f14903498149758290d448a52611899e9a4142c17490d4d3829a3d7	0x11916051bd1c9c7380b3cda1b878a8bf60f77527b65b41f70df732a05cec2a9	0x7263dd60802eb978734eca087042c54cbf40e4775c83ba6622c1d2453924acd
random_0221	order	1888596982680	PAXG-USD-PERP	SELL	MARKET	5.1789341875							517893418	0	0x2600dc790151fed67282883e767aca86794b79f57bb06420d919d38e3bc12a2	0x56c52865142d315dacfa8bef787b8771deac26e5df75eb7e5cdd908b599071	0x75853607e86744b74b40b5766da2376970a8f0579c6b7df175d73057411901b
random_0222	order	1891203167890	kBONK-USD-PERP	SELL	LIMIT	91818.9354037358448	2985.2126482179234						9181893540373	298521264821	0x6dada00a01e4a0263c8d35a6d7b4e53c717fe21b4a0e78932b126bc297a9308	0x6a79e6efdccf3463b2b918317295640b11e36c5e680c620427c4312c407d74f	0x1fbdd2a529b20dabdbbdf5869a93d36bdae9d9168f167f70e30a10f2bd8ab19
random_0223	order	1745663056206	HYPE-USD-PERP	SELL	MARKET	0.078619544182722							7861954	0	0x7da16ba3fc696ebca01a54c4a7d8d467b0a4a19dab698f4ff9372da8a10fb62	0x4c9db1e54bc8d80e33e6788a2199e7cab8a106f1760e3527ff2be2e85ba9aa5	0x4cad041795b3e10795f04d3dec71606db5aec272e8fdc1f4dda9598546d9fd2
random_0224	order	1893124890080	ETH-USD-PERP	SELL	MARKET	4306.3418161338221684							430634181613	0	0x6dd0c96e5b7187c75af391b3230cc0b67e88aab1104e20b19a02c1537c61cd	0x466a3f788519f13ed970fab2b412612c9096f818aea034c11037f7d465d8277	0x2a0ee61341406cef2c44376ee53b5c3c6534f792c1dafde148eeeb13f020859
random_0225	order	1891436538470	ETH-USD-PERP	BUY	MARKET	0.016037122349763							1603712	0	0x4a68d9b61b0b2fcb5dc944af1391109f72bf3d4b204615d7ac286dcd5dce9d8	0x718e7e98657b555af444f69f64337df3eb59afa6659c09997f0fab348284b3e	0x2a6c55bb111f3ca9876dc2ef349d2ee2eb5dc47d8aca07b749c9e4aa1697265
random_0226	order	1853057769756	SOL-USD-PERP	BUY	LIMIT	141.350641189354425423	5.306948483228022921						14135064118	530694848	0x65f56a046ee66f9a76f6a898db88d5d1b110fbf5b1c6c401821be18e38b0496	0x2dc8ecc0f8d2b68cf9ca9fc46b6586872fb253da9eb48f79ecf83861630ac1b	0x657985eb1c5d4f532e948835dc5a10f56e296c2062a854557a38af539cb7bd7
random_0227	order	1754625174118	XRP-USD-PERP	SELL	MARKET	0.941666104869							94166610	0	0x291fae683228472d9484b088aea425e3e618f000f802f5f8016e1994bb80de1	0x7b3dfa1118e37ac72db94b563e69f3428b3ad60cf8dea7bf764ee1b73bcd953	0x415e73669f19974570ed1fe6b920253a789ec010607b484513d3057f059fb21
random_0228	order	1884073701512	SOL-USD-PERP	SELL	LIMIT	16.1197323286523998	4998104.971468858944						1611973232	499810497146885	0x22709f07fffa62d0decd44000e18a5492addce3295c4e8cc5540a529fc47c31	0x628d7ee70de8b54b813f4d8cf8bdf72fa63a666e421bd3f523c37177f015c99	0x73f3e2832b033591b40a3be31f3318bca6fb7020c43faee3d0696625a270481
random_0229	modify	1831872403246	PAXG-USD-PERP	BUY	LIMIT	9.27837306708	4199.520523753748	616722116179056521545					927837306	419952052375	0x38588707d930daa8211df988802c02c514cd1441fd67632766698ae5bea74ca	0x772760a7682b9c5ede5303c4f24c75476a8105b3fee93975b3ec0bc35bc759f	0x44eb50cd498cb20f0afb21bf7696d1b633dd83784cfa454767c7c222da4fa1e
random_0230	modify	1811138658450	XRP-USD-PERP	BUY	LIMIT	632146.282301769776	4.95650011017723	5493576392191959691322594728					63214628230176	495650011	0x10004dd72289376a0be839c31a45c1d0d3817329d6ed660a00b54d144740e31	0x2e98f1bbf25e4a97b939221101ade76bdc3c1cc2c3ec2c68ee6252f779b1670	0x758ed944a17bf6002ea9d07cdc5345ded121b136af85cf33d00c2fc2bcd99c5
random_0231	modify	1766992068423	PAXG-USD-PERP	BUY	LIMIT	4.3500821897	31461.388413282	98301039692583009212290651					435008218	3146138841328	0x6474aad4e1462e89de53b2d326e64bd3775634a40323faa080b550d8cc8dca3	0x35b66f2b190643be980f8c393070baa9a46749da0b4ec737cbd3b85bbf93f3c	0x78af9fda98c37cf71cdd53b2f608c3e5a617b09c1f15afbda60b370fbb69d6e
random_0232	order	1710191524160	XRP-USD-PERP	SELL	LIMIT	357102.97604837360045	7836456.799188265						35710297604837	783645679918826	0x1530e9efd1651ef477e9f7ceec0fe347be47debacd3fd451948f400f9f6baac	0x701a30928e186c5c1e446196bfbee340ac3e30183ce4fcef91c4b719da88ee4	0x3ef930423886bc9a134f9464b57c3da88136a9b652e98e592fd1ef0f5f339d6
random_0233	order	1724192125186	kBONK-USD-PERP	BUY	LIMIT	59843.185719046179	0.905011771						5984318571904	90501177	0x211a0ffdd9a8b4dab20666bc884cf550cf87d8e75b13ab4e1377bfec6b27f0c	0x31744674683c7c87164599710fe6f3d526859d4ee1aa9b89a98e5e36aa24f99	0x6dcf5830a7a473c39a2100ab5063024f6e3b437c1f7c0292078a59f57a9c869
random_0234	order	1864808631355	ETH-USD-PERP	BUY	MARKET	68125.48955986461154464							6812548955986	0	0x2627307a7cf562ad342f907d4e343a01c4ce615b57391f6df31c6c993809560	0x589b0b2075778618848c2f0b864581b014093e311a7eb982bbd80c13bc9435b	0x39b44b51b4c17eab5d2ce5ad7197c2765b1a2fd2777985e9fb828393977b71
random_0235	order	1795117246648	HYPE-USD-PERP	BUY	LIMIT	143.917390455532603	76798.0588427137						14391739045	7679805884271	0x3bdd79e2a9ca8ec2e04a49bb42625d604663f1fd324e0d987825f46614d9de9	0x27438e955a939662e965bb1940ef328f3276a7ad72c008cec3ec7289e42c993	0x759bb24aea369d5e49c21eb367bad1b1752ef997a0bcd974021b939fb941323
random_0236	order	1850758176103	SOL-USD-PERP	BUY	LIMIT	6469.90049597303170	6529.08507440298207006						646990049597	652908507440	0x7a16c75b35ce4a5f623a7d7f78de1adb7dd7d12c07dc424d73607eafe1dc551	0x6f6bb8803f40a539302cc2517c47cd8d8346f929fbafaf507a985de87036873	0x21a8c38936a33881d30cef802b0b8038ca2ed35046e1a58e9dfdea465ce62d0
random_0237	order	1717014012730	HYPE-USD-PERP	SELL	LIMIT	0.489852591147239809	5965333.637948169						48985259	596533363794816	0x2d9ce13ab08cf792ef465b33cf1838ba35ebe6097d1eb817053a3e86fff242e	0x90173d64487ee600a3a09b869742e540d1e664dd3e46fd0b4f7389fa56023b	0x2780ee8f6bddd40e5afc0f5a64552804dbcd6ba148b6e19019f6270a72689f1
random_0238	order	1787889706996	DOGE-USD-PERP	BUY	MARKET	89209.57560446994154705							8920957560446	0	0x334f82223a980c1517d21caad8821a4c3941d2ac6f9881af532e9d30d7fa820	0x2206028d88e154661805874c0eba2322fd9c9b986226e313dc9896068044b23	0x15add181b116921596b17f941afd38d910a892ea75792bcf068595369765c9b
random_0239	order	1840559603682	SOL-USD-PERP	BUY	LIMIT	0.59721521087492120	3.99271657688087						59721521	399271657	0x2bdbeb2dd3d3812d79609ca094bc61270ea7c978fe6768c67c51d935f9c6cde	0x2b37ad55f1e93bdb5860e8de668b901d995450707098527b2cbc164a5c6e6ec	0x1379a220accad703d21eb4e3940cf69f187573a29e73ffcf81159d81f5f6e43
random_0240	order	1816672305471	PAXG-USD-PERP	SELL	MARKET	65.829432071271							6582943207	0	0x8247f70c99a1ae8449d9e40af45fb96bded580e30bddbc66138dfe4d92024f	0x7f699151f9a9bf5211588a0c7891a34efd456360641176d289b99de07e3ce97	0x4da453e4310ab8aad7b2374d400bbfc8abb8e068c9039c939e231b86245390
random_0241	modify	1772945059528	SOL-USD-PERP	BUY	LIMIT	39805.81826754232760624	634552.88827347078693761	52838181458542880091					3980581826754	63455288827347	0x6270f2c9b8a57c13e10fbb9e810aa2f29c42291dfc18e8beb7c616cf7e76ca6	0x61a7b81d498a3ddabc40f8bb493cc14860000114a64a405db79506b9b66bf68	0x32008ea8023a1bc3941c0cb81991106fdc9e191b90e45dd844f83785bbe6cb2
random_0242	modify	1843779219791	XRP-USD-PERP	SELL	LIMIT	46.65224780360183	2285.110013839357940988	882190411258035265179					4665224780	228511001383	0x324f098645eafe99fd14856b23d3b042ec137a1ee91cabf01f359b223094b63	0x22b490b1ac4dce0f6b54d39340683a2e351d0833dcead7623791a464143863	0x476fcd37276ef3f0930e165b383e56d2c4f35be6419bbce808443a5d2cc103
random_0243	modify	1887103451251	BTC-USD-PERP	BUY	LIMIT	97.597601813	5.8217190574	82999354539841739261966					9759760181	582171905	0x5d82722bba367ff753b9a796d8456b5885f3b72e02ed99a0ed38e89c08550b3	0x1139402c0a0eccb3dde35010348153f762e47f79eafdc1f2e77cc98b06c1330	0x33a00638bd2094b5992bf16458ffb7538fe6695297fe427acbf07b4bac219f8
random_0244	order	1871031365966	kBONK-USD-PERP	SELL	LIMIT	0.01317181777	87443.742268697						1317181	8744374226869	0x1b8d2693c2279031adc032105801a8003f7ebad5769af8a5ea22ac9916f12ad	0x4ba88be745b9c0739016efdb8b4f7a1b39a031088e9066c407afc1b82b401e1	0x6db299805273d097205c9fa164e5169c19339a99cbfe08f7c766090be00cec7
random_0245	order	1777421141772	SOL-USD-PERP	BUY	MARKET	0.21378179850486091							21378179	0	0x5fd1702824c46b5c8fc8da33bfd754c89609a0a928b21b99ae2d226778483b8	0x4b5feb46f3a08cdb3dca3704689e0e8d48b05347cba09370df05a90bcdc6622	0x2600ef247d8c3f6516880cf67721a1a073b118feed3dedc0a877b24cc3f673
random_0246	order	1738134190103	DOGE-USD-PERP	SELL	LIMIT	5166.656264486	31107.776548666						516665626448	3110777654866	0x386840aaed66ed7e5581b1fe6e139a959bd7df44913a41f77fab87820cac52b	0x25606e08cb28001f81d6ebd116cb3000e1c83ea83e534a9d39612e41f717a45	0x1a19ff6c60cef51352b29d33149ccd37cae61ef753777da50ed4058e39b7815
random_0247	order	1872448907248	kBONK-USD-PERP	BUY	LIMIT	199785.66413578072	381.8727555321						19978566413578	38187275553	0x798c88773a4f6a43dd413f32e793942ecbd747c90fd21d150ad8ad9415ae75c	0x14a00e87d2123beade8ab420d74a60c9fcba054b09660bb9faf271d123b6c83	0x430ec6e2cf6b0d790ee87b1e65f117c5fd855d0f8d3e3750bb981749a4c96c5
random_0248	order	1714682267667	HYPE-USD-PERP	BUY	LIMIT	34.124453086	96616.30071096640						3412445308	9661630071096	0x367729d46ac815ce004ef9dc073c0300f7eaeb6a9315fa3b6560c3ddb44ea6a	0x374a3035fdecfd5b8eba07ebe3b5026dd5abddbf0f10b178eb1c400272cef87	0x3f06d8731e0010947057ac656cb631537176e396c86e1ae796397d49d756517
random_0249	order	1703734925800	ETH-USD-PERP	SELL	LIMIT	253394.856205895826291925	1630.54412617841						25339485620589	163054412617	0x6fc5ae4fc78f998633c0bd807b96d2f7808a1ed5194e8094f371f4eacb82249	0x2aeabf7c7304df5aabc6fa1d7d34a506176c3001d5d91c5a6734c6055c87bfa	0x3e186affe99b2d0be30c052ff0bfcd5c4266a0b215a3d8a08f160c68665520
random_0250	order	1878355256527	DOGE-USD-PERP	SELL	MARKET	7235.95083947072471							723595083947	0	0x1b24d0188c4d28f87ef1ace83e24ec073b73aa6bca69493d8583a3a286c662e	0x658b6a082049406a408661d4a6ba1efc6db353d9a9ad8aba4204b39cad53926	0x102b1cec50db57b2d1a320ee24e0e3edc05ac51cf1f60d52e4e4b1feda42f6
random_0251	order	1792793583472	ETH-USD-PERP	BUY	LIMIT	26.2807177938217596	129.16319778592						2628071779	12916319778	0x6a8575611a5644bdf6caf7c3002eeaaf394af5fc8b07fa1c6e0da3a2ec2d80b	0x4c39f39eb39c8bccca2115de808a947b7150f1225016eed485848f7594473c4	0x5f7160cdf7a659eda019c67a19c64184a6516fc7ddaa16c675ae2ee6248107c
random_0252	order	1824387172513	BTC-USD-PERP	SELL	LIMIT	5.28276206357	14584.922558285						528276206	1458492255828	0x8fb977e8b79a33d682d7719568682c6aed72f958995d682b9dec45a6f5804a	0x3f6adb05bfaf8298623fd223b8c567dbb94d835e5abf1d14e365a970471ea96	0x1f6b4473e0715e2b636d3d431d48cb1d2d93684a2ec01ca4eb8b1faf98a0c04
random_0253	order	1742887670737	PAXG-USD-PERP	BUY	MARKET	699610.586419060532149							69961058641906	0	0x23e36763c7c7c7bb826659a4d64b0cf160961283ae72e4c5712ca48827217d7	0x53c2942fcdf2d0afa7a51fba80d9de571ec2c88b1b4b71ae8ba1bf4fb67e502	0x6bf345795146dd00ce4dc1f19ecb02402b29200ad9d9d9095a1f0527a9cea54
random_0254	modify	1774239406604	HYPE-USD-PERP	BUY	LIMIT	2530.76851097110996	44030.53369737929258712	9445645921998840743538854644					253076851097	4403053369737	0x818a1464383937e9e7ad8c8fa89acbf5897a465bf244611c88a52341f4c8c2	0x269a8fd201f21cb009f95b6b86f8a956369745915a04c5762954b6c4792e763	0x59f0c2319618236599861936e3357a9db34eb0b2e88b2517eba52d967f5f5cf
random_0255	modify	1755680250121	PAXG-USD-PERP	SELL	LIMIT	5.711947697	207.8038615200580	90007057574699339683349739					571194769	20780386152	0x57b977e467cb81ef59f12858cac9a04c7042635e1bb43aa04ad825588e8816e	0x5a540ddbee16e6dfc8fc4c6116eb39be39ecbd144d51416fb97d704dbc1e53c	0x501aad087f4206d0b4ac62032260469e3bcb022c65c74982c7341c453b6307d
random_0256	modify	1700412866159	XRP-USD-PERP	BUY	LIMIT	471971.5508963780491066	9899.772933814770838791	71121734347860231605274					47197155089637	989977293381	0x20b9315fb67238c866f079c5ec65fae428118e7abe9e28980a7c73cbd9a45bc	0x2b2b721fb7378988fffb505d7ee6264d36bb084b1076b735c7706f104eba02c	0x7e974d21037abb3a25f7cd1adb1cb9ba3ee8356b75bddebe41497220c47cf40
random_0257	order	1736891130056	ETH-USD-PERP	BUY	LIMIT	7189.94525219414828346	781482.4602467907						718994525219	78148246024679	0x23a46af9e49f00c094f3c07e7cf4e3312690cf1d770b82afa5cf77ac2f994b5	0x20bdda655c9a227643f0b6b421cf515887f877787ef9ddc17b67e6c981dac16	0x218c88195e76d238f8627c64101d5738205a3b6e01951204926dda1339af569
random_0258	order	1739040963781	SOL-USD-PERP	SELL	LIMIT	0.489269958331747035	2.7281198607325536						48926995	272811986	0x80a532f3c1b78faf864cb4b3ed645d1ba79570e507ed609c43bf702565b4f7	0x610c8680ddaaf3ab86f7ed98ff2624336a5457bed10573059d0b1929697b9ad	0x2adfd9d9a7905648bca89c534873af7563b0b4d8ff36b78d8bd8d85e2f0d33d
random_0259	order	1874751274794	XRP-USD-PERP	SELL	LIMIT	9606.8864065508481	8716771.7738961444						960688640655	871677177389614	0x5117c4583cb4e019f3fb9c1ef5df04f1222527df84886ae7f86ddd1bd7ba5c2	0x3967c164b408fde2bd9d4a01c8ba34ec0282d96404424e92c8e11910eaecb95	0x279d5af5eff0c3f42e64afb66e0ac96d9a7505b95887c82459bf5ea581a6e35
random_0260	order	1774124019518	BTC-USD-PERP	BUY	LIMIT	8792.649271587132	47.911954076						879264927158	4791195407	0x7d61939d7a424dd1aa09724824e9070a30fb55dd6568e8c30778967a816b415	0x374772ffbf7da917a0b3573756706a044cccdeb9e30c06d7c5bfb7ec1152c08	0x55cf2a62fbe60efdf23978a3f16f0245391849e5a1fcd79434b97ca7565869
random_0261	order	1863108169942	SOL-USD-PERP	BUY	LIMIT	8612.69209994324	705005.88481430754412058						861269209994	70500588481430	0x3f1864705721ebd34106592a900a64d933f1fd7434668af58ee64dd79eafedd	0x2eb66f911e9abde4958ea8dcc97247d92d32419994ffdc3f28caa8ba00d691d	0x6d97545943ceeb8920e8f7dc88f4dea141ea9bd8da8a3b4a0fc40a9ac730aa5
random_0262	order	1810132060989	DOGE-USD-PERP	SELL	LIMIT	609312.2177255219187	95969.67519679490113980						60931221772552	9596967519679	0x6567d636049c9f6b041f9aab43da6a7f6449de076598481aa2ebc61ed1963a2	0x67d71e96c99e30dd3cc415971bfa04d39c6ccebef575bbe185c1e924cec119e	0x5f7c57344c7e813e8ceeca55d646f126696a9caf5f797a15471b2b3f02eee4f
random_0263	order	1755253679414	BTC-USD-PERP	BUY	LIMIT	2.446794987731277620	627091.7188007588						244679498	62709171880075	0x70b5320279c13c03c62f5deee97ba30153dd6743cd04e34bed75e27c46558eb	0x6e4971267a64e616763f9fd0cbd514e02d8a3e3f151fa753027fe9492405b9c	0x2675a5e723d06ef795a418d7963af41fed1396df1f10ea0edfa623d0a63c6e6
random_0264	order	1841400171284	SOL-USD-PERP	BUY	MARKET	17257.134548565							1725713454856	0	0x7dc16ec7bb7aa409edbc56c2ffee97aabf9e96d984ea3a5e009cedd00e71f3	0x225ebe7f318777a3f4dc9971f3797490097b9bec58897b559442ec271662ae7	0x316310c61f6c317232351a973015dbeec613efb06c72ca2e16522d62f0173eb
random_0265	order	1855718946993	XRP-USD-PERP	BUY	LIMIT	383.161572206175299	35.916695655						38316157220	3591669565	0x7cc4385d40d006f183bbec54c3b8f7d4b044e29de30fdf07318c4b23ea02c7a	0x4c24618ce6aaa28f33fb53d0e2f498d2cd8810d39b0c76b8a9f1863100db5ae	0x290ba31623c47ab5910da710af8efa22484c2a619d72b438b78646547173d7a
random_0266	order	1891699568971	SOL-USD-PERP	SELL	LIMIT	9752.98870145870	0.840634526300						975298870145	84063452	0x5c9f687eca3e3124dd6924df3499c11df1aedbe51cf240b809f9b74fb953b50	0x6f80850a3b89ccacfd0fcc7471abace5f9d19dc2824a210a36a5019bdcff35f	0x41f663b5368347ab466c95a8bff48348a68f8b6eaec3c8939a079d4af8f424
random_0267	order	1832726684731	ETH-USD-PERP	BUY	LIMIT	0.24879140240685250	573.598618435925						24879140	57359861843	0x734feac4a7a37f712fe550af5d3a5b81cc6a9bff7c41b9286ef956373dd93a5	0x500347a2ece175b1336930cdb6e46f456769ce89574b67211f0c455a1d8c3c8	0x237b856a7bfc15816b7843fe4bf4126fa55101de8eea684540fb130f0ea703f
random_0268	modify	1888684465091	SOL-USD-PERP	SELL	LIMIT	301632.921033431	43.7279010724	5727880781374459330336					30163292103343	4372790107	0x3ac1bf6789c9656f0ef0417cae3dd49ca9b0d9c51352f2bb1ea11b75e4cb5b4	0x524aea9c546ffc8520595dd1a22f7bc279b653dbc46bfc557a173d9e9bf039e	0x4b6fa9b88bbccf483f933887c767e8756c089dfdc4350b6e1a5ec6c2f19be6f
random_0269	modify	1896545895031	XRP-USD-PERP	BUY	LIMIT	42544.59725752186389410	88803.018139934055867	32275012207672575422323451					4254459725752	8880301813993	0x76c1d513f5f5680941fc210a334b5d49374df0546664a55e7abbe8908aecd05	0x26b1eff4258a80c1ca6c0ff87156ffaebaabc078d43ab74d2002229141687e9	0x5f866b5ab0b351f49a5d7e821b3cfa45cbe336a3006456f0747d1c5d4ac8f45
random_0270	order	1840026652835	XRP-USD-PERP	BUY	MARKET	395293.09633889897							39529309633889	0	0x23a70d7116162d76c71bae39439e7f1d0c7090f83d14e000a278004e6ff54eb	0x244d51135bdfbc85b3d97800fd0db0fc74946052cd354e8990fde5d265cc2c4	0x545ec33b4af8b4f91823334ca418609eba4845e554d1eef5ac3895b33f5e19a
random_0271	order	1835568911379	kBONK-USD-PERP	SELL	LIMIT	1.614304613343056	0.5344518610						161430461	53445186	0x5261f5b48155aa2937f1a163d6de29d60ddbce2d15d66873dfca6693a04af90	0x65630e5a1cfb6ab637d71252385b4fed0cd86bd1f08cf3e30af88cf35dcfdd9	0x22158a26cffb7a6b331d371380b96c3d383f1ed4310c0f7ec20c0d54e646b2
random_0272	order	1712996025857	SOL-USD-PERP	BUY	LIMIT	887854.709116855430332	970.767507538137						88785470911685	97076750753	0x22c81f43873ef739d29050c499da1e1875311d4a8bd95fa19294c8a0e29fdcd	0x4a871f384e0335bc1fbfee48ae370d629370ceca31ec9dfb34d4d3bccbf0e54	0x6bf46cbbcb7dee4551fd01deec79d2136537f37056c71bc1fc58d9457f9e65e
random_0273	order	1822264003516	HYPE-USD-PERP	BUY	LIMIT	99106.588450198780406	41.4578450401001						9910658845019	4145784504	0x664eaaeee5cf1d9ce30e2bc5085877c4fae31a22362846c7caf6f00adafe59e	0x23ef1ce1cb8462ea62d8b549063085e8ab4425a9191c81910083aac8763c239	0x252128cfcef3a8ca7e3112849f0b302d56f0f3a9949784415b6a2bf8e69c1d7
random_0274	order	1835876331501	XRP-USD-PERP	BUY	MARKET	128981.25835368806							12898125835368	0	0x3c247902b0afc95852f062403c00c02f87630d4714fc2439eb43fdb18d33ed6	0x7e6de91ad0dbeaf07b7c0664441d7628c499be21184e7cccda59d0f9e336661	0x18ce8d6c459cc3506280ad175f7fd1fe231c62396b3ecb71bcf78878b2a81c4
random_0275	order	1849563515334	SOL-USD-PERP	SELL	LIMIT	0.54827665476	2689.176242114036						54827665	268917624211	0x7807e8105df58cf4209e10e86ce99690ce930f0165c40099091c4fbf2f8ad00	0x71a8b1b3cf9b27b673e65786df282b3f2503eca753160755311202992ec19b5	0x5c394ad5825bb13ec11203bc4859113731b1780d9b378d581d0f9ece5678772
random_0276	modify	1806902769136	BTC-USD-PERP	BUY	LIMIT	4106.1810477133264032	0.29034224313133	95956757533941541883					410618104771	29034224	0x7483cb6141655c4fb1b2f45c2d960f48120a8ba883c7bb997eb4b20d12b9326	0x2dffa3b14765cac7e735a413dfeb2b7cb4404f53903ac31c1c5b7894657634c	0x571a960fa7672362954619de69c8f84391f85f78714a56667b0aa15e3a13ae5
random_0277	order	1891592652359	DOGE-USD-PERP	SELL	MARKET	9085.32221350478171153							908532221350	0	0x740f97dc3a240f0a271a61b2544674cbeb164e2b5a32d8981e89e5bc9bf76c8	0x2231dee6fa43618c4db2d60f7f3e6656b6e5706b7180010dcca763ec1ab948b	0x372e34992f81fd39ba253498652717294111d3cae50eb7b7b1c8c15f9308b8d
random_0278	modify	1859179182147	HYPE-USD-PERP	SELL	LIMIT	4187.49228341037837	8069.67698753294	651943080212502200566050					418749228341	806967698753	0x467229c7ce9393005e08d3aa7d3418f6b0fdc2bbb03519a4f69cc3a566dbc7	0x81585aed784b524a9bc5ee586bc9f0e4a04dec6374aee804543bcb9bcf23e	0x264803410c7ac14a531cfeda677c759da673d6d18fcc06c07370f69ee6e3409
random_0279	modify	1708657419026	PAXG-USD-PERP	SELL	LIMIT	3.816094011347048	448.627995613006	780379546313925539683515404					381609401	44862799561	0x7ab750868254b17c0731068de2ea535b7fbcf4459ea2d64c6232319dc3b7e9d	0x22ac2a40b52555370e5222ec0221320e7369629ebe0afa35dca33a9527d9c63	0x31106815995289ee84c347db3e09919e110a049a42ca9d7d574d472aa71bcc7
random_0280	order	1832752574888	kBONK-USD-PERP	BUY	LIMIT	9903.33396466040984889	96631.8187414908						990333396466	9663181874149	0x5a5adf93d61e87a5c9110f717c64ecc756644a72d2e366bc983b6ede7de2d89	0x3ec5596d6872ebec25e4ea0808cc93665d935e77ba4b46be7c697cc0474a6bd	0x14c4489aaa240f3b7cbf7bd6f632ca6ad56b3e93d414b3e0af6b1681f10de40
random_0281	modify	1785013339701	ETH-USD-PERP	BUY	LIMIT	260.795167329812761361	4763.9471858690549	640073613268891468952340					26079516732	476394718586	0x62bf274125cd75fab4a9586e367354d71cd42f929e63e8ca30b743a3f421f9a	0x1ae85ef87d2a4ae01137288d41b4f2e66d74354e5bbe186ea7dc054d9d7e265	0x33541992a1a4b71bafaadf5839ee7884631cf1a045727fb4075e48e783e8848
random_0282	order	1873097062863	SOL-USD-PERP	SELL	LIMIT	0.343256234281101	0.622991035						34325623	62299103	0x2b44510651d4238356d8735f02076fb173fbfc279b5604f484c9edacd443408	0x4573dcb966bfb06511ae6491b3691a42925eaadc404a17d02c40d0e1676415e	0x5c3f50468585d1a157fc8ef35a04d27806f098b12b5da41e5d585dc28f87ac9
random_0283	order	1777297202661	SOL-USD-PERP	SELL	LIMIT	0.50710374802230	5788.869000746582						50710374	578886900074	0x7cb1debf7d53ab1886d31f3570de503a2dadf66b460cd05c1a99cb08b8737ed	0x2932f3e365a8f3f431f3cb9a052721b501ffed2eefcf058e7624ebfc3e9c36b	0x5a3974aaa83c19f7d2fd05f175fc302b2883de3b58e1b33b47e137a64bc8736
random_0284	order	1838964601862	PAXG-USD-PERP	BUY	MARKET	6.56460436434122554							656460436	0	0x32f89b84dc7a581eb459263e69e595aa1fdf494555fff67d624ba4955015b7e	0x5f8fd9b1cf98bcbb0a4cea99cf54b967d21db8b243f8b6c575ceb4da06db649	0x54dc808bd60150240eaa5f213edbc39d793ba2b0a52806c0abfc7bca21fb4af
random_0285	order	1806282211493	HYPE-USD-PERP	BUY	LIMIT	395.4277888708	193386.5668475405						39542778887	19338656684754	0x550471aec4a0f3b93d387126f16545db7c0ec968ad2bcbef833301725f51eb3	0x601ead672cf20a77de037beedd951e9c36f67f9cbfa069cf28d2466e4c6eb45	0x7cf4b88bd34fe7609fcfa9056f03bec22b264ce4d3ecaf87bdebcf67e5daaa8
random_0286	order	1784138139413	HYPE-USD-PERP	BUY	LIMIT	7.332883295484100672	9.702809448220149						733288329	970280944	0x7083edc6308d48f5bf2b01d332d73c8bf0f108d570f23ed5421145269a81e64	0x4a295ba64f1eb3f56f4d25ef8a6e1a533f8b4d292fa0ac07cc7696bab29113	0x10f5fdaa05513efa5966b03fe32f46ecad4d9a3a62ebd64ac1f7c283f190864
random_0287	modify	1719867645797	kBONK-USD-PERP	SELL	LIMIT	1.524057589537934	382.01769246141	780286650959643268545					152405758	38201769246	0x3f8d76bef8c09314ef6139ac211c967edb3f4ebd43195126ab141e89866eff2	0x1240abf29bbcf0f9cf6327ce253a5376a4f19d0cf625a21782e9f33df225775	0x4038bafe85ca2f0d68c45782292f9555204d3d8127294b6e01c1332a3d6cf84
random_0288	order	1777717521750	HYPE-USD-PERP	BUY	LIMIT	524.2120631446	9.0273422708685566						52421206314	902734227	0x4d72b7dc2e45f153c5c698833095e427a1d2a9cacf2ce8dd5d52842332ea190	0x2d29c58940bf142100b377d8df9d9ada358c8af41169b2d4eaa68f950021acf	0x51e523a7a4469c80da4350642a648e46288d019d4b6b9c8e7732cdc63adeb65
random_0289	order	1857988949454	ETH-USD-PERP	SELL	LIMIT	18348.52686073717320186	56.7338700783975						1834852686073	5673387007	0x70ec0a40585315cbcb621c5beb96eade4ece6ff243e63534facbae84c124702	0x2f5e71d5ff09a9b1e708b7cea54067a64574751e99d44328c477e19857ca9e9	0x240bde422168348e3106855f1ce0aec1ee36cd2fdf376ae6efa5a98ce41478c
random_0290	order	1881166315348	SOL-USD-PERP	BUY	LIMIT	0.93454496637002	593.5242176347						93454496	59352421763	0xbaa0066a30ce59cf3bb1aa921db5254204d0775947973bab4bf7522fc780d3	0x31fc660fba7f58ca48fa055bcf7a760df1b4ebb7b9fb12128c02dcf6bdc2e72	0x1db50847d265481e2120467ea6613ed0534f66eb3bfd626aabd1ea9b0e36
random_0291	order	1823898206119	SOL-USD-PERP	BUY	LIMIT	6283.424177517877	837772.22667961246514						628342417751	83777222667961	0x3dcf2a4875c1e117f2d73d753cbb702256c67df5670cd9c04f64d153a278ec7	0x363819ccf8436bf84e5686024112b72a59b3beabdb429fda99d4c328e7bbad0	0x10652a349ed5c37566c07c6ab13527800d2846d88336122b2398e85035ea3c9
random_0292	order	1856451411316	ETH-USD-PERP	SELL	MARKET	78.823964619984061							7882396461	0	0x597a01cc1a7d1900b8390700f02111d3568f4098b1bf8b02ba2c9ceb12e55f4	0x359ddd1d7d1b5c2f9968ff050f855c7ef8e74e3fd378f6d6c212134aadc5f96	0x41fa5c2d044aa06e1b590e12a3ac18c3735f6fafdd9ce885ad9398a52719917
random_0293	order	1751916940192	DOGE-USD-PERP	SELL	LIMIT	8.696151264593	6691778.8995372694458681						869615126	669177889953726	0x7118acca831979286079578023e1d93d9c20edc5864c4530c7aa5e399572605	0x1d2401e0b89f4f4a1e43f45d5647774a934f4cfaba4e4f33ba681e13cd20576	0x7e2719f1a5e2498f9f04ef5eef6dc450e1ed1dbebcd07895f3f025e669224fd
random_0294	order	1824135406652	XRP-USD-PERP	SELL	LIMIT	6.92229713924	261.78193529184343909						692229713	26178193529	0x40ff9047f7119596fc847ea591a815ab25d874256198cff088726c29ce44289	0x5386d0c3c5afef7cb96aecd2204669fa85829b5b057a551a6bddcf98434f49d	0x377d95763014119b5e89b113d805c6ffd4b6e0235c7f017e475dd6570e2b21
random_0295	order	1827095392127	kBONK-USD-PERP	BUY	LIMIT	54593.579238940369663784	77592.8990590024416						5459357923894	7759289905900	0x72edea90e69199280ff365e3dd4c58f2f1d9efd68cfea8df672a1ef2b7bc75c	0x54dcaf2f55c00c2bb9db0ed410b7db447dae9ffe8043d0394704bc0e301d381	0x282e3f608e236b3a9117125a26c67b197285b06ebf7d3c0412345d9427544ad
random_0296	modify	1837986870673	ETH-USD-PERP	BUY	LIMIT	17666.83727469477732076	0.13970330325	9624532432396318889344837					1766683727469	13970330	0x1efe3c4610f688716defefb70d47e80462225f24aa677160727b5dc8462eaba	0x4591b122cef17a9e344f5f011dd4240ddd4dd841f1b375abce7f879548c8eeb	0x84e61943cd8a6affb4f60d21f639c258e904f4879cfc670fab3a4a1b11ebe2
random_0297	order	1880105535986	ETH-USD-PERP	BUY	LIMIT	345243.8783097348343	857.06930037871338						34524387830973	85706930037	0x25f56d282c7725cf8f5757f99c43836d71bf7a87953e7208688b1e351c4dd8c	0x4932aca28a32049d8fba02584dc7e08b456d4808d2d5f9c76fc8bd3ba52054e	0x79ac0c6a335d7ae3d444a4da1321e6ded65323737471540c5f75081417714cb
random_0298	modify	1760336112190	DOGE-USD-PERP	BUY	LIMIT	0.5579317788318451	0.71366556175	407282858337141710047					55793177	71366556	0x1bb69a97c6d3084a528a77d8084f2df1e529f308d27642c4c926a1f0ff58f6b	0x65f93f85f8775670a090fbbc8c136f76b0f2177da4f43f04f8c2140f9f336a6	0x3be0f73332020cdf547d2fe22523f14c50a131bcff8f6a2f18fa1f4219ceea9
random_0299	order	1717065667433	kBONK-USD-PERP	SELL	LIMIT	803.4186281199	49983.2138928775995476						80341862811	4998321389287	0x4c3e1330134bf31e0eee46a8e2a77ad3d7843a38f9f4f1813778513be354eb0	0x5c84308e3fdf43c4d79a8d9c50becaca2692c375be2cea1ea31f522e4a97cf6	0xc3c3eae91ab972cbded7f4f69bf276f3e31c2fa2b50be08539f5d5fa264b4a
random_0300	order	1789899519855	kBONK-USD-PERP	BUY	LIMIT	2578.05629988281608339	0.827627935657						257805629988	82762793	0x1fd0a8a109eb93a0ecc0a57691e6beac453011b1e19e76924201f1a83d61923	0x7645a1d76a2030dabaebefbd1afa56cdd6ce253644da81bd762640259382b1c	0x70a998f09cc3c9a964903113aa1766e742cca71e69d02c967c5cfb538a3f130
random_0301	order	1898552822469	kBONK-USD-PERP	BUY	LIMIT	0.733893765305209172	0.03361201352780						73389376	3361201	0x305d2eac3edf886905bb3ec916924b690423beb76ad0f4884066b4e03e4122e	0x2819616d7375f5204d6f7f8c9ec488b30344594bcf2cf49daa7ac5efa74a37d	0x43148bedfab7a7a0be7e014f3b0023302c1cb3167ec6054655f84efab23d5ca
random_0302	order	1768894088626	DOGE-USD-PERP	SELL	LIMIT	437283.280345426702740	0.59976548581951						43728328034542	59976548	0x6a831cd4938b817d369313bd7b4ab683f1ec6063840866691c0ef5c7d60952f	0x3ab71de87f980597da25bcc3bd337308ffc41908af8ef1bfa8f46187fbff326	0x3b7a102f11a0c47d941ad95b9c6730beae9bf4f72ff8ba9772608415dc34a7d
random_0303	order	1899662830797	DOGE-USD-PERP	SELL	LIMIT	6689.32994995656	477505.4721256851006036						668932994995	47750547212568	0x5ffd7bbce9a7b35c2898255d2e195acf3dc79cd6d09a38a72108911205ce68c	0x4d63e5c5a1820962ef2a0770945cfcc9c8e085ad9d093ea81e8e1cd61244cf2	0x1e851f531e4f071de69d955fd5e715196c49b1382044b3238672add08318e42
random_0304	order	1772032964698	ETH-USD-PERP	SELL	LIMIT	0.99907341733578	369.050482385318632						99907341	36905048238	0x6fe37192a4669a4bb81aa1a0ffe9d6523b949d71c44ec603273ac3262dff51a	0x42161bec35a1b0e3ab027624c147e643b61515bef0dfd04f49e563312a94d1b	0x2e9c793db7f09bdc2a869428649bd8aab89780f6eeba4f13dc6e081b98f9ae6
random_0305	order	1831875964777	ETH-USD-PERP	SELL	MARKET	898.480888456							89848088845	0	0x26b19f34cedb886dea225ef7680d405b3d588b07049aa8eed85fbc6adb1d0e5	0xb49cf1597db05be732e9fa934e23ccf9326a20a95825f863b1ede5126b140b	0x424a2ee6bca2e42b26ea63fd5546cba0cff5b17266a6a01bf184c6fba0e1682
random_0306	order	1718813055395	ETH-USD-PERP	SELL	LIMIT	0.8376022514220	405.83018398386611						83760225	40583018398	0x3cc967c6c34310fa37973c94906bb1629b23b4070cbfc98e56baf96123204b8	0x2338ded93b77f6151905c2b85fb72b7fd9d7d06115746cd809637238be8e509	0x930b7bff4caf100116d0718a5c4e2f770b64b4f8846f2840d62cd4f72bb365
random_0307	order	1705246004449	ETH-USD-PERP	SELL	LIMIT	598.3596885518497	644161.3193368748861						59835968855	64416131933687	0x7830fac88a673b1c6390c8c9ff5cd7423ebbaf29a9f407fa6fe94669c331d6d	0x1d9ee29946853a3c7231ed2c0ecb5e8b7c2e26d973fee6a9c09617d2cc10432	0x3c0675924b44ae67b97b3dbe04cc793dd8d513736fef562321417611ac76474
random_0308	order	1855593696261	kBONK-USD-PERP	SELL	LIMIT	4488.75372250572	8314.6459178263						448875372250	831464591782	0x5fdf3bffac9abc9f5a65a89cd05ee46874a8d181be27c548b284fdec2916536	0x3c762c75fb5df9c7cf609699bc271bae0f616ff161914666cfe86a459825ff6	0x4a36974c158a2b3e3caac3628a2e53b94921705fef53215f005635f62813875
random_0309	modify	1882510012127	kBONK-USD-PERP	SELL	LIMIT	0.60931077735843291	471049.274497643246714	33633810216222177874					60931077	47104927449764	0x6fb93d9022907fe7cdb4d1a6b72a95a91e057a12aa019d7e9a3e8b790298e13	0x2f8decf6b922a4112cd8618b7076816c7e49fcf5fb9dd82c91c5bedbcc90311	0x70117a3fa6d4643140235ccb25b1946834e1b3fc143cc4a47453fbec73317eb
random_0310	order	1831796961509	HYPE-USD-PERP	SELL	LIMIT	0.56980124506	2.3540980504153						56980124	235409805	0x3abb835d37dafb8afe3ec77f2346d0822f68cb083c156de875ad96363831903	0x33ae2f05e156c3978b310435f565e45c9d2ede420f79511e7165b223e69cdec	0x3e3f07ea525c05f7dbfbdec1c2107026faf3c122c2d436430b4c195d6bf67b6
random_0311	order	1848672942058	HYPE-USD-PERP	BUY	LIMIT	20.638235928	29671.195868088						2063823592	2967119586808	0x69bba0eec951e3a1a7411d5db53f2b923cbe15a3d17eeb43d099f37a14cd962	0x4a9ae95fd02cf737f9f8462c2b50806e836d0f6f5be625be11ac531439e2e96	0x7b13684f5b1c8309017c0f90ad9aa8070b72a23bda6f0963c2564756e85e82e
random_0312	order	1742897331298	DOGE-USD-PERP	BUY	LIMIT	24117.313256746840381602	478590.2488812414610749						2411731325674	47859024888124	0x672825b1417dbbecb1f05d5ee1147774a99e841ecbca75ebfcfaae91b763acc	0x7c6700773a158b789c932cbd7bf049cd85827227410156d3641ce6697104f14	0x2f40dfcc8e3973c9c4fdc1138f618a2b456edf5f5803711c963145795838ea
random_0313	order	1782568647052	HYPE-USD-PERP	BUY	LIMIT	808778.64388768035268497	77.1123521900026						80877864388768	7711235219	0x31f7372f0cd23d9dfbb727edaef4e76eb8354d366d52b690d4b480c5eeaea2	0x7ff26c4d348c3c7f16a7228481147c27821512dbb9c3ba705702e3d6a77f407	0x70a2433de4b5ab91192c228aefb6fda93e8fcabf223fcac53048d730d352269
random_0314	modify	1816623882662	BTC-USD-PERP	BUY	LIMIT	0.071397547788578	1.194516990540197	2532317287292744867591					7139754	119451699	0x59075b86165d94413cacfb725f2a9f8464b570078c07f6aa08454d962794503	0x51dbf789185a0b6edd0925cdfb3aa3d299864036e59b4e693ee0aa937cc65a2	0xaca6e0d888bcaf5b445f2bd38615105e18b074cb61af81c35f382d7fdb9dbc
random_0315	modify	1851917482856	BTC-USD-PERP	SELL	LIMIT	26.24188510228755	6.9683201435742	2507624802188053184549682077					2624188510	696832014	0x4293b1dbb5faa88f45149b1e3ba2a162a291bdce6c6a1cc9c3e7b5bf34f8e1	0x7a67687f7892e1b8031b009e060b442535b1e3b14e70e0a764403cfbbbb1c46	0x7a8ad26673a4241f7a9626c52fb61080d59f2a51f04de286e0ec19990db5c6b
random_0316	order	1800879633670	XRP-USD-PERP	SELL	LIMIT	88.632376201263	0.8643484377151538						8863237620	86434843	0x4d509c13e129276898b9079f648f04af0d03ca9ded4f99afd768b8920141fde	0x2904ad7c1c213695ddb7a7c0bdb94750413cd4148b6db3dddd1babec4ef74bd	0x721e983383fdc54824b654582bb7b4766286706ea66def62bd5e0138bbbefa1
random_0317	modify	1735756379140	DOGE-USD-PERP	SELL	LIMIT	8.3056812497136	770435.557906152888336254	62020366722137094505023669273					830568124	77043555790615	0x3938738bf222c76ee7a4c97f23329548a1536d5720312a35d20f2bac61e465a	0x76f74404f40e2c3b2bdfa41b823abf012c869e4df747b783edb7d5d6a676259	0x5c0af854dd52babd423e7e4ca04dfcfedb32a5410121ad2a9882cbe840b0f45
random_0318	order	1884702683220	BTC-USD-PERP	BUY	LIMIT	0.0616080264539	2271317.994836374106531109						6160802	227131799483637	0x76b0b3fb4a30df180cfdfdd7211057b0f553e565ed3089425aefbfb9471264f	0x6bf1f241261e3a87d2eceaa7bdeb621c8f3d2c5d3792c4516e6c10e76671e0e	0x79095178f1ddc3c767887d642dadb9e5d86c700be65dca0ba519baecd5ceceb
random_0319	order	1709773101739	HYPE-USD-PERP	BUY	LIMIT	68706.986355919	0.2700362471827454						6870698635591	27003624	0x6a407fd543e1aba1d9732aa481000e23be818de71d3930766f99770c033d817	0x74af90bc24918ebb19213bd020c26bf51b4f513f87db373306452630283047d	0x192f982500c967d05c616811aad0bd7725dec89c065e8677fd216904c854724
random_0320	order	1745287739670	SOL-USD-PERP	SELL	MARKET	5.358414860887							535841486	0	0x500dad0c8c7403c988c6ba47ede09e196188f55a47af047da7994ec13e84bbc	0x1d7da67c08298318780503974c1beebc44de25555c70602578cbf1b6b89e7ae	0x153207954af0534765879f082d09cbe0a80289484068fde7fbef8cf16573025
random_0321	order	1790038922211	BTC-USD-PERP	SELL	LIMIT	9106.353498772422902462	128887.520563013462858						910635349877	12888752056301	0x25bf3e4c6342bd8cfc487238feb6f18485855d045cce5f21fff0ffa65e63330	0x3370a3cc02a114cd57e03a116e695b8b7c68d43db5cb18f7ad3c33ede0c2578	0x3d7f01f6ea801e3d8ccaec190b99857c30237ae36cc0dd6096aab85cc5c2c2b
random_0322	order	1763674277532	kBONK-USD-PERP	SELL	LIMIT	0.7069679340	32745.0926706043						70696793	3274509267060	0x28d1027dd99176466d50c6650048eec95f5a7d09166fcce5a5356454807c2ca	0x24849ec6e7564de4dda18e497e0c04099d62584b28b2c038c85fffa5fd0c909	0x33dc0c5bb27b9b0b4ad19bdd8539172ce466bf254b53b38c570d55394ebfbb7
random_0323	order	1894725255613	SOL-USD-PERP	BUY	LIMIT	2.879639191954	0.418655764479						287963919	41865576	0x7358f3e03a3364d73cc21b7598a5b40744cd6f2b7071649f586f84e1a8702dc	0x4e7df02573896bdefa499a91ad5507bdc792cfc70d37ce681169818cefae0b7	0x39da50a7c25ce88b113323a67cd4bf0802a7da46d11f386bba15ceba3c99af9
random_0324	modify	1791395370719	XRP-USD-PERP	BUY	LIMIT	73069.20424676612682833	0.48771421617027157	7100631014045899705097974					7306920424676	48771421	0x195a0dcbaad26f96eeb1048c853fe39c705dba6f6176b6462db27c8bbf39b7	0x3ad01aa5837e5f798587839028b397c44b4a093c7e112ba4bb35696a913de07	0x2350638d97ce84b8c017403acfd133f646026eb1b02d3258db45b4083770ce8
random_0325	modify	1815396613349	PAXG-USD-PERP	SELL	LIMIT	0.47521697218	6200.3405824664359	296312516882056309469802527					47521697	620034058246	0x7a61b420ad7a57153d01258c70781ab3163fa102d61cfb6a2a696e917d5d7ab	0x44e382c5f31a1f3860e671e6ae21ea2179a07af0927ccf69dbf834d15728c0a	0x669239aab2634fff3fa1055b6cbcb3346f072dbe37fbf55ee1ef271202e9e2
random_0326	modify	1882989675376	DOGE-USD-PERP	BUY	LIMIT	0.6190374788676	6926.93235485871819	2574405074984460321865433742					61903747	692693235485	0x15b3b451bb0e10047ff0d467e8f63396618af0b706d0b13141e16da9668f1e1	0x4083e0082380bb76a5d9e15eab82310141a609cda82f68ad13b4d2feea4236	0x60aaf7db9120be89b057fa08e55ebbf3ca494ddb0bc9f7039346a18edb372
random_0327	order	1857069312346	PAXG-USD-PERP	BUY	LIMIT	3281.9269020535334678	90816.64159845594365155						328192690205	9081664159845	0x514329d19769f6ca3d599e9e55d2a3089617ef9ae2421ad4251ffadbcc08d1c	0xd1a98efc7c71bbd8bc3b46386b23380a5138a02f0e396a30b78ec40cd3a002	0x1869176f7f4ab234d9aa2d28fa6b3ce753152b1d06f80b2a991c4c3c806a99b
random_0328	modify	1729208907153	ETH-USD-PERP	SELL	LIMIT	10.990373433573873815	0.50292485299061	935074147044591149194090					1099037343	50292485	0x20d9001bd313c14b7d5bead65b57d7c8c4ab9a3d79f4cd218b1347beea78fbc	0x797158ace1f5fa7566a43f2164bcd5d53000a1a52c3f6e5eb82ef728d4274a1	0x6d38399d4415bf777b110ec8ed2ffb7a8ed2f15b27bca8ac277d4d637ca9ae1
random_0329	modify	1717140017473	PAXG-USD-PERP	BUY	LIMIT	47.0474176796	0.37335201073	649249881340561417208685566					4704741767	37335201	0x5fe52269b4021c2701328839d9c296af2eb412a3541b7adc648da454da4dca8	0x238f9f65b80120cd7e8334919a5da8fc72a78a1fac53ba33c512b099752c65d	0x3f608546488e133dd2237a4dc06b46b03acb91639c78ae888cb0d0902e48eb6
random_0330	modify	1736008901833	DOGE-USD-PERP	SELL	LIMIT	603258.58778810770271	34.988721376718	9088236435374145422045626					60325858778810	3498872137	0x4771ad28b32863d34742f030b5930d49fae780fcfbc3e67883e7a977ee8962f	0x7d78af2ba4e0cf15f2aefd1227fe38262069669625e9bb1186401d09225c721	0x403c501a8771d3168ad785673502b2141a00a4ae5ef209b5f3592b7e90a1e57
random_0331	modify	1879148829669	XRP-USD-PERP	BUY	LIMIT	989.3258602076	5681.7762979878903795	32836947234881823083362					98932586020	568177629798	0x4659d8d8bdba1a2563dddb8af9a7971187e3461829ef25f2f204137614df00f	0x2084895b19ac86d565f83c4e11c602d40ee6c285637703938d92f8116ea4d6e	0x600275e39dbe1771d828d26bf059c0063994122cfa721c4f4b2ae4c6b9c5b54
random_0332	order	1844130764992	BTC-USD-PERP	SELL	MARKET	274622.6834387446683322							27462268343874	0	0x227dee4ac5f67a0a1a1f7c1b14589afe1f6952f08c69899990d93e44f4a170	0x58923ee4df3292ff92513f64bb9efc75a0929c0679b878717c521931fb7f715	0x6eb8f8d8ccec6a55ac1e8709a7f365f209c7a79d1ea29ef45c6c7e3e7e2111f
random_0333	order	1784017580542	HYPE-USD-PERP	BUY	LIMIT	9.755007999	3364117.379231709497028748						975500799	336411737923170	0x39d661d39c5ed780438c592e8b2c6eae2c42697ba22c6b0d976c6363935ad5c	0x23162e93cb2bc216d13262a75e6ab2be03cbea7fab7da4ea3579e03118e4d13	0x2eccd5d9874e78b2f4d5ef1fa56631732e03f5c64e6cdb66dc3f55d8cfc67fa
random_0334	order	1804273603771	ETH-USD-PERP	SELL	MARKET	0.6527735996							65277359	0	0x622bd8f40b6e10f6cfcc775e9d0a453e195c5407afa4390416672f6e8a81550	0x2c75871461b14e76966528219227ac6b47b69c30aa5d208e4d374a82373ffc9	0x1e730f279cf7eeeba1a9b2aca2edf9025b14950ff9fe9430252e9d9a6070944
random_0335	order	1733086586535	ETH-USD-PERP	SELL	MARKET	20533.7241830764437913							2053372418307	0	0x2a52a0c7ef090b49994ad54743c1b39d920cf5abe6d19556cf851bf5db31e6c	0x41e405e23dabe7dd8d250fb96227cd02bccbbc56bfb77428aead3be6ec8410	0x514ced74222902881d48294a75fba341a502307b5329f6c69ea491f550d3a08
random_0336	order	1891725556479	PAXG-USD-PERP	BUY	LIMIT	4.487996253683	1.2734122541						448799625	127341225	0x4acff9c110bce1c3eab02e1462d0eb9a75647d2a16c68100f81caa452e028da	0x7ea5eac34c7ae5fd99b8a8d1fd312bab2f5d97e62943e6a01339510c24cb293	0x53b2df81f56d3e50485774b6855b627dc8da724f5d4d6b7c10a0694f71fe325
random_0337	order	1773105521900	PAXG-USD-PERP	SELL	LIMIT	6616.2875839525	38141.7125385342388785						661628758395	3814171253853	0x26f07c3fa4c9730dea8645fc1a05f5dd788d371b0a56cb30e0d2c4819f526a7	0x31f65af7f52c6f891af760700941e65b0c9d8eacc16b4a41aa34a83e9fcafb7	0x205243a50424b732517061b22ab2dadc88a995adc440c64c20694336c9c6ddc
random_0338	order	1737905611329	HYPE-USD-PERP	SELL	MARKET	786.3287550091							78632875500	0	0x5729810232fe804a73a9e8d87d192d063685e1c39eea3d00b23d86e8639c769	0x372e3cd2834f6b0cbe55bcdddffce82801495c837f9e7d0b6f78ba893dcd8	0x739afdfe8cd4646fbecef9be4dd19ff0eed5549978bd34eaab2f0a7ef94b486
random_0339	order	1828615434553	BTC-USD-PERP	BUY	LIMIT	11.9853669558566207	0.56564533846						1198536695	56564533	0x692f8aca632ac62b4368750afb3b23f1e70cad82cecb532d4c7052adfbc6251	0x6e811331cc045a2b8626d8b7586455070b6c10f5da498342bd0345a7ddff020	0x36a3e4404db6617e2c784479b14f9a1b8b09c6e1148538d6356531ae25cf8ee
random_0340	order	1716512636046	DOGE-USD-PERP	SELL	LIMIT	92.291047842	701.094169981279463995						9229104784	70109416998	0x6b21cdbb6616a12c54c59dcbbcec28f8663f5261f959b0dac3bbb727b58323d	0x61444b1c1fbe11d4e7542c722b7f62bcec0e1c76fb97b31e656f3cc9af16ba7	0x2e1d94629deeaf8afcafdc00ce3fe8db9e8b2d8796c38bbd18aa4f6939a8aa6
random_0341	order	1869328637549	PAXG-USD-PERP	BUY	LIMIT	0.7565045780838	0.75348571452077043						75650457	75348571	0x14d1a692e67c53554e6082392959791c682b40287965e6a9bd78ac4232d0049	0x6c006f54126b1894bc08a468ea49b166079fd9c619f71f6c7d19d39536f1e03	0x7abd6bbc3bdd682c690217eaa3ebe6d40bd576020fa937400beff846c0d2de4
random_0342	order	1845176841038	SOL-USD-PERP	SELL	LIMIT	42666.42351716035316490	0.20471960446						4266642351716	20471960	0x48c89b727a56c5c0d519161a59de8c8c4e0f586cb779a709eabab444175bb69	0x543374355266a5879a26f4f076fca52d7d672f4e1e825fbbe91f08e633f0ca3	0x200a5767a7b0103c6d77ea72c480253577483d4baf489c861cc289a358ddaf6
random_0343	order	1827783192356	HYPE-USD-PERP	SELL	LIMIT	0.48845555356150	72.2288086902						48845555	7222880869	0x5764f060051e952760a5a978fb67f60188721ba3f5f62215643b056cb294c06	0xc7424c6174a000bf49ce783adf67500469c5b007e27e237cc19918cf10ecb4	0x799a56b386c4ce47befd6d59826286ecfdc4f55873db5912c340fd05c7933cb
random_0344	order	1871667412187	SOL-USD-PERP	BUY	LIMIT	2925.0629704854849	739.6450404511151						292506297048	73964504045	0x37574f2baef1284e4380a6ecd04b9329b2e2df88244efa2250cfe5a81909d21	0x68b97c43056ae5de33b63ba153cab6793a59b8a9fd318ce22abb8198a52c96b	0x5334d7954ff5631c08c71e5da6651371327c209ec5ee7d7eb4c43fb9977da6
random_0345	order	1809071509532	kBONK-USD-PERP	SELL	LIMIT	400200.4698391367990728	32952.051459838						40020046983913	3295205145983	0x5577dfc028dfd4985ba48290043685f24c5d5e90ab4dff76dbb527442468f7c	0x48903c96c5b41998cdce46b2e8a8c0d9e678927fc38444f1063550184348b75	0x459ab03cc923a50a321834409e6c416922d3fdb05091054b598939f6f7ca621
random_0346	order	1803694082181	ETH-USD-PERP	BUY	LIMIT	27026.4354447515	6692.66912576259						2702643544475	669266912576	0x370714dbfea16d7633aa49e4f18eb6738e1140c5bdc2b74f35805977b9ea69d	0x4ce902b907b6562e1849188226fd590df3c4f99ea2aced5c32367d67b7ea59d	0x5586300d393be0fb84c858256925b9e6a404b05734d02f19d5c0ccdc8c1dcc9
random_0347	order	1840995755872	kBONK-USD-PERP	BUY	LIMIT	20744.14515575433754970	551438.661659529						2074414515575	55143866165952	0x6fb91a70e285fffaba5015a0f3ebdd73204dff96820fa271234c7a79b987b4e	0x3710f82b25ac8f9f05bd3dac9f16050788522f319b9be33121851f7b26174e4	0xf5c5b1b37a5ad6dea730e3cde7aa9509ea59dbbd51a96da9fd045cec4ec617
random_0348	order	1750322955693	ETH-USD-PERP	SELL	LIMIT	1828.823554691964	4770232.2549855532837						182882355469	477023225498555	0x2409b79f8f65141b63a217bf7e235595a4168813f6756d89dfb5f3e0fb104c2	0x2b558ca6b02e987923d0a0a2f7e0cdfc2c533563e5bfdfc7fe19bd19e3fedd2	0x63fafc46f4da68808ec9fa620d8a66844018d258f35e0c973201cc3b22893c7
random_0349	order	1747514311738	kBONK-USD-PERP	SELL	LIMIT	99619.168963988	56330.82619693630135						9961916896398	5633082619693	0x2a70d1c2c68cb9a42e4b24e93d4aa7dde1c55ffcf3d86ea23bcc8c2d6ff1e32	0x30178744521f9382926282212ffa6b6b1cbc4d043f90e75a33dca89c6b160d3	0x3ee005c9447109d4bffe36704c4b3896349de9ec7dfe2fcd17b3b4bfbdb6bd4
random_0350	order	1887766306034	BTC-USD-PERP	BUY	LIMIT	2754.28499382697183131	3005646.6089809961						275428499382	300564660898099	0x6b98e9d2dff4ca70494bad8012167fcb567256c4f4dd5067dde2fa13f0976b4	0x3ce5ac2d2387b8bb71d75926f12bb5fa809a1a5c0b15f48e5de382c080dff0	0x2b9763ba2aa347b0a0179fe5891295950872848c2b5caa2981bd1e18d82371e
random_0351	modify	1830573166470	DOGE-USD-PERP	BUY	LIMIT	953461.1445608308822	5385.556318692	126452056591585187389735					95346114456083	538555631869	0x92aab758f9a2f3f73424d42946995d64ded476565e77e89df90eedca284ba9	0x3ae1482702425350f1cdfdba49c77c91644eaf752bbd331ef0911469cc85217	0x2b8380ae3ecd7b535161a3ac4d8fc2a6f68da6565f3db75facbdb45514f1ea6
random_0352	order	1756778160397	XRP-USD-PERP	BUY	MARKET	56.2964821809							5629648218	0	0x60bb83b42d858a539b2cd92ac8d2418027d9f8eff0b7bcc660da9edcb2d9c18	0x312a2369402a569487fb80ff54a6d6a97f8b70d261842098339843746be579e	0x4f7f988a3a8a8efa0dc9368bd043c14cdc41ffed4e2861856e01e64f7076721
random_0353	order	1880997219567	XRP-USD-PERP	SELL	MARKET	353040.859811735							35304085981173	0	0x4d4b677fc113999b56c74ec9672856b20a3a008e05553a012d70a0cbaadd014	0x595c1515fb36c717a50cbe9ff1501698a88b45b3e3be562ed4016893887c32b	0x37234cd729f9249862b8983e58e3abc8aff88046403043a1c5485aa587a20c6
random_0354	order	1814588105083	HYPE-USD-PERP	BUY	LIMIT	83.331866166186498	0.233785953790341						8333186616	23378595	0x25e70e918b03a0dc37f8845fe3a8aece42656810565e2be8fd41d8366bce985	0x69710fa551b91c83847288bf6294b798e403fcb8e1a1b77b54d1488ce8f588d	0x4544d35f8fcd3ec8b9a8dd227dc890b7ba3c11ae05ba7c68c6a7f67685697ad
random_0355	order	1780830155144	DOGE-USD-PERP	BUY	LIMIT	78750.168208036483969619	45.124995016231771260						7875016820803	4512499501	0x4de47cb82c864a384fc88249f4a0e4d24dc440f5780c0ade4cab055d1c39137	0x45ddf57c029e7af6844f609b4b1cbf8bd23e7ab184e5e4e6950b9a268c7c851	0x788cd33f3b9165761a08e35c156459e98d1cb8fdee3c123d10b92828e007da4
random_0356	order	1772430874866	SOL-USD-PERP	BUY	MARKET	471.380762771821453083							47138076277	0	0x498224c8e14744d5df45b6a4470e18ed61ea9668f6ddd2e40515cd42f29fb18	0x399a359deb77813086943d3f66a00e6c0eb78514cdbcf3eda28dec6ccade80d	0xaab89e15e99897c0f98c762f4636df1b6b09dbbcdb4fdc22c6004fa8a4a068
random_0357	order	1864248874435	ETH-USD-PERP	BUY	LIMIT	0.7025540453696	9.454812530592262207						70255404	945481253	0x16f083ea7c5d341ff540c28a46140d1a5722df6c5b988a8ca507fe45162e750	0x5659182d79df05a8a9b3f95b6a05b2c971134f84cef089037dd73c13e11f881	0x2f1d6e48115f23940f4f7e31449614f85cd4c787b669922a422c8465aa7223c
random_0358	order	1819992671761	kBONK-USD-PERP	SELL	MARKET	561614.9506001478							56161495060014	0	0x59fe677e7aa82444393747f7b81b3db56ee4924bf4448a39817a22b46373e26	0x46878018ef808110ba2ff4d914c20008ff07cfb883da29075bb42c5e9cc0603	0x3eaa343900cbadafeb712d75f0df227713bbe312a5499f4e33c9f72a6360e
random_0359	order	1796899722917	SOL-USD-PERP	SELL	LIMIT	8699.418512622780890636	0.411168066839915						869941851262	41116806	0x593447817537637785d929ccd1f38c78ab1231d718e6b2211a8344c9c0b7ad6	0x683c0703cc3b550d8a5088fb6998ae0016a00a8d4d1db3a63d2f80511ed7d08	0x1462d6ae3dde55105f2b6025f699a9423d183da101a858e0ebba2c3005375fa
random_0360	order	1865729216840	ETH-USD-PERP	BUY	LIMIT	8.24945656693753286	5368.68901565201000165						824945656	536868901565	0x7643fdb9ac2256873aa155b8e1ff11ff899d19284414288a9575306fb18b5bf	0x705ca264bd13b2f866c182986f2426036407cc3876e4d6485c4b3c74e94f67c	0x7b4e74edf581650d18bad6ac85fabd76941c09efdfebc4e2539aa8e8bc2e132
random_0361	modify	1866093299661	SOL-USD-PERP	BUY	LIMIT	8617.069358988981773	5604540.1330336938	49551037832291023009107932					861706935898	560454013303369	0xfc032bdad8450ba6ac236074a66efdeaff3df65a844bf72a7fb65eb0c35ceb	0x58a940c2812f5ef4cd64bfb76d93bed489031ffa72e121cc3389acb1908a777	0x686fb3818342fa68c0629229a8428267e4cea91000afe2813fdf44527baae0a
random_0362	order	1743375000351	SOL-USD-PERP	BUY	LIMIT	0.420378712234524	75188.81761481773728						42037871	7518881761481	0x362c363146eb120869a2142d412a93576d5391acf9cc34b33b8c416fa773fce	0x7b5ac21e0a405c8ad0f63e9b275cbc2e0b2efba02dd6d1e46f21247b2d3c43	0x4c081091c6b4ccaa7337c1bb5734b62fc3159307daa42732a60117bf4a6728b
random_0363	order	1800119228825	BTC-USD-PERP	BUY	LIMIT	2.91493122795985	94.2672639034						291493122	9426726390	0x257a0f91307ba75616f8e9fec96a3a6b082a53b9c276382ec2fe1431bcc7d83	0x487744ce1d5e236ece3a9c1a6665e21a5e94bbe80cc2cb73e5372641e41abf1	0x3b549e470e023df7d3ddc38c3a7d34c5927f0f46772167b5716bc08f5c6f2f0
random_0364	order	1778197793945	DOGE-USD-PERP	BUY	LIMIT	3927.44111678663	0.83663666385						392744111678	83663666	0x76ab743f53766342d78a44b37f655918831048c67c81edf17ea6b80f692d3fc	0xf34c6b9926ffe7e004f35f40432b949f504b38c01252ae2dde0d6e23e784ee	0x5f1af0850764100b286f1fc5e7f4dc7cf2bf318887f73c0dab23aed182fad6a
random_0365	order	1817130952905	XRP-USD-PERP	SELL	LIMIT	7363.663721146267508762	859.030694451458616153						736366372114	85903069445	0x10c13e00156893b83e8e43dfae318cf134e32c9c8b37a9e538914b088f9b8a4	0x66d8422687d47058768d9b69511cdd1da3ba6daa05a10e7113aeb6aa19e1556	0x759533b056171928b08138a9ff86429ac5566cc305ccbfaef50bb1a6e3e502b
random_0366	order	1743925664878	BTC-USD-PERP	SELL	LIMIT	14751.524848338585870	32.917938612277935145						1475152484833	3291793861	0x3a93ca5c11f10a5eafbb8ffe844d73a4f6328881b9121309e4638eb72a0289e	0x13ed37a051320f75c2636361b9d70a64a31bd1cbbd60d445097d466d128bbd	0x568f4d1fce523bc4669317beb4c16c018b5414ee0d926f5dbd3a00f808681d3
random_0367	order	1864667488893	HYPE-USD-PERP	SELL	LIMIT	1.63119005053848	830.083231472						163119005	83008323147	0x13b10a188da106e73288767921c7364589ba6d88aeecca8f45e8e47479af344	0x28f0a059531aa734675b607aaa087e3628833c713f879949679911985270559	0x2a97fb82c33163920482fbc69c299be4614347089983fe22ca9c58099b97276
random_0368	order	1703852999055	BTC-USD-PERP	BUY	MARKET	41.837284525108994							4183728452	0	0x2924823d7eeeb678295483fa8726139b6c0b497826a214f1c0c6d3726dce5c0	0x7a7fec8b5d1e790265996c45d9a62518ce63ab610bff6906a4a03630ddf1b7b	0x6efebaf3b5215a79fecd9255cbdfd0fcf74973291541c4feae20630f0ee6bc9
random_0369	modify	1823767827449	ETH-USD-PERP	BUY	LIMIT	0.593978714433	93237.044949010210	76883967401857538649552					59397871	9323704494901	0x76618f05780d85ac7ba3becdf9432b653acca6ac16e20c497d2d53f705e1c35	0x6f9705d975c4be6dab6da8e7924a8af07c28ec587a884b5f363716d07de6088	0x28986d34f233a8d15556616fb09c5ffdde1bcf191c9a48d2c37c2a329f5cf02
random_0370	order	1784292922068	DOGE-USD-PERP	SELL	LIMIT	86743.0061496049779	9476174.1238381936157587						8674300614960	947617412383819	0x3aaae16761d4ddf41842154249596dd0d4d5082781c8bd3409eb82faf0389c8	0x654d84ff58894634de5a9df85b53fd8f2d1430a17f98f3488c27e3f94bc7d93	0x156010598314a0d4a53869d66c5faf8dfd4b3625efb9af27aaa0b384a745f4e
random_0371	order	1878590477800	XRP-USD-PERP	BUY	LIMIT	970119.773636353	6.2442216508						97011977363635	624422165	0x185dc782a94eb1867295ac9604811043b1c954730362a58ab65dcb0e4c1e1b5	0x2fb09b6411348350d4a43cf8c58efd752bb0fe80c9561ad5e855312dedab4e1	0x6d4188dde322f1d5587a0ceaace29b63d6fd4890e5f442fb08a661e11a0ef59
random_0372	order	1854916399928	PAXG-USD-PERP	BUY	LIMIT	445593.556156147612395909	819597.23789473941750750						44559355615614	81959723789473	0x415e0d966bbc59175833fb5f1386221f0e02099dd9b88bc8fe46da8abd8f688	0x169ec69b6cabe3f98354bb8858ddb6554070ef2db98b40eae91a3450ecbad35	0x2810f8050e727d0c2add8d8cfa9fcdc72659c391d4239c91b1375d3a3fb6260
random_0373	order	1826047687366	kBONK-USD-PERP	SELL	MARKET	0.29280924196773157							29280924	0	0x688dd56ed369eb47314aaa61d0029799d2c739c8055edf155e115e652550be3	0x1d78bf340fcbf1e0193d92851625b22a5611b07955dcdb568ba132199369a69	0x22ecd905c87f83a5902d00037c2b306879aa4105f5d09f0c46a33a751a930f0
random_0374	order	1726583596052	HYPE-USD-PERP	SELL	LIMIT	0.016732709	456.28996539817						1673270	45628996539	0x255a7f04ebb089343f4f35f1ffdfc98147c4414f4517d4069aa3db66bc704de	0x588624a134229e6f6e06bf7a79205c5b99a54dfb3a1b8cae3fff5f69a0cf123	0x15db28bed8716e4f4795551f840aaa4b81b64bce38c4ca59b1c7311f49a8b1d
random_0375	order	1837663299657	PAXG-USD-PERP	BUY	LIMIT	27964.47019473964	4092.27662762322743						2796447019473	409227662762	0x73a1cee6ca696f49dc0934ac0bad71a4ef951246b53712ea186ce05de53f313	0x6e1e8b39ed41f730041df202ce1c1a09e39707f26de5dedc0a48f49c239f554	0x548dc22483dd7a801b03dad49d87960d603ca0e17949b01899d8b119ddb91c6
random_0376	order	1789111602231	ETH-USD-PERP	BUY	LIMIT	27.547180868671	4014295.531069751143						2754718086	401429553106975	0x38310d395ad7fd6c8e06a0ca74f7217e44a8bbb3f695ea31bd20897b37f2a33	0x89377c0d20e10f5a8755f34cf1aa8f10eb45a340c47ba61f34a8371afc115c	0x41966845bdb0afb6e84e1ecf37460817dc01b7ca4b38fb0086c5dd24d30aac3
random_0377	modify	1736989366265	HYPE-USD-PERP	BUY	LIMIT	8.3986845407	8.548822758984456638	674941544588494631449					839868454	854882275	0x17d2e5e25356932ab86ce4f2f4d3fc5bfc26d5cb1a067c377f80bbaa5c435b6	0x7b04e704c77ea7d12d0a089eb0bfbd8df5578ad4e0db2b12c693b3addcae13e	0x76b5e119415aebc1b62b18b0e1c625a6a5048dd80e349963c5e9c6a1307fff9
random_0378	order	1846203455396	XRP-USD-PERP	BUY	LIMIT	599624.126987119069	2737.92595619150873243						59962412698711	273792595619	0x155cfecc80b5f284372df45a1abe68c51e80b0599c3fc2f2f514c8b830578d9	0x36da603a440b6a0cb7cd7a0c2a934913e7af5619a60840567faca2728592068	0x2f1ab2f515614c0bafd4b84183a6493be33dba362ac822d1697b3467f5d47fa
random_0379	order	1812384210384	PAXG-USD-PERP	BUY	LIMIT	3.6829307480724	28963.77951580997976						368293074	2896377951580	0x7f7077fbbc87b97820bab250d3eaf3edc699b81ecac3029a47fb0ad66d34ff	0x13e4680f7c9665337f78cf6e395d234a3b77d8efc8a019effb06538b208946	0x2779d5d35115e95d129a2df75acdb51e65345722573fec16b856f8904c7f1c2
random_0380	order	1803646516417	BTC-USD-PERP	BUY	LIMIT	7.3717669410	4539.570423390698576						737176694	453957042339	0x2a078f4033ddeadd8233a49f41f915fe223ef3a622eded0c7ce11c549dda4e3	0x1b5af66e98ad635c1119550fe1a1352dca3b22f05179f3ae8adf0f6957bbba7	0x433fc6430b02f22d77dd717f31cc8bd7cf872983d29f84c8f46fa28f419e7a8
random_0381	order	1714122880058	XRP-USD-PERP	BUY	LIMIT	753.004978327766	622902.5625991399217						75300497832	62290256259913	0x57431377cc96bc48d4e9d84f145dd5ce678dcea59c7697d4d41ce5041f55dbf	0x1dd2bc1e66ae6e5a23b478da6d491476107ebc271d4fb28dbf31007aab20ba0	0x565c10086720c90ef1ef550b9cdf7e69f5cb1f16b132ea5c754f6c9ba19109f
random_0382	order	1843102715080	PAXG-USD-PERP	BUY	LIMIT	7.66027049921860252	2127499.2450046141						766027049	212749924500461	0x41628a573718d466d75b11ec51f881c4fc1f51de6507a42f02a4009cdaa1488	0x6fcfce00d3eaa6f4d3166b7146cab8a900ee20f6c1aa0e55d64c65e974b2fe3	0x26c3788212d1f4cb71800d581be6ecc316ddcc9dfbdf4edbf5d3dc7b32c9b1a
random_0383	order	1836907225632	BTC-USD-PERP	SELL	LIMIT	3895.8233690292237757	8980995.603688992994						389582336902	898099560368899	0x466944ff22dd1b0d6bdde6b59593ee10bb61e7a1cd7ddff8961b71056e88664	0x7f13a98b33cf8b6d49739cd4fc3c0ea0112027034ca736adfec10ac7d6b94ea	0x5380119500ac697bcb9e3e34fee370dbe25df2756c763806a11637492d7cf73
random_0384	order	1869249538107	XRP-USD-PERP	SELL	MARKET	7874.18904809501343100							787418904809	0	0x34215ec5fbb6a42aa1ade914b62c3a41d02d4db3ac4182ec1a1da3dc17f98af	0x73011b3086aaf45a6269db73cd8c33a5117c85986859d724fbaac4a513437fb	0x4c118de6afb2b6ebc9f1f4594653889b0acba591bfe6a91ebd26360307a0aec
random_0385	order	1884002515372	ETH-USD-PERP	BUY	MARKET	935788.950354596062							93578895035459	0	0x74e91d0c6fe14724bc02fd545ccf4240f077f63c1da5ecae39a4ed0fd91d769	0x1b463990ce408e8664539a98e14acc02e3e04c56529468aebc31f178e2c3245	0x6289acc788d72ed83c378860819171d36e52d2d11d1bd59403a6990fa233bd6
random_0386	modify	1810833645200	ETH-USD-PERP	SELL	LIMIT	955.20800064377	51619.44004014985560	566778123652292452113					95520800064	5161944004014	0x2347954d1862430c0ab78afcf3c96a3380dd44a99a2af3e66ed3faf9712396f	0x9a0e778d3ebeb6de4940a54177840c1ce84a0452b009ec3b34ecb5a8d7a551	0x6c841d5b8b28643f543b4d0ad182f97d058496a32df8d09469b4f95fbddae7c
random_0387	order	1720868304479	DOGE-USD-PERP	BUY	LIMIT	966.8387383515	30.208377697						96683873835	3020837769	0x7baf641b4cd040a9a0931d65a2492a6f5949df1bab79ab182641cb91ad93b2a	0x15a33f221b9b523caa80a8c2855c752367cab0e2a392f98e3837ec5e55686ad	0x783c2bfdd2c277b24bc0629a6ab6d558112509740fefaad5920779ba082865f
random_0388	order	1766929218916	PAXG-USD-PERP	BUY	LIMIT	51830.0988387729399	91.876469098690868765						5183009883877	9187646909	0x794124f21d74025dec1e3c79067b822801f30f4c4c46366e902edec4d2c7f36	0x40e444649e0dd3adea10d997927ea4ce34a427d1c34c36c2707b730d4bcded8	0x5d4080fbe9cc3dfdfd4c0421c30031aaabd46909b7552676ccef0563a9b5995
random_0389	order	1804284718024	SOL-USD-PERP	SELL	LIMIT	385321.3566357314700	5.4051465528613555						38532135663573	540514655	0x1c9b9857d5fa3c118ee0108e17c5dd9a87a3d2986ca6b598872d6f199ca63d4	0x2aa8c42f04b3957de0004a39831b53fd58a7b2130e98810b208b5679d387d96	0xfaea313abb6d8b91ff5cd4df9f79c892788d9891e59803004e6b5828c919d3
random_0390	order	1734332721119	XRP-USD-PERP	BUY	LIMIT	6294.8720954457	6465.732399861713						629487209544	646573239986	0x72b545ae1db42cf1d3d8afefc74fa0fe236c47e932abc7ed95449b50e7a4015	0x56f6d61db956ae837a70e7092fc353c7edf3793734b046b6d14833b5ee05592	0x6f5b433a8392b1e389e0ad6c221608e8a99ac467c7e9c127c3c206457e435e4
random_0391	modify	1745194889556	BTC-USD-PERP	BUY	LIMIT	0.45337328719363513	567843.102251453	573041130157148932663					45337328	56784310225145	0x6a933d5401d58b655ff8d6ad2d7022726d915170140688a67882abcc0e68d46	0x6502a52fe1c13676990bbcfeae6f77303c988588fcbb389c2160a716205b476	0x1015b3284e2776444eca48acc84286cf1f31d392ac04f6c42029c0628ca5a6
random_0392	order	1806662655510	PAXG-USD-PERP	SELL	MARKET	3.50775582433							350775582	0	0x58c90f7d02d38b111570161572c86ef3f85ddc5c6c6ef50ae1f7d3f13c183ff	0x7ad69de9e33c08d210f589ac2fe539a4865a4437c8bc31d20bafa765665090c	0x78eb9e24d8d4b1c15d9412fbc1ce28b906b92b2fa27832092022f3386c195d3
random_0393	order	1757721037603	XRP-USD-PERP	SELL	LIMIT	80182.26257499420062122	2.90582245821462						8018226257499	290582245	0x27dd003eb797ec161fa78290a4141e83afe49140783ff33648fc7b7b30d6070	0x131a5292a7c977475a7c8a59460f6f70b9a41b4afde96e245ae6aeda2de4991	0x730ee20a78542650adad1011b3b06cfdb9c317985b2a6d7303c060e2571fb89
random_0394	order	1801760414251	DOGE-USD-PERP	BUY	LIMIT	45879.988019628	8446.451886554						4587998801962	844645188655	0x5145ab479ad4301d655af31d458479787458fcb1377feac1a6c9a6afb0887a3	0x9c5b1f7a7b850bef3e40252f02d4558fd05a3d6421454e5c0ab1ce30b108bc	0x581775fbaa1cef140e977ef91ad295d2a7f03a011af005a4c109384749931c4
random_0395	order	1807028594719	DOGE-USD-PERP	SELL	LIMIT	507656.738361216895487163	0.55015730072627970						50765673836121	55015730	0x3f994096b9f3214c422d352bf86c63cf94c07d9d6a1c869be6a327d6236f51	0x15609dd371706135e5f96dc1d88978be627b74303aa033019a5c2d65bcfd760	0x73129f0b61b2013be7ad5f24cb36dd0aecc1b96b3e1b580321666c5dce10fce
random_0396	order	1882746928536	PAXG-USD-PERP	SELL	LIMIT	0.7598438235886	0.82324072145						75984382	82324072	0x10d5f7663e729e0c44b5a2b3053301f6513edc14eb6dda5c285dff88d4e84ce	0x38d3a14bf6ef83e02a8e3c9de025558a2126067a6b58fb23705f8136aaf32b0	0x5538d3a6b6a93fc673300bcdba3885baee87d4e9157982442e59cb25aa234a5
random_0397	order	1809918288480	DOGE-USD-PERP	SELL	LIMIT	78.6020535905	24618.9017524494087						7860205359	2461890175244	0x3ec2642d4be4bc89b9af446f5f8adf6b30fa4fb05d719b2ce6c56f6037ad62c	0x19f807e5081ad30c890af0e1ebd4fa0249573d0abc5b0640731834d4f0df4c5	0x37124fc9fd780b1d89b636435a6a6c3bb1715b81b3419cebf6802abefe4fd97
random_0398	order	1881257279193	BTC-USD-PERP	SELL	MARKET	0.276997560631							27699756	0	0x204ae2d450d254c047628780f3a600a64de5be5f5fe4500a889560996f05858	0x535080f8fb07cfc55de9228b51a49ccfa25bd765c8099ac0cdd819a39fd70dd	0x1aa014e03e4da18acb4ae0d7e61a108dfbcd45f5cc7da6ad2bf4520788ccd83
random_0399	order	1704866326269	DOGE-USD-PERP	SELL	LIMIT	38.683548181475888558	731.574777856030345790						3868354818	73157477785	0x3f8f9869bb83658824d86d4c57ca080cb45eca1239ef4c0918aba8c6e2bf495	0x6aabefcaf51809022567cf7ce30c52e9ef65e150adff6fc1fdf985e14d66e42	0x43b4ac11c15de3faca474c5d5325fa566709cb37a8806700eef89d1a45159f
random_0400	order	1865549392807	ETH-USD-PERP	SELL	LIMIT	6.54185973416036	67.859492546466						654185973	6785949254	0xb006851c68d23dd08b07cae74ab6639c89ebb23b70a57feaa53cfd5f8f52dc	0x16974e12a2f0a81fbf13f649fe283d327132d293931ed07ded4f79b8a7d6977	0x6d801dfdc244f2699486d4ee04a13501a2200065888f4ece3690b310a4c049f
random_0401	modify	1886310083353	BTC-USD-PERP	BUY	LIMIT	30099.657481854497041884	650.58940969547246651	5903129004961555159254794					3009965748185	65058940969	0x713e5e355730a3f0ba26ca1463140ac956a59cdb9ce7860b74859fb6af656da	0x24c58b20e69dda26c97a66f0e30871bf3d680c765320933dac2b1d3a34d08b8	0x58016a82024a5e81a581dbe01fba02cf1f2c016728a4bb35f41dd9390f49cef
random_0402	order	1793469431351	XRP-USD-PERP	SELL	LIMIT	95672.199827937971	0.146635369165158280						9567219982793	14663536	0x10bd5dd809637d7736d34ab2cd6ac3c3d79ef397cee902b727296c5f79a81c5	0x59b60d5f7bc9571e024427bf4492b5b060f4a098188d56beb86bf08053a072f	0x5941bc3ddc5769d72a4bd7258b4b3bdb000e8e67687617473ede4ce40ae083d
random_0403	order	1835287883876	SOL-USD-PERP	BUY	LIMIT	992566.4305722790524667	504.151084266653307633						99256643057227	50415108426	0x1aaf35bc9ddcf67b0b9ae21ad354b45c802884d087bbc9bca58d56aeded164f	0xda40af94161aa51f295c9159f8e38a3b4c0522f77a48509b302b50c62cfdb7	0xd00452d38ad0b74e478b866ec9c4f89b2088dddbfc486714a895173bffe52c
random_0404	order	1723107817401	SOL-USD-PERP	BUY	LIMIT	13.089096146783	755031.3067141456021808						1308909614	75503130671414	0x4922f1d0b4ed0ffba06e270a40879390b8e2d6e8530ef22340f32763060ef50	0xab7cb997c7b404585d2afec523ece36c4ee3319f17412619cb0bb18b4ac150	0x3f1e70fbbad52dc310c254e94f6099d4fcb3f21775748e3517458e220b9275b
random_0405	order	1845463092603	DOGE-USD-PERP	BUY	LIMIT	80.50898834573651800	0.3693532662						8050898834	36935326	0x3c385fd3fdb5090dfcd2cf7d006700025e98b36d43147165ab5d0106c80d3cb	0x7aed8d8f661e1149c341677cc80689001766f6be197430713f1df159e126e8f	0x3e573bb4b9fb4ce5e8e54677ef8aa4617c0fbadb9feb7df2b119e117cd34978
random_0406	modify	1808028685380	BTC-USD-PERP	SELL	LIMIT	0.095295098150	327.98649058628	363236446488747614677					9529509	32798649058	0x77f267bd7317454af755bc481438b6b05d55e437066ae8af98cbe1f9b1a78e0	0x1035d33ddd4583f86c790f66e2b5c7ae8b0a9125593502d82c061fd276192b3	0x7b829122f58b8b4692c1e235a44b9406f12a766a34f2627405674449374734f
random_0407	order	1888276611115	XRP-USD-PERP	BUY	LIMIT	431337.0290184166	7.149129281134080						43133702901841	714912928	0xf7defe7199e511fb9dc4f2e042e7fa7f100d3ec2aaadc98a6eef7bef97479c	0x3f4b1ed97515db5568313f0bca4f306501d74c6c211ed5117918f082f507730	0x65335f4bf2ca9dabb027a9b096d1a3f6bbb30856a8e52c7e40ef00f3bfc2e8c
random_0408	order	1789764965896	BTC-USD-PERP	BUY	LIMIT	258.083637792732871656	886.4526755818671						25808363779	88645267558	0x609ab6594e54859e6c5410702ee2048331a575a2b03242a4623a5d6e9a3c353	0x71476da7c57958f02a23b260d991716919b14ddeb7075643da153f253c6fc0a	0x195d6f83a655aa982e9cf7d166248714583e77c3f2a0a7be9140840a3b54c75
random_0409	modify	1882734515981	SOL-USD-PERP	BUY	LIMIT	9.6781570240800	0.5955448442	311622094620790751159923596					967815702	59554484	0x2795b38bcd6652a301f16bec551f7e6b393e5f61e9223c45b6d6d7ae11998a5	0x71a34971ac6ff5d9813e6d0fac01582fc4ef0220819b4a641436cd96de9b05b	0x235b1fe82258b7fe90d30780d046a4770a45d2c3c023164f9259748fee3aa6
random_0410	order	1777173432742	SOL-USD-PERP	BUY	LIMIT	36129.6341386213	553968.589086638454429766						3612963413862	55396858908663	0x30bccfbe86b8f9680162512e57c351f238d9a309b61d30c8b9f46e169d902e4	0x654bf79155350110f5672977ff0130bc3eb066730f5ad3e22f2f955f3d0b515	0x6b72547a7c3907cb8cc1fb1d83448826624c0cfdf360aa3af2d542bb59b63da
random_0411	order	1703474787849	PAXG-USD-PERP	BUY	LIMIT	928.370695209107648	1648.3686749679						92837069520	164836867496	0x714e01d59b7773d837bdea610fc9b4b0d96f1bf03340a3e76f1b43a1f4796fa	0x40f2df9751e61f634f0930b3f57758122eb7d700d73e0d7057d1759d0e3f7cd	0x271a81692996698279c21f1f2c31867dcf3aaec9db701f6c740b3856e40e8f8
random_0412	order	1806973502824	BTC-USD-PERP	BUY	LIMIT	9188.98069920263	6528.614560340277477770						918898069920	652861456034	0x44eefb818142c39217edec3d711b2500cfe207f2be4e2bbdf26d5fb233e85c6	0x7975e08fdb35f6241dac60089da3d7ddc83caab786cf307f6464fed75039e03	0x1d3e576ef506312d65edba71a6a4fcf14067756e6f6b07a9c4e1084381c3a5c
random_0413	order	1876164676793	kBONK-USD-PERP	BUY	LIMIT	9.1310231977992696	0.6902625022020268						913102319	69026250	0x31b615c7e72c9428f1dda5c95a357b86858180c14e6f4d50b4180b9aa99e6ef	0x48c3ca0c475d691cb3e7d40ee5995525bd93873e394ddf339f82f1525be09c6	0x19d6fc7d6314d7f0b5e5b2177c1fead306598e735d169c0d12759337f801ec5
random_0414	order	1865178630407	ETH-USD-PERP	SELL	MARKET	0.3536739627794							35367396	0	0x32f41082ae49767a617aca150dd220dca870e8c9fd4d7cb7e76cdb93112668e	0x4e804873d35f717b8ba134913e169510a38d2f37c405bd5450481046bbce755	0x5a0ad9d2e54a2d0f77755d4580723fcee2d70b50907b1609a4ad3463ed02bd7
random_0415	order	1850758205137	BTC-USD-PERP	BUY	LIMIT	2.04437930883909	778.641772473788207757						204437930	77864177247	0x1da0fa097452ed23a82b79374f273ce876ef546cdda1da7c5e5a43436e169	0x7874380886ad2a00ee66a3afc00dc52c33824320b08c37b358f50a161cce1f9	0x32b0d30cb94320e21e64a17cb549097f3b8645e3d61d4d0b39b88593b7d121e
random_0416	order	1898830978218	PAXG-USD-PERP	SELL	LIMIT	51149.26124801020805	697.43466345214985						5114926124801	69743466345	0x4a6523c44c76e72aa83bfe23a7c73d0b20d0a116a60db2031827a1e0e64a55	0x626524274f61dc997ce1cde2737fb8b2cccd9b153369783599ff43de127e41f	0x2a5edada8761b95b6bedc37153112b147ed0cc98a72bfb31a7a65eff6dc6d69
random_0417	order	1831951620578	SOL-USD-PERP	SELL	LIMIT	0.6824172997207	72341.972349032376						68241729	7234197234903	0x68a139f83e6719f764ae495183765d68cad9b4b1026b50564a82b796ef195f3	0x129317c4270cfd59cceab14d88eb0fe52b95b07b7787890339bfa800852fa53	0x6e59047ca5ae0749ed12d006a672e157da201e80a0dbcf01339139a57045e7c
random_0418	order	1703449038083	ETH-USD-PERP	BUY	MARKET	0.298428800002266005							29842880	0	0x5d8266f37e2031776600d68a19436099a08acca1ca03572deef2fbe81e54efc	0x5880eeb30689b1492210b165ce2dea1d82a8a443e612a410533937209a120d4	0x22d08186d9b9e48f172b23279a54f266111cfe6a2b01eb0d92837f27fcd9ba8
random_0419	order	1830083545342	DOGE-USD-PERP	BUY	MARKET	494.5536415882							49455364158	0	0x4d1c45bc8589ab48ad8439ef5036fc7e1191e4bc84b35590c685c0a99ada6f9	0x440c84842709a8795c3323779db17254e652c744f754c7e3e5db5bccc97e421	0x1a97cf232de678090caa5e87552932fbafb25075192c88b4234fd4ebb55e534
random_0420	order	1836601347142	DOGE-USD-PERP	SELL	LIMIT	50979.045480220444868	0.78788179991964						5097904548022	78788179	0x4bfd9e8c7aaf2cad129f3e0e6bbcc673b2f1458f0bfc0c348992af1cb6803da	0x506d164787679daf541ca261553eb456d24ed57250576e1c523ab8f59df9087	0x4e960cf9484b0cbed009b414d47e881c24e619353f4cf52458af82331f62635
random_0421	order	1863057947315	kBONK-USD-PERP	BUY	LIMIT	967475.98685185200613	45.0533880020						96747598685185	4505338800	0x283718a2e5b930a6647335ea0146ff109b9ef44228cb5678aa01c72fc68b0e8	0x39230c8e68c084c9a27b3fce230982a0b99254793d6202dbbfc3d3bf67a8ff9	0x296172d8b39c6f23858b7d8fd486129e997f170bb970fb717a038fbd7e9b0ff
random_0422	order	1720571514887	kBONK-USD-PERP	BUY	MARKET	0.9175690088							91756900	0	0x160c8f35e8c3e4b101d331ff3f4a2bd3459c371a5e115193db0edeb1d39eceb	0x71f7252bed2566926223e1b8294781ee2fa568c5832a87383738a8a5cbf39e0	0x3f4cf2d7a3cd634ed814de18d2554269f9586972cd42eb0d3541b38db7128a4
random_0423	order	1717424779056	ETH-USD-PERP	BUY	LIMIT	26.888907158265160	0.698924819028997366						2688890715	69892481	0x12bd64c883b04ee3e0366959addb64a612c9a5076039d7453be4b76cce04f5c	0x32805ae9053e6de6844f4783fb6cb1f776234b45b788d2aeea0822970178155	0x126b1e365b280aae1ace9dfda1d79c2e2d1dc8f8499ca39229bfa25dcd6b624
random_0424	order	1739481615489	ETH-USD-PERP	SELL	LIMIT	363.968690933128	34.970903693322						36396869093	3497090369	0x2f785f83790cf504351ae27a30c45d22a56cc4f099fb4a46f5977a92f8a1f0	0x2abf4e3e54b65cfead9e75f4897ebb45feaf51410cd46babef76b5738eba96	0x6f228620e0ad6e95058c7af9c9797df61caa69d51b9704476ee7cc9fa7c70db
random_0425	order	1817009719943	PAXG-USD-PERP	SELL	LIMIT	49.15426836946001	9430.458111750355211						4915426836	943045811175	0x6b739bbf81818a187a3c919b63eb5fa258a97100537c267e32cf4ae355013a3	0x4446aebdb64a48e186a4165c6dd08cbf8f8d203b45ecffa53d25afbf4bbca2b	0x96f085fdeb8679802143aae9e8e2d0f5f212768ebf3c13b130d180045d04d7
random_0426	order	1808682911453	DOGE-USD-PERP	BUY	LIMIT	0.12239078097	5212.982146534669412318						12239078	521298214653	0x6c5afc1beecdded86a9a6d74c5cf9a8fee3724a9e89a7e45cc7dabb2e5af302	0x71649e58ab8b78b9f3b787a0500dc066129ecdeb402a91d677523a82509055a	0x66e78bd59303d26415edab92fe7bd23c20effe06b7b247bd3b4086ad296e0c1
random_0427	order	1881524039478	ETH-USD-PERP	SELL	LIMIT	9.750654055	9.900128419179						975065405	990012841	0x19a977628d94f77a25f11cde7ec3069d1a04533a18c7963606e2c0b2f45df7e	0x494ce838258724b075b12ffec33dfe34bad0a8d0da94f8699eda2b0cd0e44e1	0x526eaecbb1187ed90838a9489949af57f561ba1b8005fe1255d5f98c4677007
random_0428	order	1861289231856	ETH-USD-PERP	SELL	LIMIT	0.9026276772099747	81035.6125980904885962						90262767	8103561259809	0x7c772045efd31af200095e8a88594149a2f123df65001984bc1efff92b1a404	0x5d5893c99356ae4bd445e647b853316071c4a9a28b2f9ec7c6d049f68c76eb5	0x1604fc9ce347ce5a87deaf45f5168807a4877cad5c33557f3a6426e54524201
random_0429	order	1896566755835	XRP-USD-PERP	BUY	LIMIT	523.963208246	51.45146150341495353						52396320824	5145146150	0x5193300b846e7eedb7618b973ea81d95d74fec82bbb5a24115f800ffbc56cef	0x25e1dcd9c44eb76df6124f9620c4e1cad09c609b5daf401dfdae7a4ef86c860	0x1bd93c6b0a49a3d5565aaf69de0de653726de3838da27f1f9ae29fbd43e3a6
random_0430	order	1856915641880	PAXG-USD-PERP	BUY	LIMIT	52924.679676760400095	4.257356256646737						5292467967676	425735625	0x72848cb0a9e8c278c89a7d3c96779cfe8d8300c713b34faca5a4461936a1acd	0x27809a50eb246ab302ca7e6b947a81ec2b083dba3f9cdad2f9922404ff152fd	0x37f348831dc17c78ddd9955dece0d3a1aeac2fa4899386b5abcdaf011abc9dc
random_0431	order	1795340353021	PAXG-USD-PERP	SELL	LIMIT	398432.08155153504587	0.247125573068						39843208155153	24712557	0x6ffc90af9b18de8edfdc8e81df94bafe6fdc1525e573cd560c0be5f8239bb78	0x20d4274864eeac6fd295ce2f06f301ae78399756cbf448456603b85291da081	0x7da57ce694f89fb9ba78aff13ff6677f0c954eb50ae3e1f9c80648e5973949d
random_0432	order	1815294793870	HYPE-USD-PERP	BUY	MARKET	3.969203036689							396920303	0	0x2fbb270b2d145a7a4a42dec64669bae80029bd3c6f7516707e590d6809d3ac	0x12cf32cce978781beb42c36d93a1782793e97fa07fb887e433d44afab3a1d13	0x288c7d6fb67b8ec9b77c4974f9a2edb8f37fb08dbd5c3ee69c411ec6d2cd099
random_0433	order	1733337519942	PAXG-USD-PERP	BUY	LIMIT	737855.839603137886972913	0.2819069225						73785583960313	28190692	0x6fda3591d258f791a17cfd8edb63d7531f2d59c91f60ec325b514bd37c5ec95	0x16a329d4ac85760c041bde12fb7025f09b242b849f1c25cfefbfe88e65577b6	0x66ef99a5c737790116779e063a7b20a55f1c53ef54038ae8bcc06c6f97e4853
random_0434	modify	1790583716535	XRP-USD-PERP	SELL	LIMIT	429264.332373907737	7619817.4528726466	71467967093283269876201737317					42926433237390	761981745287264	0x48c13167458adad4a7eaa78ccb7e8219cca88832e01e427343bd938a3fa95c7	0xf375ca1739af427ac8f2427701cf00d667fa176ff7c70bad4c1e7c45d34502	0x5b99bbafe943ddaa08af04b113702d9aa82a80059e7652d0a74548eacc01782
random_0435	order	1848443123736	PAXG-USD-PERP	BUY	MARKET	0.416979820807							41697982	0	0x3b6fdc40c7dba9830eb88243ecd61c395197f55c2d8fefc175b508b477f38df	0xe8be5970b4501a418becfddae9dabf34a58995004a5fb6c21e81ec6bf56279	0x68d8b4efb186b77fab6be9110af27c039256dc39699710d91953522c51f3a8f
random_0436	order	1767707752378	kBONK-USD-PERP	BUY	LIMIT	4405.0884435124389275	9146044.043788700328359730						440508844351	914604404378870	0x4df99c535a6d5429f6a08345d210a087ed0af62c08f2becff1ee5ae175fbefa	0x5bdbfaa1ef0346f8172f0021afb0251626b8a475135005d9205c5c2aed1a70c	0x42753f63639c8a28de62e0d8ac8842fb910e61d2ed56c4f15e4b52589ed8f4d
random_0437	order	1713504301525	ETH-USD-PERP	BUY	LIMIT	708190.794804676067271045	65.047971406984415869						70819079480467	6504797140	0x75f3584edba1c6fd0c6c681ee9248c7c484fe665d9a1c072a083999cfab05b3	0x6b1fb946b190c0bd8b4a7016526bc926f9f068c1ef6fcfb0a537fb630e8c185	0x7653ca1e2128a2e8d0e5ea94aa01d510c10d6a80e81c2e20e0892efdf59995c
random_0438	order	1820621700182	SOL-USD-PERP	SELL	LIMIT	139.2974383237721	39838.85037942087						13929743832	3983885037942	0x7f2ed0fb690e970bc544c4a24288db0aa1d5f6e4cca24afad512ac36f8ca82e	0x46b3a00c97f01613d0ffa7faf0ed1806051df5efee90df39f23b89cce2ddb5c	0x46f995ca5a646f1a3e2f20ab1fa8581cbdab83f7be7686fa491bbe2531b713e
random_0439	order	1893147136670	kBONK-USD-PERP	BUY	LIMIT	0.31726998817871626	9065179.5057906269612577						31726998	906517950579062	0x516cd395edbe32b0c8d77b1bd0aeae5b929e24e9af97b4571cee5bab495815e	0x470e5c24f624e98a5fd14cf6d3231a7b15927fdbcded991199bc6d312a7d5e5	0x2e2980a6bcb0e7cf69023436adb69575a1345a43e60b046b937d17632a43e04
random_0440	order	1846533619456	BTC-USD-PERP	BUY	LIMIT	0.792444863182	9882708.66947849489422						79244486	988270866947849	0x12aeeb2f33947b5b13c2148e3c42f1fc94bf1c3518bb03c0f15a83e80f68366	0x3a8badc77e9edb3c1e8a7c7b1cc122eeb225f1e14bd6d5acb9f407b6789cef8	0x6b235cba4f8d413e6db868d56ad1ecfb9c3e257de9008c27a75967d0a564362
random_0441	order	1819734651246	SOL-USD-PERP	BUY	MARKET	73.723279255901							7372327925	0	0x729b4f80b22cd36ce08af2787d5ba910a240fe3421c55385f7682b6bf7c3253	0x1fe9ee0ba2653d84942b7f46df9fb611119d4e1108baf3e8d9ae4764b304c42	0x145b0e32e2853e173fc40a8d6d72e4fb49ae3b0ba1cee4b22a9c75fe88fa1c3
random_0442	order	1722586006776	HYPE-USD-PERP	SELL	LIMIT	39.7143781530739	5874925.70966025602						3971437815	587492570966025	0x517c75f243a06d741549c329816c2bf79dece226269ea3aecec4b96af8a7feb	0x6ec66a574d4db8e1604c1805c7d998bab38590a685fd3b119731955b33f017a	0x635a367467d8cce80fb8b4aab83cb627e8720218ca40fcb9dc1fe71cb033772
random_0443	order	1895959845456	SOL-USD-PERP	SELL	LIMIT	7.1324164653611	1.27659331810152						713241646	127659331	0x64f0b9b9400061aaf1a00ae336b38056f486963fd20f75f0aa39de0cadbd04	0x4caef4bf15107c3e39330d6650655e4a33382eff174bfd636aaf2aac11ac0d3	0x595312e64423989e8a6bdf5f96ae7983496f65e64d5009aea97907a3cd6bafb
random_0444	order	1735981657595	SOL-USD-PERP	BUY	LIMIT	52168.97537528735923	82596.465111051231149						5216897537528	8259646511105	0x6739354cad74377993aeb64f774bd68fd5e8385e7f71947ad816401ae7f9c42	0x6b6adf93d0d4795167c3d64fea746c3a74f16285bb19ec89c513a5724c44058	0x7bfe9d4229f90c0f3be7479500d7dc872a70e6ffb2e8a172f51b09c06c610a2
random_0445	order	1897240889808	DOGE-USD-PERP	BUY	LIMIT	81285.188675456166510	6583564.01526029995						8128518867545	658356401526029	0x7f2b847c441f316a25f238bc4fc462d994325d465bc3271b3cb0bb0722a8518	0x672a5069d3e5f5816202b973574de150519e1acfd70e9aca2e3812ee6516070	0x4d1a4df4df33447cc8e4ca3471f71d647405f59a7faa9d3f7eef190a476f05c
random_0446	order	1817690373001	XRP-USD-PERP	SELL	LIMIT	566561.215759809181077	150010.67281527133						56656121575980	15001067281527	0x4cbd5393dad220513f38629f5ac4c2c0868b5c3e3fa2dd1573193eac74304fb	0x517e0159ec203c8a670bc28305fd14a30646c021306641bb9e4f740c547b632	0x7be7583b105fdfec24ef61d4a3ad2c276b2e937923a40f6ba38b977a6ec555a
random_0447	order	1762401060974	DOGE-USD-PERP	BUY	MARKET	555606.063769870217							55560606376987	0	0xeee96c1c38fc73a49950243b45bc3fb739bbe95e9cda189da1f1195ece4613	0xeb15ad72e41ccc49582169b5fd44bb5bfe2ed9632278eaec92d2df9054a73c	0x7b3c3e828ef4d052bed7d3fb9f87feb196fd657d19b8cc0420786c47e946ee6
random_0448	order	1894481180623	PAXG-USD-PERP	BUY	LIMIT	70.099888211	4625.9052490334869335						7009988821	462590524903	0x19c3ca8b8211112c002699b3f1430801d5c07e3ccaea490e072be7277b1de52	0x6233891a5a1b1f640bf1d6329c70df5a8d727b3d4c1034603a2296552136182	0x24390af10fd753cb55bb6e54cdca92f73e816bb8626369b20780d6c5a9d38f9
random_0449	order	1759844116606	kBONK-USD-PERP	SELL	LIMIT	3261.31516262353609133	0.33758193981495						326131516262	33758193	0x40e52c45444bfc804740aec68dc1cfc43810c8e11054152229770e207ce43de	0x2be6ba540e48370e69a5d10e0e925df648c28be45fc94242023a6d9de044b58	0x32e92074249bd71fb965c3af28faa7cc9139a3783a5ca27c61e60fee3bec3cc
random_0450	modify	1814391463044	DOGE-USD-PERP	BUY	LIMIT	2075.4419705410	4528691.5939554325	11825502682970180395					207544197054	452869159395543	0x4aa174a831c49d1b078a9ef814d71071ee5d7dd436c7348ef3427a935f133cc	0x596ce65ab269a2927d3651a696af9388f0782531ff6becc1f1a8ebdccd60a96	0x7a9282bb38f55e3613e8ec36aeff098eb6396cfb426068471df5694cef79462
random_0451	modify	1785569360317	ETH-USD-PERP	BUY	LIMIT	58005.134721763	331.8003160052269389	6508839007288134472883017					5800513472176	33180031600	0x6b93b10c0917f69a0f3b3827f2ca4db8cdd4ddf20bf5351af4d79f4bfbad312	0x72f1ba7ebed067cf1b073506decdc0d83bdfce0b2ec2840df7fe56710dc6858	0xe6544dff02eabcb52dcd6547931e303e2c3d05300384120925dbdf1f132173
random_0452	order	1755759701630	SOL-USD-PERP	SELL	LIMIT	686.773521128304260	234766.6119686651						68677352112	23476661196866	0x2f4d008855740290fe7c4c833d925f4c7ec85118600e063fa99b693ef599fc2	0x4b25db9e6d29303b8676899da1ce99a52c347660f113ac2b6ecae0b9a390a3e	0x6d7da7e48da52aa51617d9c203b48cf3ea85467df2f841ac4382a1055fde5e2
random_0453	order	1850122648200	DOGE-USD-PERP	SELL	LIMIT	0.32403633902682	406132.4751395430						32403633	40613247513954	0x2f6960cf72d392b7273db0145f64ada7d846a9861da867e814fa4e0f28a6657	0x56efe31dfeaeaf95386b9bb3a56b1c2bf56e0bcbc527fdaad112f111e4d84e0	0xa196fb3f8555c9081ecf4ff17df2080c3dda24e089ac671106b7b2403eba27
random_0454	order	1707096544026	HYPE-USD-PERP	SELL	LIMIT	0.268696724	87.792684861934						26869672	8779268486	0x2c030959f570c6b66c11f266078137e39d3142fa00f4c93a74276f1fc3be658	0x79b2453e52993d6958edc4b1e2aa134d3458ca41906d1dbee02928d4f4a4ec9	0x3500207edd6639c8b23bc1d455b8e2c2cd1cbe9beca3879914ef52b96be0994
random_0455	order	1773546329732	ETH-USD-PERP	SELL	LIMIT	1555.083298522	7826.333641409234729						155508329852	782633364140	0x6dab4676463a8e96338d96cb335fd907eb461db39e732cbbbaab972b0c63356	0x2328142b27dc3a6533291dd838945c93b6c9c9bebe96fad84c8046d52fa1e30	0x43fb4e9c7be743703e54e3ac6cd37e58a72f7b8c1ec361bedbb8080e8ac2d83
random_0456	order	1768747888046	SOL-USD-PERP	SELL	LIMIT	0.5157913406	346.6214237638						51579134	34662142376	0x369bdc3f30731d345ff37696e394ee692b3ea2fc20d6aa64969ce1d8bf2bac3	0x211212a6f23482876dfbcf3206c70e2e185d19d337d04c0e418457b593d7ddb	0x447fcf1bcb6c7f135420ab2494d7e1192fa5420f034ebe9c31f9da9972ae316
random_0457	order	1811928443049	BTC-USD-PERP	SELL	LIMIT	4281.87713048999863	6.96845452347627						428187713048	696845452	0x2d4540ecdd59fbc094053278240c3467424c61b53ecc90e54d08bd80e5146f5	0x6466cc4367929c9d4048f3f8d32cd356bd965e6e33ab9311d23c0dc1c3c4a03	0xcbddf4d5750628af9e8babfac306544223d7911a8ab9e102efb4fcda211214
random_0458	order	1836608120143	kBONK-USD-PERP	SELL	LIMIT	7.6245520697396	0.8384165776568						762455206	83841657	0x31cd72fae9c8df265a2d602d4d30c7494d14139e3fa40a93ecb7ee84c545fc3	0x6c8fe3d484ee6ff950f04a7f2e9665a8495c0fe7573d56782ff867141f1d4d5	0x4e59ecca6e1ed3b39a0e7f05e47269a8005aa7b019eca6dd85c58f94d55287e
random_0459	order	1820865429298	kBONK-USD-PERP	BUY	MARKET	4.69206656317370451							469206656	0	0x6f652d6a5698f80b4854f1595ea5f816be2be41f259436108f1cc456c3e067c	0x494233a5621feed3bd92ff9c230fa7104d377d2f0bd2876136e010ee7df7605	0x591149a2622ca5dcbc77f68f61f58d1928fcd20943eb3a850bb22f199d54708
random_0460	order	1813601526853	HYPE-USD-PERP	SELL	LIMIT	214.18915593079	8082.04124290978						21418915593	808204124290	0x49a98efa80cdb9c8dc3f1686b4f3caeeb4f33acd994d22553be28fe179500d2	0x2f85e5db03c0b0dc4a3e1cdc5943106da243cc7714e5ded6b2741af03a6fba6	0x417cb705ecba766f70e664a747458a4881ffdc69ccdd4ca5ef389e7563be7ff
random_0461	order	1833584086856	ETH-USD-PERP	BUY	MARKET	57480.07898178265							5748007898178	0	0xab6ee989e44e57a40c8b7c3f5e28dba2ad2f3c1aee6ffc435d4c26eee7fa84	0x23b5096fc4535c03008c218cfcb5bf1c28171f9f4ce8c27a33f3b0f8ac0d249	0x1554a23690ba11113f95b2de19900757716d33ad9746cce9bdfd50af0530064
random_0462	modify	1799526879894	SOL-USD-PERP	BUY	LIMIT	11.792187259096277620	14654.012514384	7897651888642870518753196					1179218725	1465401251438	0x2556cfeac0f49070d2ffb4bbe2776f09b1089b834657385bbb3bc77d26a98f0	0x313302ce750dc65411d55a7ee975f61850b2ad67112a82063698074f35e40fb	0x5a412cd981acbb3d64ceec95d9a0d52f242d74c5a8d6c068d5321644976e950
random_0463	order	1792042819829	ETH-USD-PERP	BUY	LIMIT	0.41017752850	10953.1605895530127						41017752	1095316058955	0x738798242f4f1c618487293794eff045d4d41740b2ae6690a1aebee6ac00a4e	0x3bd710dd0d233cade274754756f490dd788a64c32f78b46e5542638b874537e	0x1cb33f2ca74ebec8090fc1b4fc5e52c45d8c6a967aed3f940dfe30ce6cf38ed
random_0464	order	1767908082138	kBONK-USD-PERP	BUY	LIMIT	630969.012469612051615	119.17933933649289147						63096901246961	11917933933	0x9371c2e965a0412cca0e4407f7b2e2579cbc19ec0ce846764050694e405328	0x355f291526c8854849ea47c3fde97d5871971cd8e4e1984ba2abf60a16977d0	0x36332f0f05e432a5e1f4f68a80b7a1d17b126bf12f684939dc0b2dd99b851fa
random_0465	order	1747858688567	ETH-USD-PERP	BUY	LIMIT	9.876809831653	1481063.88882897424						987680983	148106388882897	0x7a73d6dac2c653970ada0bd2ec8ca53f9e7e8ad03f13831838c6089a8d66ce4	0x582f8cf98f1b1bb49782e0bf39b320684c2a4f7f7a163c3ac2198dcf82baacc	0x14cd9dbedb7b6d59637183b4a3b14e2c3ba4646f64ccbe977bae85948839c9c
random_0466	order	1756136219669	SOL-USD-PERP	BUY	LIMIT	67628.095917750034494	22.76620352886076636						6762809591775	2276620352	0x7501ce1ba3726b7f8b715463d81ef252350043880405899da1039cc766fe0e0	0x5e1dd825fb3b1a25c073357032e08be3afc14df938b89685e963b0110711ca4	0x2a8840a7c4ddc3ccdff5bedee41c0fba4ac00ce5fb68cdf7d74eaff4e87fcf7
random_0467	order	1777210071796	BTC-USD-PERP	SELL	MARKET	974.76844303290							97476844303	0	0x312513b13c950e224503895e5a9da0bc655a9fb7549fc9ed319ecfd49b17d07	0x7e68aa6b4a9ced4a110281c3a2a3f647588458f90b98a1a2cd74652d7efd2ac	0x5cc90db9f04232c529e2aee696af8f5ea3d6b711a63b27054b048219aa772b1
random_0468	modify	1818460321111	PAXG-USD-PERP	BUY	LIMIT	834542.8454010166483	87.027436183	87164750231961628128819782904					83454284540101	8702743618	0x416fa58f01f5d6be2103ce77b3743183b1a0f148d2fb6abce40d6a8f11ebd43	0x72eea9895b6871e003d5a65efed07a6679a11ddfd7bb8ad65dbc5773e7fae98	0x1365a8faa80d41c6ba2711abe5f3ef25dd6594de34666ab3eb528d7d6c1476c
random_0469	order	1855418632677	DOGE-USD-PERP	BUY	LIMIT	1353.159645282729767600	20.1155329986						135315964528	2011553299	0x48f9c833df7af75aa445a84e1341e03533ef56b162b234ca742b8bd16babe4f	0x26ece557a4253d983efc61521ab44a0c42b7c7acf78f378a04f7c625376e452	0x62bbd68901e130bc41ad4bc9d4525bef190640c2a186ad4f3cd37d5f8087601
random_0470	modify	1849484141619	DOGE-USD-PERP	BUY	LIMIT	5397.035583762398181	7445439.461680769	6571456617987861078483					539703558376	744543946168076	0x13f4ec4e54e0bbe77660de307bdcdfc34927e1e8be47288d041d4670794c036	0x3216a862d1aa3b484d9aca4285fd31fb21c094f4ad3c38667021e8502557e03	0x5aeb5c94cce8867859a84095a6bb6044ec86ff10839c4f52050b91aeb24b74
random_0471	order	1790657089518	ETH-USD-PERP	BUY	LIMIT	8.6787826584428	5835.490022179411881580						867878265	583549002217	0x3b63e3aaec5b12ddc27ad833c589ecd5adc08dd76203d352fe627d07b5f69a2	0x3598fe876a1935bde2fa65e59b2afbaa7291ca665cd6844a3d94ccca6a18647	0x2ce14e106f06f8c586c2a1c3a406702e1fd99b20cf1b86083dd43fa27b322e6
random_0472	order	1860196198649	XRP-USD-PERP	BUY	LIMIT	0.002511658	56.699104858918083						251165	5669910485	0x716d2d2ae49d682eed083f966eadda3fd0c09cc0f36b4b8ca7b1e57d2c484e	0x361077f1645a2cd4625ac4c2038b4bccdc679f35a797f29c127fe5ce1eef629	0x69af864bd8bae23c602e7313d50cf86d57d2e9e533e146eeb6b4ffcd40ec2b9
random_0473	order	1741961354260	kBONK-USD-PERP	SELL	MARKET	9.049211328431							904921132	0	0x1fe301dd07b0c580fc21bd30b14a3cae9fa3cdb358f155fe78a436438211558	0x6be532300f50ddfbf262ec129112c631591b1c724dbef57f563bbf915e9866c	0x3b5bf87eb925de6825e82d14c6f9c1eaec7b62445a9ddab119286a9bd722141
random_0474	order	1891539976566	XRP-USD-PERP	SELL	LIMIT	11280.6598996971992919	0.9517874837679921						1128065989969	95178748	0x7985d26936ff3a46de0b03e74d4d17a26186d9cfd8c033ed53c1d7097fecc05	0x6c140b5a3593e4bda84304372e06ea4dba6fc7c2e967c8ada28123ca2b4cdc9	0x395cf92fb02925fd14dfaf63f79feef017ffb4ade91ab3824a88b2f503bc30e
random_0475	order	1801172185950	DOGE-USD-PERP	BUY	LIMIT	55.722855198258667	64027.6933756474653						5572285519	6402769337564	0x77c96dc3310cbb8c7c6ecdd32bdcf14174383f10ceb35c13e0d91fce0a16022	0x3bd23e25e534ab2bfbb4b4438b4ede591f61ecfda1ac2f97b3586c12e698913	0x23a9ba785d7b56e4bd76245781503457f6bdb4102750265aba986d63b235035
random_0476	order	1751090045015	ETH-USD-PERP	BUY	LIMIT	4.10650412215196481	79490.42668239182332						410650412	7949042668239	0xa0e4d7abc3309cb6090b2d27ba3fbbce36b3ff6dbdb43b1432168841ac9897	0x2c6c9851a320a14afc5f4d17d20aea3d75b68fc113c224dfa20c4fc6e33d268	0x34c855ad6fb02291311f6cac66a45ac851bfb311ea199ca2f3e9aac17179b4f
random_0477	modify	1748726145300	PAXG-USD-PERP	SELL	LIMIT	9.7025884573380	3136.885908454975	6349389051856272913611125					970258845	313688590845	0x7ce3cb6baf7da542678c563811c3c73faf916fc9c44e83978ffc0a6a41b6260	0x703a209026c3ea1e7ecd65a68606146998a1a529ce90a82df9e9377c839a97a	0x61cf3d199c38e9a286ee624265682f2e17653c89cb0e785c27e1930ba4108d2
random_0478	order	1759108966588	XRP-USD-PERP	BUY	LIMIT	32.13624207473839	246.54612168002						3213624207	24654612168	0x191884475015ddac2265c5a57a8ef8d990ac20634e2670b2b4723907067494c	0x5c3c122b6735fa40888bb77d81e602dbc9f4d95297d066fe50c594fb546964e	0x5b9166f4cda799182b70223533e9e3b7207bb66a7433aeda4ce07c021ce0559
random_0479	order	1883278913454	DOGE-USD-PERP	SELL	LIMIT	2437.668848517702	1723.755993421902						243766884851	172375599342	0x7525004b63e09a3b5c090b1f54a66973d5528fd137cdf8acadf82f840f2a3ac	0x760bd66be914d3cfb6922a3bc37407386c3dbdac53220dcb75c84ce2caa6c64	0x6d207b8b22ae91c4a8b2bdb74bb236420047324d9be4c19c23f5665fd089282
random_0480	order	1847159976186	ETH-USD-PERP	BUY	MARKET	1547.536880721481608							154753688072	0	0x3eec75429b960ccc06f6429b25bb795b646d27649599b9926df44604bdd14a	0xc15bf5adbbca7cd1598bd6784d03238fb147283f57b4c82406ff94ceda104f	0x7042494f883080cbd33480e5bc24f5c030973556a68e83da7a31f7682963e22
random_0481	modify	1753149069107	ETH-USD-PERP	BUY	LIMIT	884969.65616138041	618016.05480024538	4289590302870374442627					88496965616138	61801605480024	0x1d9020a6d4d5f073bb898c147ada7a502e8a476296adb673e63416ecf1f3b08	0x78d16cee8fcd6c1fe70404f60c9d19611944fbfe01d2d938357a0fad326e461	0x1d8760e1a526b2511fbd7736aeb7d32f07c394764226d7e22c436e6cb901d9d
random_0482	order	1720117111961	HYPE-USD-PERP	BUY	LIMIT	7.723436460215898829	51.86843826808						772343646	5186843826	0x5965da36ccd713fd6372422f5a7e7f7f45d4e980b0a249d9a4cfbf22cb01e3e	0x47e881f685a1350598a2d78677ea1fb6791085c5412f89964994d1c6195bc21	0xabfcfb75ec38f28f5d5f000e842be216647089d7a320177f63715a4dfd9cd3
random_0483	order	1717318510724	kBONK-USD-PERP	BUY	LIMIT	91269.365966895	72.9593794327						9126936596689	7295937943	0x1dbc1bd8f1400580015afdf09cfdb6cd23d7c6c7185f82132d37b82f868207c	0x2d4b88c05ff3ded4ce3d0f43aec32b26f3a1c1f8bb94f24a92708faab032cc3	0x53ab9cc652062d31747620651756dc8388f4aabdf2cbd3dcabb97fa1a26f99f
random_0484	order	1720200036448	XRP-USD-PERP	SELL	LIMIT	155.653563938187194	0.40215484105427595						15565356393	40215484	0x767985e74f2dec5bac3a40d61a916a2cfec4266a424a6b14e8cd4aeda1e5672	0xe4d60b29e834e1b2785d29926e752f0a5f5f18d80ba757e6d52bb1716bdaa5	0x12c6f99d9cdc7cf5ced3b385d50eec9ff919f07d8a6d8ff78f8081c8d2f8481
random_0485	order	1872993371571	HYPE-USD-PERP	BUY	LIMIT	4447.06890234605175	6979.873885760139073						444706890234	697987388576	0x6595eb583bc2980d0893405a783932e044e86f1ec6582c91cb48e822cdccbc4	0x65a06536b59fbd39241a58d4e292ae845a4038535a3a61a3ed49069a436ec4d	0x2f9e7c829a06556cb1fcf7f0c9fd3f90a6c5ab72cb3c4f3fbb11513fadc8cb6
random_0486	order	1734728831961	kBONK-USD-PERP	BUY	LIMIT	9.3041305286460	8.731028726539110386						930413052	873102872	0x140c57235cf241eda3f92aaa7cbc17e3ab8ceba78ec9ecd12bd0319b691231e	0x3d2a9cdff920d5a5be26e8f50cf87ffe836f36a96e2ef74ed95156b08e952ca	0x6c69d8cb92a32a98e19b6bcdd2040fa0a4f436dab87a1b4017a19f3d60b2fa6
random_0487	order	1899919036232	kBONK-USD-PERP	SELL	LIMIT	0.484670401	92.88240925535010861						48467040	9288240925	0x205ed4f2d4c49c611874a26e165573362fde517334eede0d1233097176f8f45	0x7e2c1493c12ce2c85e7bf7d8c56b66b55460db030be603254524719c473601b	0x3810ea6e7f2ec60522388d7c73c4cccf3646b30739d63ee30f6b8c62fa5a842
random_0488	modify	1708953557639	XRP-USD-PERP	BUY	LIMIT	67655.9852589899	0.4358654595625594	3922116742199345220459236968					6765598525898	43586545	0x4f8a6201c97eabecf30484ee1c919c99643190703cb210452ce92b1f4bdcd41	0x145d6c6fea27b286b9e695469cef5b178fd37dc1b018749bad381cfc35982e2	0x6b4edbbf45e7d74e5b3596b4dc6f11f6465cbd58e7ea70be320182740ea5eda
random_0489	order	1820288054159	DOGE-USD-PERP	SELL	LIMIT	31095.1612814778997	5.48702699360703						3109516128147	548702699	0x2dc84a9e7e13ddbf35b4a6b5250976956f02c2ff2a382848d9649a0723e7206	0x7e9ccd341340dc2d6c40f37e5de21c686702849eb5db0958405202c3d4b06b1	0x6f0f9901e81aedae5226f46a69e0a3ca57616314cbecc05a9de0eb878a10b31
random_0490	order	1840417019156	ETH-USD-PERP	SELL	LIMIT	14808.086337679843777	6.08427457760511256						1480808633767	608427457	0x6e0d8c46f477d040c28a2c1cdba9493fc15d949367f728f660d57adf210bef4	0x73ccfeed58e106f8955e29d65d8f4dc51dc4c750d876b18dfa746683773585a	0x1f0d9a13adf999cec07ce730cbc7d9f3b0f2c0abd0e3921fa33acc807f62bed
random_0491	order	1776187870985	HYPE-USD-PERP	SELL	LIMIT	0.5195622270011296	165.60712057856538048						51956222	16560712057	0x3ec8a6812ddb3e375c4268506c1fd09b60f825458e580a88e21de24c2b435f1	0x6a2752e5ea1db53c4ba65c9ed28d19ceba225f7633bdc9f164d01e825303483	0x12d07ef6186b4fcaf33d03405336022a5597027cf8e44270363185b42529b93
random_0492	modify	1776574367993	DOGE-USD-PERP	SELL	LIMIT	3708.212488409	34.77793776864041393	39550885538066460011239					370821248840	3477793776	0x6a5f62fb08194a3321e7f3079e6e00e65470d1075099976041f62155498947b	0x71164bf8892ca22b7d5c3813ce6cfb8f347b9d91c0d47babcdbc69db4082304	0x740184134eb92da7121eed5549d96c2394e9edd564e08c22dcdec6ff65313b2
random_0493	order	1869759042757	BTC-USD-PERP	SELL	LIMIT	239.9879035960	5689.436631705						23998790359	568943663170	0x74f9f7ad9174774027f3b01a9070ece34920e737ee4a916f3788c538648d0b4	0x11a1ea272a1e18f0fe3fa16f60933e899146d58bd3fb8072ed389b30c72dc2c	0x488214b944be16c8e5a1bcc99d9b784e9fe5884ec0101b736974e0fe23e0efd
random_0494	order	1839350011021	SOL-USD-PERP	BUY	LIMIT	9612.61495166438	855854.6248804362110						961261495166	85585462488043	0x492bc436e135863a577d5832429275e85bf39bdd053b46c69093c6c63431bfe	0x78aed6184f00d52713a0200c569e8c0f4ebd42fdd4dfd8cf4774fee8f944f58	0x294c5c6544f59ab463ad9b263263cbadd090dd9a22b8a6ce91155fa8e637118
random_0495	order	1842267325219	HYPE-USD-PERP	SELL	LIMIT	93.936156394	45.60157483622620759						9393615639	4560157483	0x1696f4475ee01fdff6a57751ff7c1982929f1f9c89ae26441b811f75ec69d5a	0x70c35e35f2f23af0ab0a850135e5bd1d5a4a28cc2762e81857d648c18e3583c	0x76eb5bd1dd8c58ec7aeb4cab5ae0f0f05cc6ba90f58a0591597d4df8e0cace9
random_0496	order	1791668222019	PAXG-USD-PERP	SELL	LIMIT	0.18485638974	0.735411826891368						18485638	73541182	0x11b1c04ce3cc34740e60ed8dfc07ea7cccba2f8f5c35f988642aeb78c0bd36d	0x6bdbc76db80aad20a1013090ca54ca16c2404c7bc1ca889e2c0816ba6ef6e60	0x11fc1ebc84695701f0ba17a313479b397b4099130917b044720b8998a154617
random_0497	order	1730594126933	ETH-USD-PERP	BUY	LIMIT	97.7089096391	78.3151717186401						9770890963	7831517171	0x29d7be0087b31d012da93341f9e17454bd4ebf2d9ed6723ba311c5bdff4a376	0x1c3079ae3333c5c64f44edbf286b859d79adf90d1d4cd729c4e736e8a96a176	0x2df1fac4716d2fc0919cecc6766929f10057341c82f1260d95b2a0373542537
random_0498	order	1875555706373	kBONK-USD-PERP	BUY	LIMIT	60.723938052141008	159.6701032410673947						6072393805	15967010324	0x68ba2f9d99ba1fc21385c9c5b25d67b80b5bff426e33fe98e52f3971e1ef750	0x266770504bdd85c7acec0d0ee51584ec772cd85849b8fb7079cfb7052186987	0x70002c63436c1a9a87e88caaa63bdf6e1a35e35551b5a985ed161b5a7babb1c
random_0499	order	1849537019080	BTC-USD-PERP	BUY	MARKET	93.7066277021003078							9370662770	0	0x5cdb5b24be5c0af4de9dce1c741a9e06eabb71a1263d90008aec40bf366a6e	0x2a33fff87e76a1f2f47c39127ff29466fe4df167a1efbb5869a7780b2f58193	0x3080eb46056ce453b77ceebf65e6a807874e0e9b33622096fcf72261617619b
random_0500	order	1702977737485	PAXG-USD-PERP	SELL	LIMIT	24.296857935	312.608971800						2429685793	31260897180	0x59abbc48c4bfca80e4409c32b5222e9f17f347cd292b7b4d2d1872cb2fc9ff5	0x28f5950a1662a20030204ac7a6546c9be36fb5a4af150faacd22d7e64ee01f3	0x7b48e4b2b8fe605d3c4fd6736c88cd75f24122d8a48e3d0f9dc4f480f6b9fd3
random_0501	order	1820686723160	ETH-USD-PERP	SELL	LIMIT	9058.871391860316915387	59572.06046842101659						905887139186	5957206046842	0x7c4598925ffb391f5a34d2c740f1d4bc8a387eb8651386f1a7d4137356b6dca	0x53a2374b1fda42a6763352f68b015b6563e26cd47bd09a6cc31c44807ab17d	0x3e880048b5869e301fd6696e79c71c5b8ba66c0c4ef0000c763ea9521761e69
random_0502	order	1733381501923	SOL-USD-PERP	SELL	LIMIT	614.261346660901065707	8702.19472599886838						61426134666	870219472599	0x516448a01cd62e39ee6d808d2a772eab75bb2d9d153096057f256042282c0e6	0x291e6e79bc23e62a5841c497b6cd091002005fc8cf41c1289b7f0dd5b70d286	0x329ba994dbc328a58801f57b56e2f6af9caf80d5c543372bb8a2ea9b20a9d2f
random_0503	order	1795736364899	HYPE-USD-PERP	BUY	LIMIT	811.3281959269	9.065828923817164						81132819592	906582892	0x66f0e65b8bd5d0adb620fcecf44429834ad240913bf2b34d7f2c28a19a9d7b4	0x78c81ea5e36845c5265cf60013cf86e74b342a0482325a96db72ff13a19737c	0x13d57c73c9849a3b9a5e5612915db85d539cbe38501969cdefe85d2e1a841d
random_0504	order	1772505900336	PAXG-USD-PERP	SELL	LIMIT	5.989559138172	761886.951236422100459349						598955913	76188695123642	0x754ab8b29bc59b552aa88b7c04447d6f12219d927bb022ad5e646dec54d9ac7	0x1d4b636edde8596dde14aabc23dd50775cd26a567765d1826a865b21c749a3c	0x7df46ea1fd9763a5bca519a504d21d9e303b69406e0b7fd1eeb6345b72f0c70
random_0505	order	1891297202065	PAXG-USD-PERP	BUY	MARKET	27957.94461034648467567							2795794461034	0	0x4ecba2bed0d037eaae5f8aeb761ad233f83011ac6be7b807c9e183d3f1b268a	0x7303cc8a0b0075adb6697769a22fc418edbda02f7448b69f24a24d59cff3b3f	0x45d66e3a91c59d48fe817c12a16a56c6494240f2928179dca6a49ecfafa3613
random_0506	order	1701258992621	kBONK-USD-PERP	BUY	LIMIT	932711.3070188342417824	99027.194060813960						93271130701883	9902719406081	0x36733068d6c2c9b4a8581e551f02b96c7cdb0655501d3560220f143c144f010	0x354d2ab9f5b8f98b02cf403877c848119e3c4ca6d467443687d17d6ba751ae1	0x39c1f6d09dbe9584e04c5c41c7a22bccd6ba324e0ec1a8076414e6f25d08457
random_0507	order	1752898813306	ETH-USD-PERP	BUY	LIMIT	5.6971828775	9593.4044516756118586						569718287	959340445167	0x57a8fb54142f5a7759fbdb1794a3f01fba9d0d7e54b1f46e78af7f414975241	0x42d1baeb702eee5f71b637031086df7ef56c80e72d0e00d2e7f151ff480d136	0x17c6215c7fc227e271dce46bcafde5d80d27b45f22aa11c64174d44be080bd3
random_0508	order	1777441590613	BTC-USD-PERP	BUY	LIMIT	6.137376347	5538891.1891547081						613737634	553889118915470	0x24da8d69c9dfcf84ed82b241739443e453f3e7a391f05ca31af375f4ed8d613	0x7a39c3e28935197ef1bea6d16706ab59688cdb3a20d2c2495a389fd2d939dec	0x5da52fc0053572d0571ae4cb22712c0694ec327a45f0ec718ae920b59fa985b
random_0509	modify	1874591569682	PAXG-USD-PERP	SELL	LIMIT	0.06598451538633	20138.865549111	749694515204951036354					6598451	2013886554911	0x252d4d4bd87752c915dedccb9b8553171cb813d37236fca4bf7a8b962d9627f	0x2c46c2ec694e82c702379b49a5cb220365c90199c5fc4551179af06ee3e262c	0xe2e2f5b244a91581639a66ae44175de9d996612dd0cbd48510c595c6ac0d8
random_0510	order	1748675845821	XRP-USD-PERP	SELL	LIMIT	0.924810257850034	839553.258107298						92481025	83955325810729	0x629df975cad73d4dd90fc4b9ae0a0b0a7ddf1ee1a45609c0dfeea813871ab37	0x132609dc6a346be50aae8a9c499c7233f6239985a0f95cf0f58fa62b442eaf0	0x3908e93101e35a6e9430c306b8571882c66bf1cc1bcad374de0545a5d1adf21
random_0511	order	1857264978028	PAXG-USD-PERP	BUY	LIMIT	0.811886316943131	429735.39930808386						81188631	42973539930808	0x4b0e8e433262eb54113e35ec14e6b483c1022f695e45e94e143b94bdc4d46f6	0x166d4c8ca695b30d603b975e743818a162d67259a8ee18eddef042b36ae41b9	0x4ddc0684bf458b8b129d2873f7da08e5b8fd622818426201e0d1279e79924a7
random_0512	order	1897618974783	SOL-USD-PERP	SELL	MARKET	85509.1094377999							8550910943779	0	0x7fce29c56664f1295aa53aa6dc005a5df4d13ec5643f1c3fb87d2dadd24a1b8	0x20d35a164535c9ff48a3e5762016845785f907b42b946c8c44b3346a9677809	0x54c0debe687863b77f59d02e7cc8a82950020f64bf193aa36104ee52e6c5810
random_0513	order	1877572342088	kBONK-USD-PERP	BUY	LIMIT	89316.083834832	418525.98854131733334564						8931608383483	41852598854131	0x8a1cf5589d2959f870e032af417af9b2ae4abaa4f4f930f1a0a131898e61b7	0x1952a94c47258ab02a22a1cfc55b8f0ab670e704167eedef125c8ca9b4e2539	0x3840b2acfdc95d2a04d952268dee5e39458f2052ef960ed5430b97715a617fd
random_0514	modify	1752621058652	DOGE-USD-PERP	BUY	LIMIT	708.578518722625332	41144.46632506480	1341980492105930669017985					70857851872	4114446632506	0x6b1382b7c14a7f694fa528de86a988aa938a999e635b30f97bad348b865614c	0x4f462c0ac8baf50f0a3e37287ffae75bcec6c496f9693889b2b6b1f47a25be4	0x4eb5f4ff384354e61777c77756d57ef9eebb8d09dd2b9a9d95ab94f0b91d6db
random_0515	order	1722587098550	DOGE-USD-PERP	SELL	LIMIT	1035.224235770152735516	977193.6033965411741290						103522423577	97719360339654	0x654bcefe6e69c56ebc46e5dfc0cbbb2163092fa820123d6c2a056ed8d064d9f	0x17e5bf1c26e499a6444380ad492be46ba3564eafcffcaa68c62013491f47758	0x2444f547527383d3507e3d57b67aba746ad3168c58ee60e51b41e02431ae35f
random_0516	order	1855402775977	DOGE-USD-PERP	BUY	LIMIT	85.151945014	0.1611850660441						8515194501	16118506	0x5b55a068c7d95527a79dd03d6e7131665027ed5f2f2ca8e65e3831ada8384f4	0x1b515d72ea9980b4bb2f2ed3b0a2720cc59a2d4a7c0a3d96bd5f4ab69626c63	0x3bddaf4829880a5eb0203aed49b7f8298fdac6f26debaf6668885188fabef97
random_0517	modify	1767517215068	DOGE-USD-PERP	BUY	LIMIT	801532.1277012351043	74253.04785428562641014	170191373955916195044466					80153212770123	7425304785428	0x4ab4693eb6c747a638c93c58caf695a1980701e4ebec8c8ce2e046d3d4c8caf	0x50311223fa32e3d89b21fb515f6c9408bde29b4306b3d256e7272f2b61cd8f9	0x2d1dcdfff24febead5a40004fa10db0b30a7da3f8763776dbf70d67565d9012
random_0518	modify	1735898235662	ETH-USD-PERP	BUY	LIMIT	0.84584848648333	1.25752479199	92542916352402190879429					84584848	125752479	0x22ebacd72cf229a84e09dc45d414735125d10a3059350c80df35d521d7a6eb4	0xda36895413d04a4c90ff3800a51d0866300b10d7a65abfa1399e7d14c36e5d	0x75e2a5f46753376b0c1cdd9cf32a601bece9205f48055ebd96bd0960b18ec0d
random_0519	order	1705489087670	SOL-USD-PERP	SELL	LIMIT	37.18122826716	43.335986879938764						3718122826	4333598687	0x2ba670cc84769234d2f46722a896b4f53fe88e85d5c9dcef18b08fa5c9ffa98	0x10ce54a85e1709a73d1590afc3c1c5f1d77f6976793204429411ac80cdf4488	0x690de70ea3110697fb41cf59cade6e64efc616fffc90cfe22cb4b4926b9711f
random_0520	order	1742863375603	SOL-USD-PERP	BUY	LIMIT	0.80617586871136	175.726811837053						80617586	17572681183	0x79fba42927db475258905bf987c4f4eac7dc4b9dbcd7feb411d200fb9801058	0xeecea8ba1e13842668666632e028bffb1d20560df63086f83134bb9015ca0	0x56371755ce0fac7d21b282d6bb10dcca281386682d572a799de62eaacfd85f6
random_0521	order	1866980057064	PAXG-USD-PERP	BUY	LIMIT	596618.673711674072800	3423699.669419534327						59661867371167	342369966941953	0x2d97a16c76ff27c4a2b0f5a0631b2058e26622beb84ac0220f2ab0899fb7881	0x3e34488239895cb79123f06b20b3538381086893b28ca8259af145400438575	0x53680834b274ebef36f131b170427842c2ac32e4d6979531be9f3e28de4afee
random_0522	order	1719838644597	DOGE-USD-PERP	BUY	LIMIT	7286.610361996179229474	1315.8130448659						728661036199	131581304486	0x2636b41bdbf5e18c4dbd27e3663809f10acaec25e25e7f9f8958807a88cc0c7	0x13b76e562a8f2ace73685662b5ddbf873733d6000fe6b579e41adea07616294	0x6394fa258f1f85f58f7354e6834e0228e6a495ef9a4a401aec00b3b7a289a6e
random_0523	order	1725161102863	PAXG-USD-PERP	SELL	LIMIT	4806.87752221114	0.331496450856941751						480687752221	33149645	0x26ca9bbe5816a43a572a2837b80b01d230c2e8867388dba8bad9e2fa82c9de1	0x14118d6ac1d5ef538300d7325e4019cef846ca57642550af676f9ab92db76f	0x4490350a6c91b1d36d0d3dafb97d525c47fba6b03ded2c5ce6b2a73f10d5ba2
random_0524	modify	1862679748248	HYPE-USD-PERP	SELL	LIMIT	2500.6153920760046714	854404.17785536177370	273919178918034459882					250061539207	85440417785536	0x70abbc90b1725c6dcdb002138c5ab4c1b16444017c64d83daefaa924e555afe	0x599167379c2eb89bc400433cfca35443d439c771e8ff47d335f6c49b0f511da	0x543939a8bb8c43ce28c96e2793fa9875f4cff2193076af62eee5c547ef0a954
random_0525	modify	1874794726182	DOGE-USD-PERP	BUY	LIMIT	0.3345589933534574	63.8164389726092	84366643248148149906085086335					33455899	6381643897	0x3d0272266df6f30f0bca5708dbeaf5fe1bf1c2b65b06a87b80cc75e93b26d34	0x5b89bcdaf8d2da1bb338e5a39db8a8466b400a36ca2236d21c2c655a433c5a1	0x2ed78ed97196d03c67cfb0e262d79465f1f963d6ccdd0d7c9b7beb95be8cbf8
random_0526	order	1879579656412	BTC-USD-PERP	SELL	MARKET	722960.890627644302419							72296089062764	0	0x5795a0ef94597e3ff2186981ef0e656bddd9a4753dcd4d15df28bc283a47f48	0x39d4af695ab73097cb4b1a979052dff5ef87b716cf0ba36c03cd640004b09d	0x59f2e13659935742ded039327611abbc3065c0d2d9f7e111a83e690b6b63a46
random_0527	modify	1872173410394	kBONK-USD-PERP	SELL	LIMIT	0.72897800124010	631118.3575795722	92319983636342256271574					72897800	63111835757957	0x3d4d4d4a8b1aeb65a6f676c82c393efa8ff4b7d11ec06ed4a6dfa36fe659f96	0x126820348ccf7f6dadddc39e6c6df4d62a5dfd715efa7f07d05820e3d2930c9	0x12eea4a0e96af08eb2021fec4f9f9a422255490351c17c624148e7f7309267d
random_0528	order	1714885142529	PAXG-USD-PERP	BUY	LIMIT	99.39357450580958052	0.528530784						9939357450	52853078	0x54e2bfaf8aebc86948aa61f27b8ab631a7859c94777d3ed3e28a18f1e234583	0x37dddaa13802a2beaa67cd194ff056eda53b8bdbc7c5859ea4900ed3979d48d	0x531dc139d61c913f4729ec8fbdd85dee31f1efa6ab8c01b75adc5d145cba456
random_0529	order	1761270880509	DOGE-USD-PERP	SELL	MARKET	341171.4703123523111881							34117147031235	0	0x36f378caeaad3e7dd0d2ebed261d40aa37e452af5cef9d7cec9741f19751e33	0x585d40dcc27febfbf539d4929aba3baf625e7637a11bd00c433119232c444a7	0x2c4501abcc3b8eb5f95ce6deb89165603c47518f2a1f204903abbccb650831
random_0530	modify	1787366214817	PAXG-USD-PERP	SELL	LIMIT	13372.938120091986896	74.7391017223910599	5300366641083052357565					1337293812009	7473910172	0x712d2c3a42f826ef98ab0f3513358bf75a84315063f7e4515f40f741071fc31	0x57b35258a2ab5d8816cafe4fe60a9ea21c045bd7519109f43c687f88d8341c1	0x5976770979c9bdde5a06acd8c777e0f832d7d52c3dbf2382e8ab5a285fdb283
random_0531	order	1820919331302	ETH-USD-PERP	BUY	LIMIT	5981.5896215372841	0.617803354452						598158962153	61780335	0x4e369cfa9d43b58d80737bd162f8ee6878c3e814680dd18f1ac2a90cd37d00e	0x37540634e9375773a648f23c92eed70ce9c75b669377f7e74dba14ce5a95ed3	0x30c98e42ec6ae9ff905e5e07c5b09e4570fb7babbd62a157a044fe871ccdc18
random_0532	order	1779947639969	kBONK-USD-PERP	SELL	LIMIT	37.4504261822069	9111.072802410447						3745042618	911107280241	0x3619a433d16ee15da33b53329f56c8ca6979ea601863b1b594b52ec76ece247	0x336aec207e2d2ff3b18c0b8cc8b760ccb82a1823bc4d0f025877768b4d1229f	0x1dba604f663b6e2a97676be8a5fe8697e6ae3adfcf445944ba95afb2e73cd12
random_0533	order	1736720098287	PAXG-USD-PERP	SELL	LIMIT	4.9923123340783756	3673.227154030446						499231233	367322715403	0xcd56f113648818a112efaf3d548d49fab572827267d4ff89b6d74642090349	0x56c30ade6d931507a2e16d1403c1550956f0c93803a78f7d99c85fff3a7b323	0x48e02b7ee3e2130b90a51f364efe4b1a6d70da2897a1c3abf914d80e1f563a5
random_0534	modify	1861752172407	SOL-USD-PERP	BUY	LIMIT	579116.1236173117	8398481.3268051924287	72975364804666333096298					57911612361731	839848132680519	0x74b0cdc1f9b57c45b11380ff1fb30a9317678bc28c0304800923280c3d20037	0x7aeec6719d1500a9a3197a1b8134f925e38b3eb5a9d3243fe8910071d9035c6	0x1d90997b595e3f89fe29f0e9cd14168505ce40974e9abf36187949b1acc2278
random_0535	order	1757818197226	SOL-USD-PERP	SELL	MARKET	327.47763410833813346							32747763410	0	0x107763445f13c61f412de14ef0e3f6b243837b599338ae90a304ea4fe6feb74	0x37d10307864047f3d96fcb0895cc83a33bc7c8a825d3045a8d7383b6763ac24	0x78df69422dbd61b44b3bb6a39017c2c0bb896a08259ec127cd98a727f1e5f7d
random_0536	order	1737039347507	BTC-USD-PERP	SELL	LIMIT	561.529462159898832	9.380231391						56152946215	938023139	0x36f4cc2689e4587947bbeb1bccb5efafc64334d79a8ef5c805ddef87a726963	0x56382a828f85b3649bf4e0b57a45c0443866741fac2dce0c9c44c5f0d2ac85e	0x7f11c23189416085c21883f4a487d72dadb6176871083ef539d850e993631be
random_0537	order	1853836228385	DOGE-USD-PERP	SELL	LIMIT	0.148146675261105	3.2273705621428						14814667	322737056	0x360320d771cf7280d62f0890c818918a2403b459fde5fb49737776c39275edb	0x42ba7c4a07201af35e814182b5975f67e58690a148c42690166cba1d705194d	0x1561d40cca242c7278d69288be1be50dc86e325e0dc60971d2df99dbf5a9299
random_0538	order	1840303796627	XRP-USD-PERP	SELL	MARKET	18439.0830315632166515							1843908303156	0	0x71352c8cb0f7b3713622b4ecde8022fb8a1134d6ab58b31021581dfaead37d6	0x3d2e3584e335e19c0894eba367577b8eada5e0e0a2d3602a7df9e7d6b20bafd	0x1ad9b5a96fc7caa950af992319e5f729dfa0a940bf850bcd1ea08a2fe716f51
random_0539	order	1758041435394	PAXG-USD-PERP	SELL	LIMIT	0.288924051295155	585150.356410583867990						28892405	58515035641058	0x6f6259d2ab3143fdf5e518e2f791b2bd1dc94b0d7290ade5bb8ee6b982daa72	0x1571781cbd3da1e68fdc04d655e9db2478daf86f03ecd0b411c827dbf386b17	0x2682dfd26628efc1ea52de0dea9826d9bcf84bc7396d6b3a14825ac714317ac
random_0540	order	1849089121005	HYPE-USD-PERP	SELL	LIMIT	41.37947883423	39335.077797971432						4137947883	3933507779797	0x6f63669deefcdc52eaeb9d65b074e7cd1a9b942891318e006cee7216a483d10	0x320c6aabf4fd201d4eb4979e2c813fcf5ab6ca8858bf741e14194ca6286886e	0x434336d7e42a86b04072717eee1c8b3ea6e75b282b0f76c6adcb065524ba070
random_0541	modify	1890104216817	DOGE-USD-PERP	SELL	LIMIT	0.691755416062	604.785983879570	7500143504523012468946304					69175541	60478598387	0x668229d131e9a3556c82e3f8322da2f1f369d7ba43d14a70e0169b2347aa021	0x6c50560b9ff77fbd2075185e5fc239bb8428c8de096c4062da13f5ef58718f2	0xa5b46a2cfd1e689f1c013724c6f02a755b03faf60d67929bcae2b889e12003
random_0542	order	1847614327882	XRP-USD-PERP	BUY	LIMIT	1441.0949321817413	226926.3455113680907						144109493218	22692634551136	0x115d0bc3d7c23f59f820d907f2fa362a258d0a428ce2a5e750968c1be69f195	0x2d4bdfce3b2cceeedc6b734168392ac32f5f7121894d7a72fa6c4fc506b3854	0x722f95c565627f12a80dab3aae1703e4830e80b51d474d127ab00c0f42b9b49
random_0543	order	1741107996329	HYPE-USD-PERP	BUY	MARKET	808.8124066250							80881240662	0	0x542a3f895e9846419a45e59d4c40e4e57c5520c91996c69878062d90109deae	0x15ef1dd8a48576e8d49c597866cd841f9a237d02caaa556e6f219964647810e	0x67f514d6a6845d4d2348bd4a6574b6f0be9a2ab6ee13728821e86f2cfceda60
random_0544	order	1732122261321	BTC-USD-PERP	SELL	MARKET	9.36865180558							936865180	0	0x5a0f60af16eabce4ae89ebfbb5f72a769e59159bd5184e1147245336ae7b8f6	0x9c5322181c56f9b650565544d6f7de25f5bc7a6ffab1563177a525c59e14a7	0x33a592bc1509b76a3cc27f1f09449cc6af254f619cac62e6356739afe983196
random_0545	order	1866611168618	kBONK-USD-PERP	SELL	LIMIT	672.748386485865556	5586988.329262061213050						67274838648	558698832926206	0x531e3dc0b44478b48f0c4f018c94369f48b6959a91d961eed5351a65e3959ca	0x4ab91312037babd0feb7db8feeb1022a53bffcf951445aebd733ebbec539cfa	0x77e17fef8400ea8bd1e224372922df6899889e0639ce408cec63410abf92015
random_0546	modify	1744328996972	HYPE-USD-PERP	SELL	LIMIT	94338.08659480969434	841894.721387236543374889	151236157608076134659171					9433808659480	84189472138723	0xffaecc27e95587e008314978fe75b73f941fcfb5e061dfdcc88d3319f2e9ec	0x16740535b8677b9f08c2d50932b7a9832ca25006e1265cd0f1ee4660d317180	0xd4a0bfcc514babf6b182a2d77cca687295014bad3a8e5fb81d43880d49fc72
random_0547	order	1770667402218	SOL-USD-PERP	SELL	LIMIT	189.41715932496	664247.7252324677						18941715932	66424772523246	0x7fcc6581c1384fdc5bc4f215172f635fb32f5557e02993240e2c7cbe6fd2d25	0x6843784599dc3637aab114a13ab7ec50d58172c4cf3b18b01fad22401a0be74	0xdd1c05b08b33b136ee58fb1fea9efb94cf1c5a788d7e0e483325f56c771047
random_0548	order	1867187207180	PAXG-USD-PERP	BUY	LIMIT	1.07765894470	432962.390920502732264051						107765894	43296239092050	0x5f65cde227b3208acd8ac7c35230ff26a57e5025458e0100abc0aed8376e15d	0x40f58f5249b8694f0c3c95716353ffe5883e1f037e8fb45e1024980d26ece11	0x223f82de98ee8843a8068d32938051c3903492b3576abf70c77c33b723fc8a4
random_0549	order	1891416963315	kBONK-USD-PERP	SELL	MARKET	0.171268986210							17126898	0	0x412cb64815e90d853364666b1e7fc2b2d273079784c7b26038ed832d14cd264	0x43db68e833732a31a3976f82993ad4346ce58ea2d609fab340930ffdd8923fb	0x31343155405c011b7eeb022c79679cd52ba3b48fa88d941366dd7ac12e7350c
random_0550	order	1718975707166	ETH-USD-PERP	BUY	LIMIT	9.1897143952226	51522.02138550486170						918971439	5152202138550	0x53b4ad950dcad459ea11d6d741f2d524c44bc7285d9d726d9407e3ddd2bf50e	0x464196430600a75cad71f33b2ed4b8d47619ffa14561d6156aa0cb80e60711e	0x2d4733252971ffbe2fee54058865d808277538cc935367f1ffd6de1689700fe
random_0551	order	1784555511298	PAXG-USD-PERP	BUY	MARKET	610.402333259828							61040233325	0	0x10dd09327590e855bab60ef921a65ff5e7e452fc0605863983e4bb7c60796b7	0x6d981bbe1f8fd32c464dbe5c515a67f02bba5a5e010caf74bc7928bb9ef4eae	0x24ef5d0b02079a10ff9b92b114ceff7eb0684462a7bb77c72ab71558347a99e
random_0552	order	1841207917031	ETH-USD-PERP	BUY	LIMIT	0.954862065017167483	0.52525504243177442						95486206	52525504	0x3eee59630ebe7816807d214510ec9a74c735e06ad90d441894f27f76b796bfc	0x3e34afdc1fe09153cef1d5e5d835816e473fcc7eea107fd5b03df0f0de540b	0x287bbc2dee677e67716bef00c70013235116c54c895ddf40c951597f07b3920
random_0553	order	1836122554740	kBONK-USD-PERP	SELL	MARKET	3571.62698327173316							357162698327	0	0x4475eca0b55409cf1d893d6b95e0ca2dd153a7f7aaff7e6999b2074f8725534	0x190c7dea67e2bb1a097612f94bc74afe65b045b757ebef23d3e5552d889d94b	0x5ca46c70087580bd81bcb4287dc1b0ffcc1237ec80741681b4f10329891e4d5
random_0554	order	1872370795693	XRP-USD-PERP	SELL	LIMIT	5.67848199486448	0.12020178741102532						567848199	12020178	0x634caeb95289f5dadc78a7821950e4ff540d218b00155bb1345d070d11e8bb3	0x69b650acfb5b4f51dd45f603a0344dbaae671b6818aa3afeb3c6dca9e6a0d09	0x8f60a83afb1f54fd4a6c83ed366fa4ab3e51b6df4866b30bbd0dcddcd3ae6a
random_0555	order	1724213673011	SOL-USD-PERP	SELL	MARKET	0.29523000852230971							29523000	0	0x3ea33a44f7d3ce1f9019db2f59b8572948987159a3ced0d71badff0bf11548b	0x307657420a884e8a70f08285fec2c19728ecb84183ef5feb599716adaec3b79	0xff24db062df411ab6721f1a6a541e552b14dc2855a05b60892e6ffd1961be4
random_0556	order	1743242331105	HYPE-USD-PERP	SELL	LIMIT	829.5863806846	756356.3127088345878294						82958638068	75635631270883	0x7ec7daaa7fd55474748c4245415a7730032f2649d89d86010c76f21e5c985d3	0x6c4a7822b78b14a4e9a4c5d229c71f2920e6a2f5f59f2885032984231fca275	0xe3706d41f9fb245890538143d498e4a6bf85f825916d57668adc577fb63540
random_0557	order	1815872999459	HYPE-USD-PERP	SELL	LIMIT	0.9439862691579911	41598.458198151969						94398626	4159845819815	0x4f4d624cecaa6338bc621b6410b1e959f3582a87607ce18f7df3b08d82fd053	0x688a81c84351eb0a2cf45a52f2c8b9590283ca5bfd5e7a277c71402a859e694	0x5da6ec8261860c4251ea1d12f9d9faefeaadfb35ac97cd13d1db87f69b0b49e
random_0558	order	1703393110671	PAXG-USD-PERP	BUY	MARKET	9112.24136175593							911224136175	0	0x535c2934ecd086be6b4ec4673c533b6e44681dc3cb1acdcb9b6ef9085202aea	0xad56a86074cfe116632eedfe34153fccbb3575725173f7c33742b7c3c40169	0xdda014d9edf320940e2812ae848194853a5683a708a9052814a9b14aca01c1
random_0559	order	1721558028496	ETH-USD-PERP	SELL	LIMIT	0.064575923	2102831.7748144199596						6457592	210283177481441	0x2279098f14378dc45b45da06aa21ad2ff1f878315f87dc5752ed215686d8453	0x1f2973fbf852a58f0faf98d100eab7e1107d568e2cffc22f23ecc2e5825285c	0x75e3fdadf753e504d8383961d8d2f220e9f38ec5e01731ce637114e044860cd
random_0560	modify	1785858991841	DOGE-USD-PERP	SELL	LIMIT	3.116128317653926	8.72107932955053	599587479495790307191525668					311612831	872107932	0x7f7fc9ec8ee47ada14f51261958e17ff6774fc3f8f99f4d9688f260b74c3237	0x17de913aee227e04e2600b5b604010ab61d7c433c7c3c55739fdbc128f89838	0x47b3dc7de052c0d8abe69da497a8e27196397b422139fe91417dae75789647a
random_0561	order	1721934006906	XRP-USD-PERP	SELL	LIMIT	91311.1135194260984195	27.22726055050920732						9131111351942	2722726055	0x19240258321bd2ff49f12f05c7f346a25eda638c78ae9a3672aa0dfa4de4803	0x595a99a97dd8e7f5d9272295e6d3724f54305fa14509c4a7b9ceab20bb1367c	0x497338e0d393234176337adda01400840eb0b09d361ec6db4ce7167ef4c0a38
random_0562	order	1742030981451	BTC-USD-PERP	BUY	LIMIT	1678.524175708469358744	26930.55834429302454559						167852417570	2693055834429	0x2b6330ae5fcdefc05a35987549be772a9a18ba54449805d5489754f5ab6cc27	0x292c2730f31c10343dd6c3bddea06f7e90331e66324c1a9fe4617dc5d6d372c	0x5778af997981bb1f6e65a9d9939a15dfaaa7582161a12c4b8f7404175b8ef14
random_0563	modify	1706225933997	SOL-USD-PERP	SELL	LIMIT	33275.4790093003	1970360.4758842803	9283690986903980611516					3327547900930	197036047588428	0x6c38d76abfa37c16db03d8b62df4046576345b339c209796ff6964adf35b79b	0x4beb78d70baeff30f88f28277e01020c0a1273cd75551d5628209c144f2a226	0x14b23e9ee2588c79e1453b35431bb229fb129fba5375c23ad0ed7b062243667
random_0564	order	1742724116460	BTC-USD-PERP	BUY	MARKET	0.833829250933706							83382925	0	0x2d9366cd8e3935a284189fcbfbce6316ed4ee2e374d1a775b8ba7c2483b8943	0x3b077628ea04d48d1bf2858d4f17988fa0aa2d04fcdfab3c59ea13d9b485017	0x2657bcd4cfcbc84623f7b747979312c2e6a9657a706c65997caac57efcd6a00
random_0565	order	1876355219224	HYPE-USD-PERP	BUY	LIMIT	4.6449424139151219	7150997.44588873450						464494241	715099744588873	0x60cc2ed5897d09362da5d49e80ea94c366ac7ff8648bc87ebf23d01111e6417	0x7253d2d292273e007f13f1fc65794daabd12d7034a2357a7fe234b59b642c22	0x6e0cf2328678a0ae15e2754e5d057b40adf379e11b5dc28f5abb68a7ad62dd8
random_0566	order	1864893569870	XRP-USD-PERP	BUY	LIMIT	57014.66203965380	1289458.18506184268						5701466203965	128945818506184	0x44520459b865edfed4982b0467a4e91cf0d4205a888ea5752d70032090b212c	0x2b0328690c4fc4e60ada3c9c93e570d83122e84111d2d35bf434afb2f78b049	0x28942ead0e24e91b3bf1122dde096604a98fc389961f6a0f4fed8ef1a3a19f5
random_0567	order	1839679838118	ETH-USD-PERP	SELL	LIMIT	907.167858905807	64.27244640048339						90716785890	6427244640	0xca03557fefae70578efa55ec69685b84c77fdce80bee7b2650248555700ddb	0x42107bb54185770ea8f630be11218827edef2c28b23fcba7595c7b58a40308e	0x67333b28c27b0b1ee856ceb2d817ab43fdffddf507d600c005675ea76556d0d
random_0568	order	1804730231377	BTC-USD-PERP	SELL	LIMIT	1961.0969683769247	762.36774730557						196109696837	76236774730	0x2c5310789c5bc485cc47d57e7652340aac96e570e551129cdd0f83c5d3a345	0x446cc1c8fd3f4ae1f8d9552e8061cba6bdb1a313cc2f4b9134e3576fc0b0654	0x1a094b52b059f9403ee1535130af6500a8caf41d1a94d97b2d505fb00d504ef
random_0569	order	1757811634785	DOGE-USD-PERP	BUY	LIMIT	0.8719305017653	6380.852315249680						87193050	638085231524	0x3a6bc4c3247a8fdce74e33a3157fce9e98abe0f545e340c6eaee0f097563a76	0x18940963fe561278239ba9dd01a1fd9aa13fcc42440444088ac97b8fad564bc	0x2a0141d10507097725eb468664f15f872aed8c5467fbc04893399227753160e
random_0570	order	1705074996339	XRP-USD-PERP	SELL	LIMIT	4.90517917375014209	30.090597127386						490517917	3009059712	0xde77980a6a8a29d3cc4e7620538c74606f2059085298f46ecea64d4fb0c804	0x2746de48a774586f997ea89bf95ee76bfa1480b03fd812f56d9704226246fa9	0x763ce6ffe9c521fc2131baa23e6b7fe5491e601214bbd5baff1ae0d3c5ef14e
random_0571	order	1778812405609	BTC-USD-PERP	SELL	MARKET	243.9758114671368							24397581146	0	0x84a2a200660ff72d4c770862c20bfb9e9a668b3dfc05f0163e0559995027d6	0x6d66aa5b67afb698c195dff720fefd3549a2aeec4e6befe0090811f9a0e391b	0x590f00c18e44ef0bd4631cd93176d79cd1391b450b98abea2c55487715dbf83
random_0572	order	1772899875334	ETH-USD-PERP	SELL	LIMIT	16.086594025552330	4.650543574935						1608659402	465054357	0x266e42febef10a1df26fef52cececc3dfd1c4bb8cdbc519c43a802e9a59003a	0x17a5eb7d8fc0d9917ddd70d7341d453104e4520ed075afb97c3d4b132770d0c	0x37ab44867e51cbec96667f8042b9a9589e96670bf803775e8b437ad907a59c9
random_0573	order	1895991042163	SOL-USD-PERP	BUY	LIMIT	6.6242835245724891	7859431.038631423647601						662428352	785943103863142	0x7fb73fa488de10cf073e80c4f81d0293db5664fb34fee55fad6e2b0152f4c55	0x5076caf1c509ce9bb1f14888dcc3ea849c6bc57cb965598e35da49bc130b28f	0x2f04a270b18a9c7cf5dc92628ed57366ebad6dfee49730f80bef811a50a509f
random_0574	order	1781747960200	DOGE-USD-PERP	SELL	LIMIT	458.558439470879429	1.791737505297028						45855843947	179173750	0x6cce2e9b393c4a89473433bf8a106d3a6c81c6bb672532d356d2ab0f5764eec	0x382308e41faa3acb16d60b0bb34d776090699dfc6900cd43040465d72ec8de4	0x4b4e15c37f06d7d5bc00d66c205567d048085a4e19c12f2cc1b9e6d75e8421d
random_0575	order	1899658267668	HYPE-USD-PERP	SELL	MARKET	0.84118134961577							84118134	0	0x6fd414198a177e04cee1bb570843549b2faf302feb08cf0aac8d46090c096e2	0x2a69ef64781a5136acfc3461b5ff56e50a5644d66a0ea633f604604de02a7f4	0xcfa077e2a016ae02dfac8984095ffebe8a49e99ed2fe1357af70201e6b87e0
random_0576	order	1739583281783	kBONK-USD-PERP	SELL	MARKET	0.605246472503125599							60524647	0	0x2baeb0ed3029735d34489edc6789780dfda8d477f985b3c2eda279f05e3a1f3	0x343c9f4a16ef23ead217efae3d78c3c765bff62da782d50e8f6a7e3c25de05a	0x4ffba0ccad57ae87964f61ce851de6784d12ce8b088a0e33867adf6a8321467
random_0577	order	1822148023404	PAXG-USD-PERP	SELL	LIMIT	27.87930502588	768.438486133						2787930502	76843848613	0xb333d8e3052b05918a01a908d607fb5eaa0249794edde1832c52e535c5e0be	0xb56aca2b8990299465225fe7ecf598a1afccdfa2612d4131762e30cd076790	0x91b9a4efe13a7d3cac8cbd172969f62be2aeab0dd221106227cd3586b94ed4
random_0578	order	1853184865754	DOGE-USD-PERP	BUY	LIMIT	275868.63665100542794431	5560.8898687697205						27586863665100	556088986876	0x4e136291ce25f5bc10348102812ad6b8b7ba500f1b971bff98dfc09db56a9f9	0x4985956883f365eea300ae38e6157e0aa20d3d42b86182778f3cfe72aec489d	0x1ec106fcf4cf930a7b4e5fdfe84b7ba26b60b63456a4c02adb4f6eef07eee27
random_0579	order	1894905268784	DOGE-USD-PERP	SELL	LIMIT	43.287588181	271363.841969627						4328758818	27136384196962	0xf05f6e35ada69f0fe72d1f602af7ba1e2e75f459884feca0bc9bc996e9f159	0x5c205b625251301274a6a6ab142e056facde9ccdffed7f1db8c0f0c1c4c2c1a	0x1e601df90b6339450e0181e8b458850918bcc60892817e796b015dd53298e8b
random_0580	order	1835439567695	kBONK-USD-PERP	SELL	LIMIT	840520.415721970889446	73693.785242052372708						84052041572197	7369378524205	0x1aeeffa9e159600edf48af5d8811e6cd83529b63ce3919df8e2df958be56dfa	0x7740f8d92f7c535218f32279ecb5f497f7718afc4a226203cfc093247d31036	0x3f7126cb3c429f7815ae2f97330f10329f0699e0bb1b9fc9229657d7f19cb27
random_0581	order	1722175561188	ETH-USD-PERP	SELL	MARKET	0.42108525345299							42108525	0	0x2ccbfdd65e5c15a1d68d35c4340483b4c93ee1f1cfd5ee9262c5ad50a0ca5f2	0x54eddd5b0c0c7ba9f987a601a64bc40fcbe3276056dca1d5286846f39611d19	0x7d61a09ec4f160055cd647189da908240f39ec7f509e4d7a365f042cc202781
random_0582	order	1712428030821	DOGE-USD-PERP	SELL	LIMIT	0.633396469074814	766.0827849222						63339646	76608278492	0x77a5d2c777d3ee46b5041b83874cc119852dff80c2265a64d65af0903d8bff	0x5e3b54ff7357d1b7af55b9a42912a55bf91424681d749a487defac9d8dce5b2	0x53e82c71ca40b000554be6f74d93c9b4cbd9d5d44b4e7e5083c32c9b9b1b41
random_0583	order	1896221479683	SOL-USD-PERP	SELL	LIMIT	5.281542673949	637.87561850691111						528154267	63787561850	0x20204dced030b723c54c2856a7a411793ad8fcb1fe5d0071e8a0777e124bc8	0x5f9aec7a8fb458682ab4ecd5b8bd9e9398f00b741b5a47e0f1b777834a3b63e	0x338472ab81c13a9c417629a164f1001f1baf9f38ab7cbc8f8f529a457d9f796
random_0584	order	1823215220499	HYPE-USD-PERP	SELL	LIMIT	795341.29281417994	68700.211122724633401894						79534129281417	6870021112272	0x27ac9875bf6bf0081baef10a3abe9f836f15143e4db836c488c8256e093213f	0x4be70edad8347519711204119401357cf0d38d518140bcb3e3a0b6cf7f80b80	0x55f6dd150b8daf054a7224df6e2491aefd0e060da774d35516e3913963f416e
random_0585	order	1880129675310	XRP-USD-PERP	SELL	MARKET	9327.542192781368829							932754219278	0	0x315aa881cc7bdfeb86012fcd8887ddec3013017da565279b1f79aa5b62f3a50	0x4616047c8b99b120e3b305ea62bca617e078e48faf1054276adfd1f4cd4e68d	0x2e93b9b4ce32a255d3ddb1125cd6fa9a05ac6dd17d0fc214b8be6cd67b58adb
random_0586	order	1814973084695	SOL-USD-PERP	SELL	MARKET	65.60456264901							6560456264	0	0x21902e2d94398e6264a0ac72057876710d0a4e429bec541447cbb00b9030023	0x3920da397744619f611aa7e5294813ae03473a0069e5ac80d4fb7741d299011	0x67d1072b2b414c7ef8cc9311ae6c0f56a2f86f64cf5910f1f92d860ea15a74d
random_0587	modify	1759361095793	DOGE-USD-PERP	BUY	LIMIT	9.06485739622555638	16.7486248574408	21606339419302973563823					906485739	1674862485	0x1c5a34b31a682db4267ef3cca8f26fae89eb66709b7b9766fc6f4cc32f9eaa8	0xb37ce4fe17374a68aab79beb67ad75ab8c16e10ec4f62d6bf358262ea8a45a	0x4980f555530a230cc43683b24019c62013167b89013b9b66d4a6f1ae9505b2
random_0588	order	1786666260836	ETH-USD-PERP	BUY	MARKET	1.754216134238278338							175421613	0	0x225450f0a75311995818d624d47df1b4a92140d5b0091ef00bac18c68fbf156	0x534ddbf935b0b4ec1f6e0173fd3bc40a09417cb1cb3b310fba1474a914706f0	0x738b8f5f5a82e169bd414abac08309488e47d25f5b071b614dd520d4a15d77d
random_0589	modify	1724402296927	HYPE-USD-PERP	SELL	LIMIT	941535.02673981657769585	437529.04370771018657592	6393251585477575001526					94153502673981	43752904370771	0x3730e700ad91d41274f3e9571b717f4477b8edd6a635a3474e0e2b151b3442c	0x327724eb3efa6bafbe42fcea3b2e2b30e2aa5c53768761173e58261f0f221a1	0x357122aafbbc0a81213f41e6f94999af13c6e16398e3d8a42f56e1df1f6d751
random_0590	order	1876401597535	kBONK-USD-PERP	SELL	LIMIT	0.4360390147708	7.531122245602835						43603901	753112224	0x29cb45b57551bf2dae1beb1e3397f5e5e847f5ac2438acfb1abb28f09b1840c	0x279fe82540a607586e346dd961315084823caad70e8cb51ce91e49431c8a3b6	0x506465a2569d089087627fa4e50a7befc44747d87de76a198496b2025bf5116
random_0591	order	1762572404638	BTC-USD-PERP	BUY	LIMIT	478839.19965628799537	1061.2905027025592033						47883919965628	106129050270	0x79b1ad704f5573cc0546660c08f804dc36abd7108c68dc2fcb4e5d5a931c23c	0x36d541e6d286c90943ea34b83510282148eaedc9070dd17a50b8ce017558607	0x63a834f1171b82d5de16d3bdf9268c6e0c4a0f8f866fb8d9ff9d96665ae91cb
random_0592	order	1801894832919	DOGE-USD-PERP	BUY	LIMIT	687117.97740076910526517	0.619827173870928						68711797740076	61982717	0x7b0758c73a7795d324c5cd43d8ce66c8485d7cec31ef1ff86bc94fd29897beb	0x32648739424600d37946f2a5786216a97194404a5f92c6c95c89daa6a3227f1	0x4001c1234feb24631ffb998112546dc7e9b736fc45c1ab50cfab2e9c0157d39
random_0593	order	1850662894362	DOGE-USD-PERP	BUY	LIMIT	24834.4158903083	42.65622087980424869						2483441589030	4265622087	0x75ad7803cfd0417aaf1f6f87d01e5b596aa4c1bb09ed8e5384c8c902f59fee1	0x4e5ec5b5d13557bf42fdee21dd958fa50853c540ad8b852055dcdd6b73a7ada	0x2b4b37ec18635fa28648dc68baaf2887dde4a2553d091a5963c8601055d1778
random_0594	order	1896240510178	ETH-USD-PERP	BUY	LIMIT	63.309701824438683721	5.08638859155262						6330970182	508638859	0x11064e54e0e509534726624a8266b7c7f8067e3a960d92ec4e02e5e5ff2b24a	0x10cb3a4fbd4ac51a237e400edd85fc831b46c5f77459dc271638f2ed05393e6	0xbc2bc723d94598c9fe02a9fb3a1ce2dcf9e96e0a658f2fb984831653f269ec
random_0595	order	1833192899988	DOGE-USD-PERP	BUY	LIMIT	3389.328284346979	22326.18219374119868						338932828434	2232618219374	0x745301729a099333cdac776b0a4da4962c4cfa827c5964ec31fc307df346c2	0x1bcdb383aca8da987acce685c28b7cacc27530459aae5d9fd740a4802bda549	0x469960f48d82687f9c904645049256af48fb12fc60b6843d056a42fae30c68c
random_0596	modify	1782901591306	BTC-USD-PERP	SELL	LIMIT	68416.701148192291887988	7533.770026734262974	164079764668993440492149721					6841670114819	753377002673	0x336b37f61b02ed6c505bde2d4fa4b1efbc86bcee462ce8e628e75c2abf5f91a	0x369e9bf09015b721240e7c21f4838c235f280abd3fd53a0ca33aff80f4caf22	0x47f9f2e0167508d159793f920d53532fae0dd4a73825aba39297fc356078a4a
random_0597	order	1773763030109	ETH-USD-PERP	BUY	LIMIT	93.61522685419874465	191625.186529473758						9361522685	19162518652947	0x72f557e935090c9c416ad510fa952cbdd51cfbf8cf3de3813ee2a2b257a7f18	0x449628a1ca316b97a8bf31ed98b48a67fd079b386632b559315114c91f3de4	0x64582a8cb7157f513833aa97264454090e0f3d844f65a31bb43ef1dc7f69269
random_0598	order	1812575144317	SOL-USD-PERP	BUY	LIMIT	0.42761466506863	54.886428480590						42761466	5488642848	0x623ed928053ed15c8a122aadf1f4394496dd897a36c0bddb6917a9d4370196	0x58dc4dad56f85111a4820dddaa1297bbfee2f7697f9a754db90ed838d9bc45f	0x171d3164b91f56979254ee64486236575c715fb7843a2531e91560c1e3a546c
random_0599	order	1837290722299	HYPE-USD-PERP	BUY	LIMIT	549615.1290964151649	33639.29267016489						54961512909641	3363929267016	0x2edc000c5a0f874a2a6a7f81022d33079e19cdc82fd6edb93cfb8e6c8bf98c6	0x63876ad71a9e7553f94ab8e228570bfb2a63ca768e4a56e4bb5f79842d32c80	0x531b20372851b8f1d4f1ad934677a98639b5a7def3e33ca02a64aeab4922240
random_0600	order	1893025554737	SOL-USD-PERP	SELL	LIMIT	7.2403680922147655	0.321893130115513						724036809	32189313	0x5cc358f311fd19573ee11766db6caae83b7fd0e53bc4bca2040b19e9b627ee5	0x442c0039f217a692a47b0fb4a75772bf61049007b705db5259090375964dac8	0xa4a09dcb0f21615220c68819e285e5b9b9f5a2f267cd1d5325252ddf8dbfcb
random_0601	order	1762484657303	BTC-USD-PERP	BUY	LIMIT	0.709322093624	90.45606969985322071						70932209	9045606969	0xc5365dd55ec11de4b393425f1289806599836d6b8001f25852863a5a9cc2d9	0x705b1143c34551aa76f14cd0b62905876b0f6a68b3beb8345cc49ee62f3d32f	0x6a9f4f5b3476025001c9695663ccec29575ff42752e67223af9bc6985f61e4c
random_0602	order	1844892053089	DOGE-USD-PERP	BUY	LIMIT	5231.910405023824	2080.05589332205404040						523191040502	208005589332	0x48bce34e6fd6ecd59ce67b1004802b5da40ff8bbf16157b5336210b9e3a9c2c	0x3f63964e8cf3a966b2c440ad1ca9227ef929a2315991f00c27a1ad128406759	0x68749ef67f7c27231b22089a5abd4671ca5090c8f79746b18721ee94bc8ee9f
random_0603	modify	1891206153321	HYPE-USD-PERP	SELL	LIMIT	0.5499067948	0.37598435062	91699801346903679430					54990679	37598435	0x6c787f88e509779c4533a749116fa68a377691bbe70cc70e93d75562a3f3093	0x5ccd566262f5dfe4c6abdf77cb1727a0307e8aa409389a2fdf84ee52e3db7e3	0x472c8ba910bf4c0862e3653c54c02a9d6ea078f2767420b02cf81389690e45d
random_0604	order	1896198344246	PAXG-USD-PERP	SELL	LIMIT	59.262325058615	1.5024503202868090						5926232505	150245032	0x40f025ed00a57d958902c8651668508e3c1a0babaced0c9a896144aab96dd32	0x7d5f74d736918a904c80e872b5079ae35c8f8b02d99fa802824acfd5755e909	0x2c0a13224a222368ec49d70a2c6f0d62c4705e8380ad36adcea9e68f6e20cdc
random_0605	modify	1742706950982	PAXG-USD-PERP	BUY	LIMIT	61.75641483663677442	56305.50480051951560230	1350158753000968320237599829					6175641483	5630550480051	0x42040441825d5a65a430ca4556040f2276012d90a35eab6cb1703a2e65dea4d	0x1ed6f212fe9e8d5ec852357a5578cdf9dc26f1452ac06a099d44e3244a90f38	0x6e276bfe01ef4787abca3364e7129add428e7dc6cb57fd8d47d8c934b504bd0
random_0606	order	1808094819264	XRP-USD-PERP	SELL	LIMIT	6145.562120142023997	756.29331985220						614556212014	75629331985	0x6fd6ed1918ac5311b619391188de1326665982a2fecd6f72aecd7fa8d268ecb	0x7a36471404b1b9b27475823f61dacec0d54aba50916b7ab5dfa36495e7fd4b5	0x521334017de0281233692b03d033f28d940e8527e898f27c41087a890a76e76
random_0607	order	1871883556079	DOGE-USD-PERP	BUY	LIMIT	134.00621253285	842262.7128057203082						13400621253	84226271280572	0x13d168587c7138ab321f1ceee161deb6ea1f21b6c4c46b159c1435cce93524b	0x7d57e9da20ce00e9097b4e9f040cbcbb1cdb4902629a7693d17716df149c3	0x31a4f21633ec2a23bf45495d98431eed4b67b8e6d2c1a222f925ede3b576c44
random_0608	order	1887111247676	XRP-USD-PERP	BUY	MARKET	8.432219466							843221946	0	0x38abf6f313138d536422796f995309cd354baf5aaf2626e8b2224cfad9fd8af	0x3fb8d376a4acfad88698e50085d159d95abf7dd4e3105d0a19d3999c46e0880	0xa81e6526ec8d12ee937a89ab5aaebb0b2f586f5c5afb9ba62bb8e91c509f94
random_0609	order	1823255960413	HYPE-USD-PERP	SELL	LIMIT	278.6334172823684	0.2932132063533						27863341728	29321320	0x4fd050ff03de506df2eb64cbbfd789555fa6d7e3d32639413b05e109d5351f0	0x742b7d99b72bd460c2f3cb02f2423350de773b6d620cdbc649fb2c4bd195255	0x21e3939fd716795d4d76feb7cf52571b4b3684d80f5649770c1dedaafc97cf2
random_0610	order	1819006118318	DOGE-USD-PERP	SELL	LIMIT	6463.490064322	574357.61325543098734652						646349006432	57435761325543	0x134616250184781414fe8ae6d017d37759fd9c11b2fa375418f33f6c3d32857	0x60c827de8e89c50834e01fe08691e570d4916524ce4d966b97b22e98cbdec83	0x653048b974b28e5463350cf70eb528e6fe4b082652f210e5086f23a66c524a6
random_0611	order	1811833614963	kBONK-USD-PERP	SELL	MARKET	819009.699092182512							81900969909218	0	0x5289ed16c58e60e684fe9e042bea6f199000f0d9cd75f061d4a2e8e341d74e9	0x32f7b44e07a253e0924ce38c6a5d06fb458bccd91724a569633eb50dc5a5361	0x3bbded7d6740153c6fccf44a74f4457e3e964f925bdb196a8a02e74801a08c8
random_0612	modify	1703215535627	DOGE-USD-PERP	SELL	LIMIT	35437.488391452648	0.197045490597	38900002609600583218690241					3543748839145	19704549	0x510893cd553f6f2f9a8488f56e5570721a82efe79d5246385fe8095b36d3546	0x627ea06ada27b4255af94828fdfbb80af8b91a5718c13e235d740d19e1a513	0x3f7e87474a787948f34318f8b32400f6b05ba82e05b4eda64792ae656517043
random_0613	modify	1811005836619	BTC-USD-PERP	BUY	LIMIT	0.7293210404452875	9994.121938092794592	93295948575733308503050513427					72932104	999412193809	0x1033686f1866a073f50c652a51c382a0c70aae4226c4d2321b4d6c37708075f	0x13000de0e6834b0cd5320e1bc96e26a818be3410361208bb87e233ecb0021d3	0x12bce32b183a9856cea3c5ac5fc49cc40c1e04b00befd68b539abcfe58c577f
random_0614	order	1860778013498	HYPE-USD-PERP	BUY	LIMIT	87.740281946004468738	45.357178833605716048						8774028194	4535717883	0x1b078ddd0425f52b1a3c55df9f67a4d31d55ff8ade6bbf3fdab6d254770c061	0x341d4acc409025ec74d05317070636fec3f9c79545ec5037372dc45ae843650	0x72fb4dffb0017bf4cea7329ee2cca008119e8f1f3708e7e680d81cede698370
random_0615	modify	1721524764141	DOGE-USD-PERP	SELL	LIMIT	7.62020910113	0.3378167941556733	7437082199792040277328293					762020910	33781679	0x26aa2d23f109e6955791ae7dad87e3f57bf80efa14773236afb40ea9c634af7	0x6c4a0504bef41576e731f638b64db2bedba180977cc58e8f1fd4c8e7967af9a	0x6d9c5079616bccf8fde6a8ed68ba729eb27fb8aa3a10d013d4863007cd3a0f1
random_0616	order	1717738183985	HYPE-USD-PERP	BUY	LIMIT	2.3639279545	91.756038100						236392795	9175603810	0x3599561d2021811e2dbca32f25d044b5b121b0de2005f72f7ff45d480cfff35	0x5601686eabf87294f3f885b80f14bde40a5e3d6797b91b13790cee9f692b791	0x373f70c80aec69b28a32df55f4b907a2ef9e5b5aa9c8afc5ac9b09aac17c4b7
random_0617	order	1783047889190	kBONK-USD-PERP	SELL	LIMIT	36745.49778686091	9097461.53895100050						3674549778686	909746153895100	0x18b0e6c22553ff6d52dc7908863639d0f791a9b7998c9943ce7ae9412064b08	0x3258129c8f157c46058f6a16578fa3bd374af1c437c10a29b477c1dfa803f2c	0x692c38fdbfdac94218d7d0aa782b557ce8a1100b55a783ed99e1bbcf05c1f51
random_0618	modify	1825856208217	BTC-USD-PERP	SELL	LIMIT	24.05082552473574036	67.46919486776528	89114433899828476868					2405082552	6746919486	0x6faa15879695eeb660f45293f3b54a0f2583bea4673fe2ee9cf3ff03a7e851e	0x36053805a9c4e66afb7f104c0e8d1114a7a0c3b22a092a0846ffa5aba19469c	0x145135d4927e8400200182129734eba2bdd02b5ec6dec7093026e47a2308d05
random_0619	modify	1871398214479	kBONK-USD-PERP	BUY	LIMIT	99.7157365493814	87230.0287997897287	1989257683286045764728982305					9971573654	8723002879978	0x3d190122fde0766cb2375d3a7f8a6de384d124da09bf7fe0366b5e288743e4a	0x41289b08e2a3cd93510bbe512e7eb8f2926ef6d4678042a1abea20078490d3f	0x3120371d9aefea0d16a84feb014e50830780b2379772d469d984f068a556f1e
random_0620	order	1755893369280	SOL-USD-PERP	SELL	MARKET	80948.28329936443946							8094828329936	0	0x719cc6da6dd4b1d20fd48dbbb996ca600e43580c07e7937a6096a2f9123e18a	0x6e5f4691c194d0528398e1a6367e4db6729d3920bfbadc2e8443934daa9af4	0x1aa9b511fd905a8f3b3cc2733d216fd0076f2979f7da04283be2227ecf62f5f
random_0621	order	1741774849622	PAXG-USD-PERP	SELL	LIMIT	7.014440348	0.8191598080924						701444034	81915980	0x759f833fb534c4b80d885bdcfa526935a25ed4d049d27397cfe92cd40e2f9b9	0x21dba6313bb7bad2ff102863b9bbb5851708fa4c24bf952b2fb23aa6e0e5ec7	0x5c4618e0a22333b9b92c0b8958d3355f5811f486f5cd772cb824d40c6fbecfb
random_0622	order	1759802905612	PAXG-USD-PERP	BUY	LIMIT	0.00072133255441	457.568349458304						72133	45756834945	0x79f260704c9db97e76922cf6df5570cf2b9dac26ea60eef71778a94b03125b9	0x4cbf988bbf9ea3806dcc0f0c411cf91e27708adbba848c1b43808edc751838e	0x711f541d4ad41e34999a5ae6d05183f8c90906c8f44bf03d948ace4f3c05a4
random_0623	order	1820949134237	kBONK-USD-PERP	BUY	LIMIT	67893.44696071500256	6404.3519230331						6789344696071	640435192303	0x4ed3e04659e25b00890ae685bc535ce00de89304cee35476f7b9f35e2e211f	0x39583ce95b225fcd9e9338053b39b9f206a4475747dd6be87aee62077cb23f7	0x60ab3c0a2a4a72495668b05356e338bff436aa6ba458399db03d520f5886293
random_0624	order	1772904528661	BTC-USD-PERP	BUY	LIMIT	0.44323559367	1729.9920111156						44323559	172999201111	0x75804365e9f9c264fd350503145ef89a5b9b91a56a8e83c2bad3b10f14a1c67	0xaa7e683429135fc14eb7a0633cea8192c600bd870df2d567bd5685bc8cee82	0x7c3a2286670f9453b279379c86bbba36654bbebef7f505e0ba2af3549d58f0
random_0625	order	1847514468876	DOGE-USD-PERP	BUY	MARKET	685.46973235123							68546973235	0	0x74d44f81d5ca4e14046be77a786748e902c57dd3fec84c77b5d6cf96182ead8	0x2c4f88ecddb245e05e4df7830c32df7928332d3233a44803959b9a53de4ea97	0x7cf13b1a7b399b795ad1b0a8066e4cc7f7fbad959fac8742f2577d9a6a0e315
random_0626	order	1707387232807	PAXG-USD-PERP	SELL	LIMIT	55.5583504234360	24362.730401348719792849						5555835042	2436273040134	0x61961539c7a3b287a4d767903e382ca3b821aed1404002d315797b13579d6c1	0x39702d1df2b6595db7389d254a47c75a8d7cd80470dc0632c70d582b9ef2f2f	0x21d6c495f8cdb833c37d55d123e5df63e77f57a413495640ba00c7f40c80b7f
random_0627	order	1706164601804	SOL-USD-PERP	SELL	MARKET	0.09015314818							9015314	0	0x1eaaf64dc49f18885ecdc79290e0fafc68ab4d5f86c5431f7907d3687cacec0	0x7e927f20dcb16d00ebe2161023aa2992e454103672d3266c9456cccc91d7257	0x682153fc6723252ff1a82fa2e2a8bdc63749ba0c0d5d9959fe46bbfe7750816
random_0628	order	1835924271461	SOL-USD-PERP	SELL	LIMIT	8.63021754674526	8055.32356833592034959						863021754	805532356833	0x286aa8e495d3eff8d025874ca9eeb05dfabb5b5d321491dbe1177857a2f686c	0x3490d8270b29be12b95c6b75ebcdd68d9d6cdbcab0625b0d2beb37142a0c93a	0x1c204c5bd7bc76d897d4d35c44b035df9ba830d0164c87e43fb10fcb5b8a8c6
random_0629	order	1839878707728	SOL-USD-PERP	BUY	MARKET	0.16898378906616071							16898378	0	0x45fd8e21e04967731369f0d6d96e3864fc08b23e6a8813359412cb87b2204f7	0x5b7c5280016f20cf3a9cbc8d6e3d9fd2d3dafb71b6d840b3a98fe71a2addc9b	0x24ebc60a02eac18c0c4b145cb68133eb2d5e55302b708adf6dfefbd20bdb47a
random_0630	modify	1711940995692	PAXG-USD-PERP	SELL	LIMIT	972.4439565376202425	2798.493551480294472	8120808827165752555490324194					97244395653	279849355148	0x34cf2980784261b1f31735fff3010e211c2adb2cde0cbfc7df161aebd19a1f9	0x3964b21a30d0ce8d6f8af869f49e4ef0f3ce438fbe8c08d84661e067d3cb79d	0x4026ed0fce9bb6b3aebb78260b161136ac1f90fdab9ed4b73b5d5cde5d6bee3
random_0631	modify	1707434840531	SOL-USD-PERP	BUY	LIMIT	3374.481863014593872700	129915.46983343620096	983991104981414693204					337448186301	12991546983343	0x33da06646b41bb576d72eea208c1531349cf6d800e6a9a37ed7d6cfbf30bc50	0x61d79bd228ab38c1fa444c5b3af9d4815b716420f825325375d4a3accbb5e55	0x63cc231f1ce2bb7d55e34d88b74d1ba1c17cecbd881b485fbf2de38b57b0a9
random_0632	order	1842795383064	kBONK-USD-PERP	SELL	MARKET	638411.73816279234632							63841173816279	0	0x16c4fb06bc626b99606014f610068becd971ba3a40f147b400068be23d40610	0x4c0880b2d196c07ce3eba3383065daf72b837339ed06fffcdc2731105585c7b	0x1cbab929aeb3ddc05f8053e1996b4a5920ad4b46535e27b5ebe17eec7be9e9a
random_0633	modify	1869747136366	DOGE-USD-PERP	BUY	LIMIT	7.207871995687523057	77131.32917150803682	1637164031576777294100					720787199	7713132917150	0x23b19eb9799ccf2679259b0eeed06cff6ea5e71bf1a9916830572c55896c19e	0x375f32410ae2edaf63bc1d98b5e99bd5d4cd66e39cd74fbd4360d95d2b9c70d	0x40948f3e12b9cea51b75d9c072c96a3b995e72019ab7fec764d31b5fbf8e07a
random_0634	order	1836260134130	DOGE-USD-PERP	BUY	LIMIT	46.45083906207268	520.75144122756952						4645083906	52075144122	0x7f5129850ebb8c6859300691038f9b4097452e8a676a4012b907ece3b7c3eae	0x304de6ceb6ecf2a9ceeaf0d1c040fb09bb8af23d29f810a993ea68ae5eabcb8	0x1cde043f4fdea66ed747e51ef4cf5f26e10ce21aed3c1eead91889b8461b261
random_0635	modify	1837580303229	DOGE-USD-PERP	BUY	LIMIT	9966.33991540332437110	0.5338357837	1069852704871704347753096912					996633991540	53383578	0x139ad6a5266ee408aea106a65cf4518ce48c789cf9d7b57042ed97770acb1f1	0x53bbe5b376f56442f05110d25c6a70ccea64bf58528a9aef74d2e77944d22a	0x5da0afa937dd94ed16996fa379e8ba53ec4f456043dfb9542ca1e1306e8c3ee
random_0636	order	1729713208555	XRP-USD-PERP	BUY	LIMIT	650650.8967389779748899	93.02779654050						65065089673897	9302779654	0x400711b359e9ddfe30ad1debe5e59cd170a901da16da6bcb429794fd7b06fed	0x1dac12383ffa5b09d9dfbfe410a5b75ba12c72d53aa6c6811249d9e0685ff64	0x13b045eec42732d604b23f23d719ddedf118d36793fb0e091cfbe77d5ed4ccb
random_0637	modify	1888451941006	ETH-USD-PERP	BUY	LIMIT	0.368480333	0.202393899576	2856200392392300130272485468					36848033	20239389	0x7647a38e7b132f9133a0d2f8b461727a20c8563098846978b14e0d5481c39a5	0xf1470539d845e77f3b051d7b92e54d9a0ac2ea01d7bdd675b9c43e00ad4cf2	0x2cf344ee6ed72589cdaffc40d7385158941faf74a5e1126aa5e6ff52854096f
random_0638	order	1833057317468	kBONK-USD-PERP	SELL	LIMIT	87076.738253721251	800.5984002978973						8707673825372	80059840029	0x2e3dd18e09c143ffe0c2f62c0cdd302ee26b64789aa976be0be2c6bd6e385d4	0x6b559244801d691949b7b1243285447a29a0a7dc7a1399b087fef8bca1a8b16	0x7054396293b37e78bdbf81eb0fa08711899c9b8b253d20dd3f2e911c8fcb5b4
random_0639	modify	1835318473309	SOL-USD-PERP	BUY	LIMIT	59643.6978606379287	469586.127760072433648394	609004259663811134568					5964369786063	46958612776007	0x3e08ae7a2865bdc440ca9b0e748b1554771cebe3ce94d010c5b4b2a819355e7	0x73d6dbc89526f1003a53750b549caf4da9463840af4696c42759be49701a620	0x4acc8e0e4d0ad01bd5671427a80d74b3f4bff7b98fc019392ec0f2df600493
random_0640	modify	1726500370971	PAXG-USD-PERP	BUY	LIMIT	73.334685830	0.19003303579608498	35394185059129100630505545					7333468583	19003303	0x63c28444fb9371092b264c856540d0c13980fe3e74d3826b3c47ba59e4b080b	0x2371daffe0c5451c0aa4aff1487e7e2b8f7422b5e3922b0cee5de61c7ec5182	0x119d2812864805cd81996d2db82dd652a1ea7493da83fba042e3a6c2f9642da
random_0641	order	1858784708485	PAXG-USD-PERP	SELL	LIMIT	37.24461958253892	23.400167787318						3724461958	2340016778	0x5e2b1875e5fbc5d2b655b38380db1fdacd36bfeda08bcd5a349c21b2a679c54	0x45575fceb68adfebb3af0f782874e1955c7b83978fa3e24e80d4f3186c36fbc	0x35184f353415d163d9983dd1d3f93b4841788c4e598755ae2966d7424e6341
random_0642	order	1780523180857	SOL-USD-PERP	BUY	LIMIT	8186.66579153128762171	38.8797695514						818666579153	3887976955	0x6e021c1a32439f131aeec97b22b932aaf972920a40ed2423ef1a9692cc7837	0x1e7f0d61e18e298a80cb63bc69a2c6852f94f1e95f052670a85a1da8505bc24	0x26cea0aa266c180d4c953ac24241093f9277a1a361f87d071759e3f1d713da7
random_0643	order	1799001562394	SOL-USD-PERP	SELL	LIMIT	0.2264049936939850	83593.36036684040432058						22640499	8359336036684	0x509b3647f9cc6adecd37f52cd71818261e044420fdb890bba063fc055465f5e	0x2f5696ce95454edeffec0b24e05f6d980f6de46b35fa4a49252290e82ea3a4d	0x541c5ab26665f8302a26dca26ab90ac4c72c44f26eb3e42dfac5bf715367d9e
random_0644	order	1872759882136	XRP-USD-PERP	BUY	LIMIT	0.1601961941497657	5686731.1576499436584490						16019619	568673115764994	0x78c1e58c20c4ca722492862feccc625709ef8e5c4567410ab1f44281995d2cf	0x5e39ea143bcd0379c4927170953ec99739a5c1f349b91258b7338f66774d731	0x45d9cf8ccc71807afdddc05f949234c5f8386654b45279d5d32a167c4a71549
random_0645	order	1871775907189	DOGE-USD-PERP	BUY	LIMIT	0.9618139397537162	317.852608594445						96181393	31785260859	0x309ae8bc1d294ec121bc87e1da991c72b1d580b9a4d7a309ddecf33f83d0d8b	0x4429295380eff6e2fd77ebc9258dc6ea8b1f04565250abd766a4ac4ca5864d2	0x29745ec4a1aff70e6b527fb717cf303faf05bdedd8feb735f2cffd155d01302
random_0646	order	1777008505679	HYPE-USD-PERP	SELL	LIMIT	62311.334727789250324375	7321.324984716649021994						6231133472778	732132498471	0x55798a885695332f9f0d8caefea8209ad8e22b906f45c850f79653cd7d19b36	0x5e291aea6469651ff64d8b2152292c981fed4ef4d6a19ff8cd068e2b8568c74	0x36833c080b8d55020453455c758ad0387bb35aafda9525d58cab83ba7b4c0de
random_0647	order	1718559399838	kBONK-USD-PERP	BUY	LIMIT	1.042341971489834582	4875.758921527						104234197	487575892152	0x71e5b2326e0da97632460c2392703a6f05ed987d270067ad1d326027a55f960	0x395836b6fb906af56e4b61313bdc60436061f33e6015e7289f6706625670997	0x1ab0c773112791e958a036a27f02a65196172b7573931b8ee3b22bbf65fb824
random_0648	order	1707420193340	XRP-USD-PERP	SELL	MARKET	0.4943956939							49439569	0	0x548afcff581d51a33ee0f3422fe0607ac6a99872ed90eb182fceefb64a47427	0x1e3a6f4fde0137d63e92580af2f3db2b6e1064448f47027434a0279752df92a	0x5ef62e398f32c9d63455a57edb4f62e7f47648b5b834b6a0dee995465be93be
random_0649	order	1870352459720	XRP-USD-PERP	BUY	LIMIT	6.186874965	285485.055514788						618687496	28548505551478	0x14309bdce708d86cb42b65aa4f16f338cbf8cb8dc1853ceb2d436d431befaa3	0x1415dd113ebd4094126ba671eb0dc51d132ca36e2ee4aaadfc4b9c2978af1bc	0x25a8813721e0d2add149c6863eafb50206d53df6cf5533326876ae91263a71d
random_0650	order	1708718343078	PAXG-USD-PERP	BUY	LIMIT	94619.95463721547001	2905.552050425849023						9461995463721	290555205042	0x2dc837f66e4c960c5991b06f06417680dd19ba7d792e38503dcaf9e750bb2d7	0x5b0ddaa03463908972b74b43d9a9af280ab8d7d35ffe2e8f4d0fb385c3dd99e	0x183e77221c5621b9288ea736608cb5777b1c9f01c4bfdd5e88c0d368f2635e6
random_0651	order	1830863131198	BTC-USD-PERP	SELL	LIMIT	949.540544710	447168.8225571006						94954054471	44716882255710	0xbceebdf47d8da2b3d89aa9599b127ee5fc1d0b7856ca0a6ec456c44130e5be	0x569b1ad503abb249957e41588b1cc52cc0fe48c277d0389920398f2831a280b	0x4260f0dec0ca6ffbaf6d7495f988134ba11d8fdfaa8742585e9967fba96d852
random_0652	modify	1875858647313	XRP-USD-PERP	BUY	LIMIT	11645.822105026049151	3951446.2883536049556	1347536152040804760817064					1164582210502	395144628835360	0x4e74de83521c5a2b88037c6ac6fd2fef2fcc7393a13568a4f9e3de914430887	0x5319728e8cc0eef80746ccae84366f6692beb8d5a5c36b34c630b7725aec21	0x6b85f316639ee98534657088b172dcfff39b2a6fab52c73e00a78d6032c6f0b
random_0653	order	1786121487114	ETH-USD-PERP	BUY	LIMIT	90.9704068098725481	82.383934438019074						9097040680	8238393443	0x5148ec57ae7790b95e62e19b8b6d8e36981e3b342883825dd69989d7a0111ba	0x6a6a518d2c4f95ca23128b3d01e8ed9a76808008ffbdd757c6b18f695a83cbd	0x28375b25f9a179935e0b94726cfc4bccfa6c4e4882cca6a36cef210e6b4e53c
random_0654	order	1829927864739	SOL-USD-PERP	SELL	LIMIT	33.89936946224418	0.783696113978942227						3389936946	78369611	0x3f2a66a9ad51c407672e79d1480b2958de566abe590ae3a2a5cd1db610d760b	0x14ce03a9449fedb9bf1e6d9b5bcecc6df52f0583925a1cfd7690f02ab9ba531	0x54caa42ffbfd89bf68f46e99716372031c257dcffd2c4d4c8ee856a7ed2bc7
random_0655	order	1843787119970	DOGE-USD-PERP	BUY	LIMIT	91335.175634540165422061	886.5948761163625						9133517563454	88659487611	0x2bc5d06a9e14be8f62672088621230038fe38cff8fb2b558a8da51839dd34a4	0x5e6fb59e4b699306bb0f006add2d0886347f93a8e3aedb17df75059b080c440	0x34233c52ea163063ed433a17860888ed4ae09e184168ebc68ca2204a9964bcd
random_0656	order	1819241406689	DOGE-USD-PERP	SELL	LIMIT	65252.488197364609221000	5.03068335214						6525248819736	503068335	0x7a7b6e7df2891fa867c3d2cc6ab358ac1d18b485169dd0289a23f985f73bfd5	0x6bb75477232280874a2c2e55dcc478a653086ed453c0d1a3d7437eb278e96de	0x7e85c3557378bb428b9aafc6e83478b18d221e34ed3dce650142d53c45a7cf5
random_0657	order	1748488823208	ETH-USD-PERP	SELL	LIMIT	97.80295410614	742090.4494585758						9780295410	74209044945857	0x11a583c19beede94df83313dd1c4c8cb29539578326801e616d76863cd2ece0	0x4a282327203ec11a03aef0925e0fdc53e7b85f1fc903b9b0b8e282177f2e9f	0x314471c7f22c5913559b3f7438e348863d0984171f37a27bc6f4133452b11f2
random_0658	order	1893182800918	ETH-USD-PERP	SELL	LIMIT	67.26645245963939342	443545.73862068130208						6726645245	44354573862068	0x73272a21a4e951fdf2d6f6373792569b37ac180e146ad568e7627bd346873db	0x737658dc011155c8ced3616d37b17d7828e81778b48fc3c1880dff840e44d23	0x3a8848fa257be2821e16bfda32fce4d6a69f0fc7f373dc4e7314dcacbbd9e62
random_0659	order	1708129326782	PAXG-USD-PERP	SELL	LIMIT	9241.303318777231814507	0.93336917098						924130331877	93336917	0x4ea5afa44a1de4c3fe7e06af1b4f06a0721e509e808b70071c531ca68b12ea9	0x1d90b18fd6e5955da1fc02c9b8edfd50a8f6f8560c64c0e148f0c791bb72ceb	0x7db210f984ac8f2bf1cf6a19d43b018c83d0b7ffa67b4fff07d2a9dd68941cb
random_0660	order	1807690524314	PAXG-USD-PERP	BUY	LIMIT	5.801720857419705300	992137.77025712425867838						580172085	99213777025712	0x456b2219dcabe7ae0451804cd902d68109f4497286caab3a5a54f50963f882b	0x321dc1a56c4ce35ab601b876b7dc20f03977465cf36c8837cd0e246605a03ff	0x3fe71e356b9f34ddda3c38ec81dba969256c71a69a1f08bbf01ad7dae4b09c3
random_0661	order	1889605442939	BTC-USD-PERP	SELL	LIMIT	8070.4798163946627	559.18462573169						807047981639	55918462573	0x558dd546eaec195152b920a1bcb529b1b9ffc2f9ca913fb32affbd1148543c1	0x1e09b03db490a1c33e3ae710e4b4070ef5fe82b41a7acd95deed0a5489e443c	0x3c181b7acac137393b0dc361af298bbecb13a27676547f5abb9a7ef4c364e13
random_0662	modify	1862339427855	BTC-USD-PERP	BUY	LIMIT	0.819305792504120167	54.997302034203362266	4521238270839008527382121608					81930579	5499730203	0xbd0cb8878cf562fb25bdc2bd17d595503528ddd7ec1d27825d7aade3aa7115	0x7f8ec0ef4daf7aa96930552ca2db1aa8e4665169b1b3df031e7c56ee751d3b0	0x7328cdc0856ce81bbc46ef373399d0bd3a14a561407e727162df5232d4ef48
random_0663	order	1702557548560	ETH-USD-PERP	BUY	LIMIT	11318.404713776282	0.28843956965615						1131840471377	28843956	0x502d023a85c4742724c00f95f63cd80820588de409926d1f6a4caeab11687f0	0x4af45af0fe13d06a3b468b69fc73b885dab85e4c80ec474a45f12ed10fe7abb	0x47c67e6594be787863e5f2f48f9646a7387adca5b7e30082b97fd5ea8d4bd0d
random_0664	order	1808162026565	HYPE-USD-PERP	SELL	LIMIT	0.5759367246570659	0.2652807937913						57593672	26528079	0x11b088d3d38ac3ff844a90a08a8258c0f78392046add74a7a63f13f01d35696	0x74a3cf85cb568dd1937653acca79e0837140c52e8560680889f8f575494bf3b	0x949a89b9c5ab5dd7a0ac7f75ca010d8932e30253e0a538478cedb7492b77c5
random_0665	order	1896956077247	DOGE-USD-PERP	BUY	LIMIT	4.6898854659503	140.71698345541598420						468988546	14071698345	0x3f0e8f3b896678837d56640a2adacb8eacf163302a14ef99137b0d0d6750c54	0x747f0edd808f0083180c739a6e88705905434c392097008e6e02cebc9731487	0x306eb54955ce1b67e25709f9955a215e4174abbe4f384b5bc1d9ac2083f103e
random_0666	order	1844407075281	DOGE-USD-PERP	BUY	LIMIT	3.8384139872	40911.487695305						383841398	4091148769530	0x72e2a664f6bbcdf435f0faff676f30a736c63ed8e10b709a2a34806a0782268	0x1c6777414c47a1614d3bc81c60e52bdb26dd18502e77916271f06fb2a3b92a7	0x6b1261a458a4c3cfc107fe9eefd528322c24f38d2c929d0a16ecd86ebce98c
random_0667	order	1885409964376	PAXG-USD-PERP	SELL	LIMIT	44.36192629620	9987.3386856128						4436192629	998733868561	0x5e7706464b8570ea62545c1a6a012b2265901143d4e2795ab3c72e2479cbab	0x336c6826e6376d13e65e7e11cf4ade8ad8515ac3c7ad7d786698d2b90eda39e	0x70c20bf9a3e5e1d147125bc30eb94cf28af98962f858cfdf7d29e965637e575
random_0668	order	1795157911151	SOL-USD-PERP	BUY	LIMIT	252742.8441889205	84341.5373295480456						25274284418892	8434153732954	0x52e21127494ac0d5b3de717b9bee4b9061dc5e53586b063fcbfad6a773a30a4	0x408a4a049aad1ae609ae09e2f05d2be7dcc9b9801071ca4c65b0c8e47e03654	0x3733c33391660f90b8b285456de5e5e3c7ebee08249f62a11f487f4ffd48e60
random_0669	order	1874892011039	HYPE-USD-PERP	SELL	LIMIT	166.031819568763193	423.4757749917						16603181956	42347577499	0x4725b21706297dc1a1717534e7ae250abc4df2333c51c037486661a356ea894	0x54230778f59009a3329058714083dfded5d5d4667b0dbbb312973ce17ec177f	0x3ab59fbfc5f47c153a1be6668a23dab603a0e57c173d95eaa773b83f96f9767
random_0670	order	1854621940968	XRP-USD-PERP	SELL	LIMIT	5965.9770982157507	0.50547888856267						596597709821	50547888	0x316a4619d4b8df63b5e9398fa2b7ce37df751ca19b68fced268337197fa7b81	0x67095ce107a0c2fea55892f626cdb7b64b9feb5dbc691bc5ce13ba8ff654b11	0x536ff7b01ddad173fe29ff799b92ae3eed3bf43d8049f0f058f5a6547e6a378
random_0671	modify	1850340317857	BTC-USD-PERP	BUY	LIMIT	67077.1911066289335933	38923.011536441238	67655810728347203141298					6707719110662	3892301153644	0x50d05e7fb022232308386d5436ba64ed0292984639809fbf0b3ba365ca7af05	0x179c044c6116fa62ee7297377b2054a644d7a0b3bc0ddd25bec4afff681ec3e	0x444e7d3047102c586fdcbc7214f4e36f53387f1473e539a803a5df9a54a5ce7
random_0672	order	1702300388913	SOL-USD-PERP	SELL	LIMIT	6573.49702480680548	82860.63824049345893034						657349702480	8286063824049	0x7d599ecc1ae2f59d1c0d46c5ac0bc3093361f8db622fac483630faa07704323	0x41f58d973db37a531d887ea7e811dc1447687f1eca30c6192f3c54716cbc060	0x5ef8dfd15773045bed8b9ac12477a644f4656357e13e97bfbf0a3d575b83b31
random_0673	order	1711738199173	DOGE-USD-PERP	BUY	MARKET	0.2083878165							20838781	0	0x266f12fea0e534a9ed574c1c851ecffef56d00d5a84660956a130d878c7b8e5	0x3e9bd72c3667415384ff0fbb97a735b814332101e6bf0f54ddcbe5c93c516ba	0x3b09c7ded7e51fe845964eece4eb1f287aafd24f1a235d4d1d4a409f40da1c4
random_0674	order	1792463754082	XRP-USD-PERP	BUY	LIMIT	63236.669058913680	60444.95163510055						6323666905891	6044495163510	0x2c5be6b5fc1a9e060fa70db90bbb569f8b96a1d98feff0ac55ec1607bfe3278	0x59bad3099277f26f28571f92fd45a796f4b190dcafbc99d97bfd73733160695	0x763b2ed12c754f8bb6220ff238cf7dfe152e8869102b963e07b682885c958c5
random_0675	order	1878515686173	SOL-USD-PERP	SELL	MARKET	256.892625841							25689262584	0	0x6c40933e9fcb7568163559384d9abec3cf719e97f0da28decb4e67d32ad70de	0x4419c2e3bc0fd7730e2f1f37710411896bc5f4e37ef97ab66b4593826355fb7	0x437daa0ddc61e1dd9a45ee02727a31b31398bf2ce4fb50069442517b59ffadf
random_0676	modify	1888657698922	BTC-USD-PERP	BUY	LIMIT	0.86388103784	0.73532679991035	76124652642905823681275387821					86388103	73532679	0x11912dc3532d96f398856875ab1bfd9f6ba9ebe08c0cc5a28a8dd0a963c0f64	0x725e5feb579aa37bcd32df5f5ba168044ceb9ca9f72e195e071b3a74e07fa49	0x27b6ff781d30af878cc7588c4de1fb465a01a94ca6305e6e80340c00f539fad
random_0677	order	1851581388816	DOGE-USD-PERP	BUY	LIMIT	24.3024137345868	243.4376214862						2430241373	24343762148	0x25732f9ffe7c8b92f63a504142ba2828d116532f06cac326ee2ac9ef221999a	0x704e24312d67bcac65096f4bbfaa2d16668dbb5f397a2e25c063a5e1a3b587	0x7c81c69adae281dadb4b40e4e9f22ddac87e0f12c3e19cd57ed601bf8cb30d4
random_0678	order	1738422585472	BTC-USD-PERP	SELL	LIMIT	34.32473443717093	1096817.103908811588838						3432473443	109681710390881	0x5831294841d41e155e6ed31eab00f40a3f6a1bd9db517a08b99a6604e237810	0x56322a9bb8fe1a05c31ffb7ed4ba9cb6689a79caa73517ef3e52bc815c22bf5	0x70088279ac9dfa3e91f98b19c7235c627a73f6bc647f257facd7b30d72e06b0
random_0679	order	1813454511193	kBONK-USD-PERP	SELL	LIMIT	64934.4801073594038	22.09897248760						6493448010735	2209897248	0xb93fab6d418435a7b28eeebba8546f6bda5cec84bd947eb6a4e88f69dfe695	0x5d6f0d71585b5f86af1ec7c50c21954d4ffd27a3a47a41231aefff8204f394f	0x49826b9c056f35dbc1de5a3ff41b9a254b40410cf795d69f44768693cd921c9
random_0680	modify	1765649663964	kBONK-USD-PERP	BUY	LIMIT	85761.6694769940690	0.968957622309243347	251827507969855661720642					8576166947699	96895762	0x426cef6defce7c986f8b7e7816daee5b480f0cf9ecc57821aafbde810cc8e7d	0x36136fae920fd1b40cbf9cf3c904e7f3fc11dd937b0b3ccb61163d1b703edf4	0x5fb4aa8d43bad27991aa470b1c379e42fdba81b79b83653e3341a14a8b94b64
random_0681	order	1768809919736	PAXG-USD-PERP	BUY	LIMIT	75.662766802157690	77098.344521070842						7566276680	7709834452107	0x220a8b1bb44e39fc25e64e564819f7f7b1b841382611d8fefae8a7491834114	0x2b8e84552c96af88fcad58cabcf8b241db1ce4a4b757db7bd88e2b6e74cde95	0x55b9fecf881a651893da9508894fc813b94caf1e0ed3a188e2472f197f3e1de
random_0682	order	1737188753693	HYPE-USD-PERP	BUY	MARKET	46932.2371921341574							4693223719213	0	0x18f021c465c0e4295364be05b114185462fa68c8b5b8fb6bc0cd0998412be30	0x191930d7fcba7f6c89d44656f8d06f7c62697d74040b5c24c1b4ee876ebf7aa	0xaa43b81fe6209a3a04a8e4df5b755e60f2ad857ef180a187acfe3e52b80be1
random_0683	modify	1763565326130	PAXG-USD-PERP	BUY	LIMIT	0.3353203694771	0.6069289071	53133761264357621118185					33532036	60692890	0x719da161b9b1f42887861eaf8da8d9f88792efd3b0e3c286ee9c112bdf37045	0x2f6e95f456bc2e89931e03942f8bbdd71ad17b68e6d8410925f0494ebbf1e7a	0x1ca693a70a471ed39a7114377e889e157451b191b99207b9126417fad72d1c8
random_0684	order	1871141671149	SOL-USD-PERP	BUY	MARKET	30.10756899683							3010756899	0	0x268f67063a0e8070074735d513b0ec9cd6364f16cb4f629d21301eb4ed1950	0x4c7da2ef6a0aa602747bf4712392ccd00542396da59c6fc0af6f4d90bd14c55	0x11f9c1168b6482e4efa79efbcfd1969206e6fc85a0a8a8bc04a2ebff2b15bca
random_0685	order	1897457355836	XRP-USD-PERP	BUY	LIMIT	540.91000011877946	348368.5460317700442777						54091000011	34836854603177	0x330f59efe393d6bf098a725c0c9379b27c8cf9ba5cc7fdd3b2d23452400787	0x719e14ab133d6859ca94a11d27893099095f58567a815aa4ed5f3ecee67f8ae	0x737170c6a020c836bb401f9bf08855b97fb9f1c9cfa2945f61ee80cb15048be
random_0686	modify	1896749058764	BTC-USD-PERP	SELL	LIMIT	566.98284606324549	21429.367441893298129	585724048829502675184887					56698284606	2142936744189	0x364d3bed697eda2a33b553a15cfd276ba5166be333c412ff038bd05820c9f71	0x2b7dc3dd87b9082cc81d887f92e1f9ae533f6627a9f34a20d204c0fdf672c4f	0x143dc41766b50043e15ebba2a3fdb813d390e07ca82be2c77df98f67d9a46a0
random_0687	order	1735041368192	XRP-USD-PERP	BUY	LIMIT	87133.66740115506012	68.0602352210178						8713366740115	6806023522	0x313d6e4743c8ba2d8c6c832ee8b1fa60b5c74baf01a4a5e8484764b939c0453	0x66c44e359aa3619f212cfe1692bf404b396743f38ef180a9c10c8ed09836b3e	0x4f10ca52db9137cdfe88eab1520de44398ce461a3015d4fb01a7e716f3046e9
random_0688	order	1701057907467	BTC-USD-PERP	SELL	LIMIT	40747.77704510830	57656.371903993614694						4074777704510	5765637190399	0x343e1552f040dab39dfbce23633244025c9108402130eea9b2e38dc23a46856	0xd109331f2afa64385ac64da015f4e04fea8f02acd7410838c894e693da9f4c	0x23194b9d2696664f9484275f041128447173b79c327cd1f3a74bfcc9c0a517f
random_0689	order	1864064780906	SOL-USD-PERP	BUY	LIMIT	0.3324136209424451	0.037068214586903						33241362	3706821	0x6f5b91670dba6202f4e8b3bb1709a4d18d17e5cf72a5622892aa89162af0214	0x11c8694055d50ce17773a2e93373299cbc6a04a9409197aab056dbd83ac7ea3	0xe5c5f08de3281509cf584c168817f3b3d02b8729612434340853b1f87190f6
random_0690	order	1785964760090	SOL-USD-PERP	SELL	MARKET	9421.161551968196422							942116155196	0	0x5e33cf6d280201989090b6b6ecea136a01fc531bc78e725e469eba43dd425f9	0x45b6a5ebc820ba2e9eee25986075df7f5bb66af8f562eae5cb892753fc6cb00	0x7d3c25661801fc31f780be5c5bfa4f74f86b828e1f84ae8d96c5dfe8798344d
random_0691	order	1710621372884	SOL-USD-PERP	SELL	LIMIT	0.14754409309	5423961.90688533612						14754409	542396190688533	0x194663ea8168f9357f0e88f95111991ef7002227a860bc3cf3d99acd15fefdf	0x71c4992e9a1f3c405dadd2ca89e37bc2cc1d2132baf4fea29353e6ef650d337	0x4f65a39892ae9da743cb38adcb7945a83e34d08158410bf0781a2b735e1b6d
random_0692	order	1873820807985	SOL-USD-PERP	BUY	MARKET	89.4927873341026486							8949278733	0	0x5fb3f612951e5dec34bdc66eac52e6b00421938e2d6c1757e8a1cfe2d1620fb	0xd01db9070056802266a1116568db215d9f1debd8d438709c2449ab7016fda3	0x1a7bc938e30cadd9f3f45294b3530413486193d78f639fc34984e19d5bef7d5
random_0693	order	1885657483881	ETH-USD-PERP	BUY	LIMIT	81.7247491381505	181174.1312622953163						8172474913	18117413126229	0x441241cbcd1c2e60bcbfe294093de1a08291681721dd4e60e7fd1d0293ea3d0	0x6df14d28bc627d895473856e135b74501a79daafb3c89829086c90582ede963	0x1c26146ee3be2b7ae81dea28aa58a1f9a189481e8d0f8e238dc0940c0e9eeaa
random_0694	order	1791858164161	ETH-USD-PERP	SELL	LIMIT	438.915740590204	0.45290305866936557						43891574059	45290305	0x5885d5974304f15e2e39c97a933cff319c167d01fec6c6d552f5c36e0ba8c6c	0x781f04a57752b1128033210ae61586159ecfd903c66895671b0a2d40a892a43	0x615b2b1d64f2544b4df85190ff34b6badd8f70242bf5e7d6a55e5f3a547d504
random_0695	order	1700167909278	HYPE-USD-PERP	SELL	MARKET	5710.3606770607561							571036067706	0	0x65905d60713459d3a3c357ca621305d2f8142a9b04543a04285a2014d1da32a	0x3563e355a14745f4ddaefcdd07a2af73b333791f3d13c077afe0e2958e61482	0x4af698d69cf128765075bd8a1f8319794222f2a98509e1f08e8f12d5e48c617
random_0696	order	1737930176637	HYPE-USD-PERP	SELL	MARKET	22109.345107514103							2210934510751	0	0xce239c69dd43f2b3f904f4ae73a7ebc00d31cbb28368b1aaa4c78d07be2786	0x2d2aa859fb83c68e9ea6b1f0b82fab1e4bb1061b6c7e3876482677bd5e09e37	0x5bc32f89372532d9ca9b434681522ad9b70114fc50254f3b28886d5c3b54ab5
random_0697	order	1799287902336	kBONK-USD-PERP	SELL	MARKET	951.139441164427							95113944116	0	0x6ad1fcf8241ecd93ac22c7df8bd65cca5bda2f8f07111caf76413629c537952	0x621fa0242dee778cf5f8452adc04dae77d8c95170884e267790a288f7b5558d	0x65f182c9fd7827a14a92f08eb9bb4a17ced571d8a6a45f4096e6e8c031afbda
random_0698	order	1856759646568	DOGE-USD-PERP	SELL	LIMIT	62.444925870106	696.785051600807646068						6244492587	69678505160	0x3008556183f25b92e5cc9d375bf3e658d218201c6666813bff02c9b69923b53	0x744762ecc4e47f4f5ce1364ef6152428716855f94d070e2bb7998e13c7e6fb5	0x6ec099ed46a1e3f3f3cc12067ebb7919671664ad78b580323f32bd7e573e73e
random_0699	order	1718886661394	PAXG-USD-PERP	SELL	MARKET	0.70515679400							70515679	0	0x49551d8a92b1acb7a58dafdff7b2091d325f4238b56f33f19b93ecf895499de	0x7e759294d8773c26e5a3ab6a26b63e203c523e6cb5c55094b08edc2fb0686	0x342a6667f4ccff0e696750a8007f628495aa897add8935f8aa7980fd3a6a27e
random_0700	order	1719470554738	DOGE-USD-PERP	SELL	LIMIT	8.74790820639071744	3837.6468004628836556						874790820	383764680046	0x6a9b4d2255fea0f7d9be0f4d94d8de4db58b9a42017837c1bb996fd25bce588	0x553720fbfa574f8b4ea1e37060fe7315b924a2bec0db4f5386dc45856f26570	0x519247fc61db077961c008134a841d438bf6b4d24f464cf28899387a2cd7347
random_0701	modify	1869413790551	BTC-USD-PERP	BUY	LIMIT	2318.0833213272	2117.806703823	549310587106898592021					231808332132	211780670382	0x7629f79f120464f70ffbcb2d1a87487e51198343655b72b9a343c9af504b618	0x373ff4f4b2fbd504fd7c2006ab30723d77f0d113c11ed6970cbc81347e5f4ce	0x4edc79dcc0a16ffca88b4ecfa6aea6d669127af7585bbf699e3f1a96747b0c1
random_0702	order	1781687600291	DOGE-USD-PERP	SELL	LIMIT	3392.720742282990703	1416.762898186						339272074228	141676289818	0x6a72fce5e2d8680ac998bf0767df8a3ad47f4d3b1a20455a48c09f279eb38b4	0x6dadfdede5b8e1cd812326c8f68bc77a667dbceb3bb62c1177739d18775806c	0x3b6bdebce0455173bed898f5556d389471d44282d105d334474a413b04e640c
random_0703	order	1790156393925	ETH-USD-PERP	BUY	MARKET	83754.98932252113437174							8375498932252	0	0x4f73bfaa4cae6836d89e39418b24f23b56b76bfb0a7cb13a4ed8b7ea90ddb0c	0x464729fee8dbd064dae280fd064515c06012aaeda40b4bf65ee9a7fb9ecd9a1	0x426d010cb4cbd230ccabf2a6d96c6f299b135eec5b42a1f5a746be9df86a8e0
random_0704	order	1797092418742	BTC-USD-PERP	BUY	MARKET	0.9474175191							94741751	0	0x6c3ba6c327e609e0c42b6ecdd0e72fd0ce682352a1b2194a1bdfd3984a66e94	0x609269414ea7a56b609f27d89151c8cad2dc268eae7787cfabf865478e9e8b0	0x2b9376aa9f5c30c2b355f1d3495062671516b1cace5853a296ce3a294df27c2
random_0705	order	1807820779883	PAXG-USD-PERP	BUY	LIMIT	153.381248134323004	38919.2709163836						15338124813	3891927091638	0x145616ad6f0b0ade9f77d003166a7cddf92414d4428052134b36021ea84618c	0x7848b2c714687425a92341cd51ccfaf67a0a19364113587a42b7a03f999cd8b	0x6541900494237dfafa90c92ff906a12df52805b19fcdd1fb7401757502291e5
random_0706	order	1774230921100	ETH-USD-PERP	SELL	LIMIT	66528.69514122599	19217.596579595023928						6652869514122	1921759657959	0x1b2f4ed1e2b59604fc029c07600d5e35b077dda26cb273d96802a1e9fd38cef	0x4e11371870b903c7b743f89de382437a7327e21943eec25c3119aae904678de	0x65a980e43f3d29b61899c6ab262f26d8313645f6a0e561c70b7b8815e74bb59
random_0707	order	1886456002979	BTC-USD-PERP	BUY	LIMIT	9301.89068058298962	0.359330170618962						930189068058	35933017	0x70a2c435afac9007ab8cd95e40b2fb5fbdc14610919c83fb32d1388b639b8ad	0x4d259004fb65c491bfe8fef3ab1c9c2b600d9767086669afdb8e2d125b1b49	0x7b28986111a909f3bc1579d5e1157d92a1a71ead4cf88b9a760c5ac3251e891
random_0708	order	1803748192753	HYPE-USD-PERP	BUY	LIMIT	7.459778733327	8.781787399593228						745977873	878178739	0x1f42287144da040a5c7f9a1cdbf16dcbd7e66a7cd25c5e79554c12131511e51	0x3e9431c6057198111b8e67bb1ed05510cac1edfbb4af3755ca24a69139e9a41	0x2b59dac06e47b1202934d611ae388c550db17d0c7ffab6345a4313d45461f38
random_0709	order	1766250622037	XRP-USD-PERP	SELL	LIMIT	3001.3011315600106	0.87957675437281814						300130113156	87957675	0x54e87b903054cf1a7a1891b42b8d5deb2264a72d25df07ecb32d4c68f8e7b8	0xf0e7e59b85afb9344437d371503906af79a82db225fcab2316b16c9c663a47	0x1300f525375395579da88088df335d8faa8c1a396b6e81f3a73caf05c44a85a
random_0710	order	1876397271674	HYPE-USD-PERP	SELL	LIMIT	35.6016240413	85724.82439665310643840						3560162404	8572482439665	0x527ed4f2c75cf8f4faece7d8e823121323a006ceb302b6dac5548e81931fd3f	0x6fd04c9e503281580760c763df21f740823fc238e74693e9cce74ac47c2c503	0x5e98636e561768381d017aa652bcf479097ac81aba26cf7fc31ef0e5b29af69
random_0711	modify	1808693059646	kBONK-USD-PERP	BUY	LIMIT	76284.797079739590	177337.647167938795	45602838975605938870					7628479707973	17733764716793	0x332e1cf4332ee72364aff0f09e90ae29790e27400deb5b35d19429c4568f2a9	0x13356548e48c36d73f31ad25f495dd8ca3f5ed80147a9a48ebfbb1a9159d9e8	0x4e401c516bf8ee21d0ae1c2aa02a4f96471486e78c1babf1bcab2781d45c3fe
random_0712	order	1706672680159	DOGE-USD-PERP	SELL	LIMIT	358643.386057066047764	7594165.1637059571193						35864338605706	759416516370595	0xdfc0475508d0d1b52dc1fdc9b6ca7ed86196ba57deb8500250f8e11c570eda	0x3c74b07199679522d40d083a75ee1b37875a208956de297d60f0a579587cf64	0x68a0c322b587ff02c9183177a7d87aef0bde28311f2a6a940accd85247f65b9
random_0713	order	1771561046918	HYPE-USD-PERP	SELL	LIMIT	25673.836810919545021419	8.63153395228950892						2567383681091	863153395	0x5db4f848072d9b249d7b52c2f32627ae65c41b3875636478fc8728cb7441633	0x71f448633f44d98b1e2134894d46f3cbbf1466d8d384ea94d13dae2e462cfea	0x5d61c511e168041400da0d780822dd42212db1d6b566c2cbdaba319629753ec
random_0714	order	1852891230158	BTC-USD-PERP	SELL	LIMIT	60066.823314125131510111	0.294124347329327						6006682331412	29412434	0x35bfce7223a33622944a8767a9c46fa5c0493ed833335d53678e4a4bad7c1c6	0x6bb585ffec21d5172bebc18edde15dc83fbef50984ce5a58d8dc4fff7b67189	0x3d838952a592d7ccb105a7091640c19de57d7d1d56dc9e79e406eb7a8016d23
random_0715	order	1857513346887	HYPE-USD-PERP	BUY	LIMIT	7130.731282365	234.304400964219035						713073128236	23430440096	0xf6ed4607ea6c8c5a150008b5b4554630c23dddb36c259f438d8e8cd4bc5659	0x49c713b59ef39db327ad596dbb8059eff8afad14b14ce90a9b1690cd91fae9d	0x3d15d7c10169893b3a63c983337e60e8dabee86d3336ada5b69f7b85dfc11dc
random_0716	modify	1831216057793	BTC-USD-PERP	BUY	LIMIT	8.3999746288587578	1877.6645260145898367	2904304935500485887257556826					839997462	187766452601	0x55c673d8df9b4ec46dc8cab063cee016616a8fe1e4c4cb209285db9c8e10143	0x42739150f67f9513f94dd2acf74c841576ba032b29e8c22f116ac710f6a85db	0x315f7c6695e81f6ea6cdca31e40402e10327f48753bf1201a5b8064f606d420
random_0717	order	1736911273938	HYPE-USD-PERP	SELL	MARKET	3.03415167936							303415167	0	0x475dd1bafc6d27b996dbdbafac4e8f88e37416215116b5a7b545b06e6ee8424	0x3750b3bb7cf3624652abf5b2f8b54829be91a078a39920ff8c59c80c5303665	0x14261c9824dc7c2cefe1a20ba6266a6202751ce5e72f789a20700501ec82bdf
random_0718	order	1710183919888	ETH-USD-PERP	BUY	LIMIT	0.6858320819528265	7.785148161051						68583208	778514816	0x10f1c74a013c2b5c383ed112230ad391cfc5b7bf0750311e8d7a2aadad41b69	0x3a234a04cd85494b5fb7ed1af41d9993c34169bff3b82548c97c34924e2d7a1	0x730e55f076e568d67a9f8201f4f2eb925fcf45c750f297241de88c0942fdcf9
random_0719	order	1772494324529	PAXG-USD-PERP	BUY	LIMIT	69440.57265441523086642	754245.535786780715705						6944057265441	75424553578678	0x22074391e749a7662ce73987fd0c5dfea5f78bf60c014f12adc4d7c618dfc70	0x3794abed674005a40abce8727fdb77576d38e288c1406fc4503dce28b91ebb6	0x63108dd17abfdaf91e21f25a7f7c08ede2c0f1cdeeefa59b473e205fd097b13
random_0720	order	1819386051205	HYPE-USD-PERP	SELL	MARKET	218.817725009976902							21881772500	0	0xd9482d7f062743c0332cb2e5e84e4f40545f8abbef1761c5ca39dd5a64c8ea	0x3f34e2c3e14adfcce3defc59203b688c80fde0579b418c359b3a9d12ea69009	0x80e2b6a736a9725c2646fa3a51de78a7dbb47214903e884111e0ea6f236272
random_0721	order	1762679586940	HYPE-USD-PERP	BUY	LIMIT	4.61760468135295833	0.202429435756						461760468	20242943	0x424601fb03c50c7db3a6e1f5e234d7bbaec280eca8fcf718818b9c911cfc870	0x770cfbe8fa13ffaf6294a656a4063d1ca2ad1e0385c4979e4a6cf26985fb6cf	0x1cfc9776f4f98106dc7788a7eab49d58dfe3e81b8380fda68ff48c837fd1c1f
random_0722	modify	1744671682645	ETH-USD-PERP	SELL	LIMIT	858508.693633041	560.403122067	8230852889458664837901246					85850869363304	56040312206	0x1fbce90ae112ed6bb23718f8509de9a02cb2094fa84200ab6c388a274ac248b	0x6abb084b4d03e81fea192dba2cf7682df9cd5378daf2061145eaee45be7ed2d	0xb56a31e35d0b8bcac4501e90ffe1240be4bda88b3de7f69f77b77640a7cacf
random_0723	order	1757651330701	PAXG-USD-PERP	BUY	MARKET	0.044894969371344347							4489496	0	0x3fa32fe6ad4a49453ebedf9f88b0e73ddfa66d02dd459bc8ff7199e60556a1d	0x4768d87f760d9a9e0378fd7c98bcbc302e664455f044357ac3bd8d33f53f41b	0x72f82427023f2f1f566462e354da95b7a837beb588e239087b165398a0236c
random_0724	modify	1807022845351	DOGE-USD-PERP	SELL	LIMIT	9.8818374421253	0.331999524825	2647856779790146465195034331					988183744	33199952	0x7fe8f633920b5e7c9559f3fda90c64fd0450b74b7bf8e8162c1695231c28824	0x68813bcb6ce1eaf64da46976955260768c1c0c678f7b911116f25cb0bd2f2e4	0x5444a1578458da6a46732f379e0b9e559de022de7f855fd8adc602b734d9e74
random_0725	modify	1765266233827	kBONK-USD-PERP	BUY	LIMIT	310.582720555	397.114117607540521254	21238906608804798912426033269					31058272055	39711411760	0x2b8ec950bf14b82124873aaa465e90d9af36b56cbc87dc21fba5a185f3ec3e0	0x372aa06d5044ba828428c512c1dab79192b837cb7a6152c0c47252a3e99190a	0x3b8c86adfc16d411b5e4f5402ee5352cda7d177fcf5f33d912c46926d00ff53
random_0726	order	1819437047348	BTC-USD-PERP	BUY	LIMIT	47.166053896654726	605658.45025672459474						4716605389	60565845025672	0xb77f51d64004abe15f5f1d82770b7b8908066dd33c0a0c4568a079e193d5b	0x59853383d6982fd39251f1ece60a7391b63a7f3124484e90fd5b751dcae6bef	0x2c59881f9865dec9fe57fd4596bcf8b90ce671e02c1a91c55ed49c23952cefa
random_0727	modify	1741149609932	ETH-USD-PERP	BUY	LIMIT	438211.869207480734094589	793658.4675064716444	3182280766951648474237186043					43821186920748	79365846750647	0x65dec5ee3efa8f8b7e150a1ef96ef2a7e1d70bc4af0ed697d390fcbbff75571	0x2e9e5666595d16e0f0f76a1805402a85853601c804d43691926b170a11fb6cd	0x13924846ccbebbe3dd156eced2a86e9c83baf5e10f8ba0ca3c78d068a38a45d
random_0728	order	1745323501486	DOGE-USD-PERP	BUY	LIMIT	0.13686119714	77.0589839940986647						13686119	7705898399	0x65bf93e59360e70bbb7eba4fe92f178ae7a223951f818665c32b4b6cc27cd3	0x62081d38069550881aa856867eedd67ccb2b63a806378b1e783f0e76abfb33a	0x2145075ff1a6bea36c4faed833e9bfd15dea67b2e1dea309b54f32704584a76
random_0729	modify	1734187630699	ETH-USD-PERP	SELL	LIMIT	67.126037185696147990	28.166062842422842	81057930120495291775896533671					6712603718	2816606284	0x248bf9217e42d1995389b037e8f2ac9ca5a27c1b02f638532d677a3deb14bf1	0x179e753284e144aae630b97c587b88969c72c8146f774c49d2e80d4f41f7d63	0x6cb17d2327678ca99c6e5357be89af19500af3d4220ad32204aab75ade72ed4
random_0730	order	1749657001391	PAXG-USD-PERP	SELL	LIMIT	83482.342259182798914799	60.6921696565709						8348234225918	6069216965	0x624bf89a499a20403e27ea8a0ac001bac90faf194391b32d648b6e338e534df	0x1140624dfa8ab43f365b1510538bf7717d522f65253afaf83f374d3936af22	0x40a1547cecdec89ca1509a3c7967690a01fdfda37c1ac4f7ef19a010cecbb69
random_0731	order	1820210062246	HYPE-USD-PERP	SELL	LIMIT	1.49387697529577922	5517493.7293477443						149387697	551749372934774	0x501235c5bd6907e32a90e8db4899abc3053cc77849a350a34d167161c08d73a	0x65ca89dd63c451b69d14a0acdc02b3903b9fbee3a3e667fd098f4d0758cf70a	0x282ff2187f3b54d36752b83a305e1c7bb93c6a0b885d389be0ca60dd1fb52c7
random_0732	modify	1801233073641	kBONK-USD-PERP	BUY	LIMIT	0.357238267442	870993.51451481461	1941230673039693180431131					35723826	87099351451481	0x563d64d52808ecbc9879979501a8a22fa5374edeb6af146d96e5e716335bf6a	0x55b21fc30b990de7d22e3f8dd8e2786c073fc841457e6c3e60982439b6a2ee4	0x2721d1af675eaee885a8e4cf922ede0e39739d3e106eb41571953ef9eb610f4
random_0733	modify	1878304663372	kBONK-USD-PERP	BUY	LIMIT	69206.375638437760251	0.724666952184993	7633760381271679382498					6920637563843	72466695	0xb138918cddd68faadc5db34f50cda4265f7ac5d67deba7905822baff41b6	0x672bd75c59ba484c46797f00c123d177487fbf6015d8de56176b8172cd7a411	0xa3fdb01d0247dbdb8171bf7c5712e138a3d7449ade952b23d846b9ad88f74f
random_0734	modify	1841841941832	ETH-USD-PERP	BUY	LIMIT	36.495990739	414110.564395967231	4545774664907664348217903					3649599073	41411056439596	0x7a8f70a545833cbae9b27ca5ad231848e2c5ed864c5d8e999641977ec723f9a	0x32cdbb452a8df1494e7b13923aee1d4e15b0e3d6aa54b602ec30b7925c23b51	0xcbd501b9a5208a9c98795b05869c2caa52337c142680e86c5510ddaea98600
random_0735	order	1738266725622	ETH-USD-PERP	SELL	MARKET	56304.390416400502209623							5630439041640	0	0x3e85d5cc57d5358f5ca34e76979af3e3d3a960905bf80a69c774ef9da9bef36	0x128a5ba9310679debf10dd05fdbc94490b8a6955a50beb4f35006628af8f2f2	0x5d97fa5f2f4c76c8d16982d1188640875558b483eeadf951d9b4302737c2a09
random_0736	modify	1862688730705	HYPE-USD-PERP	SELL	LIMIT	1.000360299933760353	7.09351869552	9561817459883144064041865736					100036029	709351869	0x7e2c4b0171d7c86aa389fc579b20ed3413095bd3837f71f9a330f54677b9cdc	0x46b9597bbfb7c11714c58ee3e8730612f2537b3752fad889ac8d11df2bc2823	0x7d2c5ffdf1beaff50a399a4b65387b0d862e446669ef984c837dd59d5e688f6
random_0737	order	1878636867841	kBONK-USD-PERP	BUY	MARKET	82.113057131772338569							8211305713	0	0x6ec5c0fd778eeebbd5939b37989189ba4ed7a433d94510f63f9d7d2d1fdf146	0x287c2d71a2c655bd12436a269824bd07cf1767686fa39a8a38a5c63dab59b2b	0x2347d468b54837e104ffae2cb1107dcfb2f2cc8b717a73c4dc5b078839bcb82
random_0738	order	1869943254174	XRP-USD-PERP	SELL	LIMIT	213.179098647148	52760.092625435057						21317909864	5276009262543	0x3be6b9890d1d28cb9770c9a02e46a767d2e1c7539a0cab6a1c926522b4b577	0x5030bbfa5f13c041d8a0b75eca1108f47b9a9c5430f384d2a4b70e5b61a2c33	0x12bda3a6f5f20fba8043caa0c1e080a8665f87074333e1581c64e4163c1fd45
random_0739	modify	1706873006634	XRP-USD-PERP	BUY	LIMIT	91.419690707	88091.30615171763	850235759032636630241869114					9141969070	8809130615171	0x4c479a2511ec836ff2d632828c99ba20b593ce61b514dd500a347749dadcc07	0x10d01cd249dd4150e0dff6b0cb97974b9a97671cee833c2a173737fc9c96f1a	0x48d2d64b63764749cd21555e36f08142d6b7f0ec2f6d2cd3650ea9fd433d6f1
random_0740	order	1861456803804	SOL-USD-PERP	BUY	MARKET	3613.511475435431711451							361351147543	0	0x200e04467708c90abb5feb399f2167f63e086ed3083eeb4d185c6242c1a66f9	0x22d6bd78643b7c6674cb274e6057106d6bbb91e9e7290957c10bd984b4582f1	0x2aaec10bdb284463f7497a7cc7918cd19e1629f49eb7352d9aa273bf89957e2
random_0741	order	1813906061908	XRP-USD-PERP	SELL	LIMIT	35452.390871303487	1.571324615233185						3545239087130	157132461	0x43b27484e458f97e8edefb7861d238de1eb6daa19e1ac8ba595785c445287c3	0x35a25c5255410c85fa3f0690284c599dab3c4c8b67b26ab8615fbbe2f30b98a	0x3120994f53b40bcd406c9d6d3b7227f1a4596245f3668743d93b934f3e60b4e
random_0742	order	1720858881258	BTC-USD-PERP	SELL	LIMIT	93131.5576069322419546	2.3511563740174763						9313155760693	235115637	0x697632a115f742c68ff4d5ec309f199e0043d4cfe9374bc2260dadd847c0de0	0x609cc78b664736f4efcc4fc5b2b98a29005b0bef4e19c91581c5378a64bea48	0x5c2fef94e8f3c6e133eaae59cb3503d343d0b9841d876af6c77fd3a56b43029
random_0743	order	1756185936042	ETH-USD-PERP	SELL	LIMIT	424.635558670132270894	7.65698768794						42463555867	765698768	0x48498a51ac4ec465c137b4b08f3ba59e384ee67cb3275af1d66eea662e19cef	0x69933fc48b2155a9af7ddbf5266e3bcd26b6743e6ce544b487456ca5d3fdfb2	0x10ab5a2cef33e22f3aa9b62f84ce869479b3ee76689d15ddc9403002995a9eb
random_0744	order	1755608332648	SOL-USD-PERP	BUY	LIMIT	80.323781131938962034	839599.48508506772520983						8032378113	83959948508506	0x400c37560f84c97396c66dabb7e214df0b7a199dc05596106319dc0947d47b4	0x3670b16d6ebdf1000d012f3baa0039543acea304ee71b620497d5ed38cc654b	0x531029d137c00ebbe85c30e52cb98f7cde5ad3374106dfaf0bdd32630ea8a2e
random_0745	modify	1816126825418	DOGE-USD-PERP	SELL	LIMIT	48992.947413093981	18.4963233285017859	96560477213292907367					4899294741309	1849632332	0x3578e9ce727d0895687b85ff6a0a63ed2cedfeca9091951f01da6b786e6925c	0x1e253e67ad1bb11fe36ac8f9b2c8d2b792c7687c204b2ca356d5a541ef87a94	0x2a5836a91402f732c1ed9dfbd680fccfc7f869af13fb0f534332d73720d370d
random_0746	modify	1856946423135	XRP-USD-PERP	SELL	LIMIT	7.568899273	1.69890111554697087	968416818805525895930419					756889927	169890111	0x292e45e2c1c2b475b579950343e5ec19a640b4ca1ddc4105ef1238378d0bfbd	0x7b8a05a5a969c8f558519bfee7ed6cdc9a1eddb9ebb8e556df94f30f1229d62	0x7823023522bc7e4da437afcb51a0b849fb9c47f01fd2ba5f890fa3c08ae46ac
random_0747	order	1785159402908	PAXG-USD-PERP	SELL	LIMIT	2.79771205059393	4427420.88345575743400697						279771205	442742088345575	0x5d997c6e36a7cdb8ece1af68da7bd1c8f4e1dba580807ee9ecce469d0d27a03	0x5a19c6a0250232ae678ad84fdcafa08c3b7b08b9336e16d563fe96a1bb55246	0x50083ab2f02ec647f75f7137bf4a9ccd4854b8aa97dead55d2dc870546a8822
random_0748	order	1892799476633	kBONK-USD-PERP	BUY	LIMIT	5257.551516866862070870	38.622910046276						525755151686	3862291004	0x1aeb06b1b58eab850209ae190bd2d7881f3892ecc437eb7665bd2a04b009e87	0x78889a9e6de42ce02821bf65c0b45a91745785761c95f0954fb67a25a9b9f9b	0x3bdd166aace664ec3f9b24d184432d4cd70188329558b170014a54815f8cf50
random_0749	order	1848090173318	PAXG-USD-PERP	BUY	LIMIT	7403.909347430314869	18592.4153153867						740390934743	1859241531538	0x33b1f1ca3e4693d581dd3945db057130d1ab0bf185e67ef1229b312ede3e2d2	0x6f440683bc174c9cdafcfc1ff984a232582167bef6dea82d667ec86992f8bfb	0x6c31ca571d133a120b43622b38ca1b2e7c7f4bcd23ba6bc2edb5998c3f1e28f
random_0750	order	1711632679276	XRP-USD-PERP	SELL	LIMIT	782310.77330694556897	7.123836673						78231077330694	712383667	0x346f9c5c1da86f86a89f80a20ca4afe94e67fa2ee0eacdecef8f80f88a903e3	0x1c285d486072bf64d5c33a5263859dbaabd3fd208b675d1e4adabfb006ee208	0x5e6868543560aa8e8d914ec97b39169ceca25faa4c293108f1bd959008146fb
random_0751	modify	1706489459481	HYPE-USD-PERP	SELL	LIMIT	8961.59414194545767318	0.99399185560816525	7036340760199669299647615956					896159414194	99399185	0x4b3baaa247d1fd6d5449d7a9533508285c1c3d373289876ec194714045d4c3a	0x7475ab6d5b661febff36996e8057e5fbe6f313d8048f1b935b23ccce9011a8e	0x3d5531f923f6008bc8fb2a62f7ec3d6eb1c37dfd7aae5f9fa33d9b875d90a9c
random_0752	order	1770217810485	HYPE-USD-PERP	SELL	LIMIT	881809.0529269625831328	377.929394816871						88180905292696	37792939481	0x447d6fdf28869ce6780f1debc13ec9529c78798972b8c7452a3475f5c1a1373	0x42b6ffcf87bfe3dd3b60a051eb3dd1a04d087b306143be091278dc0d3ddbeb6	0x50c25b704eead789688a35b68763e22bc0c6dae6cd073def361e581ce2b4709
random_0753	modify	1887624680066	XRP-USD-PERP	BUY	LIMIT	0.33861666483	85.254372741	365644709986812177965					33861666	8525437274	0x4a91afc14163df4072c8205b067c0f50735e934cb77a8f62af5a0ec42e7bc10	0x60a4ec5cb909125fb4037d4c5c2164bbf1c443db0b52a27bd15ac2053b72956	0x3c579ca26e2e6f9c7665c5598ab98ac984dba4b8c310755107c6662db833d5e
random_0754	order	1857540011884	kBONK-USD-PERP	BUY	LIMIT	40.7743675918643	0.84502018114883483						4077436759	84502018	0x745a941e1b5d2c8cbe92f53a4e7c2de81bcce1bf6cf4aa43e1d10dd989c733f	0x6e3807a781b336a3e5d04d3e2a561607aff5b6ef827480696320dbd007099b5	0x1de5493ff423ed5a917e4e7085cfbba2337b6e63f8e9ef490c578b862a621a7
random_0755	order	1852678618883	PAXG-USD-PERP	SELL	MARKET	50.869918530							5086991853	0	0x428251b3e27494641928be7a3ee80e518d286b2e0b94c9b9390a94bd5628fc1	0x3deeeb30e770d3f5768147a258685e29f0450f02a41fac3a160c2a40d154733	0x4d96a2552c5d31884c50e07cf10a8e0a312da8ddb43b8ae81ccd6f3003549dc
random_0756	order	1706369804289	kBONK-USD-PERP	SELL	MARKET	672.214507980							67221450798	0	0x27b385ce88ed0569e2fa6abb14922ab0a479f5d5a2ef646a19f982e6449faf1	0x29f04d19dbbfccd54c792e05f3d164e8e90416cd677dc40f3470879d6639130	0x21617beb518bca4e32fc00dc91d6cea2e3ca010b8cde782901e147e583b237f
random_0757	order	1703799964381	BTC-USD-PERP	BUY	MARKET	8349.889784149593325646							834988978414	0	0x77d370257aa4bd9d4a9f5f51eaefb8d57e6777808c1e721687a13c0218165a8	0x7ee07918e83e6331aa245ddc73bcb6c3a051ad5549ad44ed37d9097b7362c66	0x14fd3a720e8e27dbb6db51efbbeab167b5f6009676e67a8b12249781285ba3c
random_0758	order	1861213335335	HYPE-USD-PERP	SELL	LIMIT	879.64504762378	4.6097707440661913						87964504762	460977074	0x648a3cece781fd58b06c91c477911426f5e9c194d8af7553bd7054876ef8894	0x1c45ffb584b30ca54fb841c1fe9fa93b3a066f6e92391ccc745b328cd6ef7a5	0x438993a9c1fb7187afb999274ea46b1100de74b1723b3dcfc01c624ba12512
random_0759	modify	1895598096766	SOL-USD-PERP	SELL	LIMIT	318976.4391428952938	94511.3918125873103	64024504805197945073907520719					31897643914289	9451139181258	0xe057a71775de9abf9413f1ac3c9c7df717a024c3c0007825e9a52cb5102f29	0x6a5706724f66e7b3188f94c24bdc40c96c16e8c5a7fc0861ffff246066e0a37	0x7c4bc43c729436c3681e160b31246f0ee716801267cde6ea04f0d86b400e47c
random_0760	order	1862102460066	XRP-USD-PERP	BUY	LIMIT	625.776780649370898	55269.31925970401695						62577678064	5526931925970	0x3773aed6874ebb540314c4c0bc40fccd4b40037f38c9d17d73894ec884213ae	0x25e1fe43895bc631b443c281a8f5546e4de720bc546d378f013a1e0e1736645	0x5d5e0fc44d9f61601e62594199c2a47880e4fd397722016b2c0c4b6f6429b2c
random_0761	order	1847932549094	DOGE-USD-PERP	BUY	MARKET	392475.0206114644511645							39247502061146	0	0x14d1c93b369f49e297df46c02dabd004b7cf48e835e7de8ae546d07151b74cb	0x59b443c7c45c250b63e3b0fff27755ffa5f3fd9980356ce4722f43528ea464c	0x1ff139d19c1f1e7f47ffad380ee6dbb7cb3c34450c6eb2168a5d6ed5828469d
random_0762	order	1706240970686	PAXG-USD-PERP	BUY	LIMIT	6685.59998712754	260.467926082						668559998712	26046792608	0x40acaa35413e3d1cb9c8293f7f336fe5b22e8abed2fc263d2c481f0243aa71c	0x75514b72e7bf5c8afe655cf0b35a58128a79e2b0d7ac6f9a8b35f180d6eb476	0x46cc3e1b76698f3b658046c6d642b3325f0a13e10bcf60ce8b92e847ecd8088
random_0763	order	1722867215018	BTC-USD-PERP	SELL	LIMIT	49825.4451748332373	0.052280633						4982544517483	5228063	0x37a23a373cc4ea69fbd897ed0b283229bae96574392f0ed277599c19a97880a	0x39df01361b8e60a010b55bc5c477ca010ac1ee9c45c740a8afc23937c1a027a	0xfd9d1631c22c5ce4bca2a0a400cf1e45e6905af64ccbddeaa4b6d46f1db58b
random_0764	order	1713967252685	ETH-USD-PERP	BUY	LIMIT	5.387380847294273479	77.3609081330						538738084	7736090813	0x51d6f8540d7ce4d1d48d2af982cc8eb3db86e2988b85d5b261d6287be24f6a6	0x2c03fab7cb46aaff81c6aef95a8f2ecb4976e6b05b0d7f5f85629efb8f3f0a7	0x1588d2a145a24f0defe219570fea694f7252530ba1eb6bcb09041f719ef916f
random_0765	order	1864532494451	SOL-USD-PERP	BUY	LIMIT	79678.52689489747874	707391.60275606197						7967852689489	70739160275606	0x5396d60a35f25c249af4053180c47c9b58be57f527422b1977590106424377f	0x512e5eb3d6ca7bf7c1bdd798398ee8eb20fb7ea3586b6beadad3788f17eff75	0x4a938ab9e40eb8853bbed92552175a8cad8bec1ff6fb610d7966afd95be33f3
random_0766	order	1786982097154	BTC-USD-PERP	SELL	LIMIT	135.13717074795	0.176853834964108						13513717074	17685383	0x360c2500ed662d81f0ff2359798fa916be102fe45272f01b44bd483842fc48f	0x4e504698f5f097b926e1274714f40fd85d2bde63359ef4f875d02b5fda0d621	0x449667045cf3a65ceac76536541db2b1521212a84ae2fd98ab27ae657ab7d6a
random_0767	order	1719794133101	kBONK-USD-PERP	BUY	LIMIT	90.49070869270	9.7063941750536008						9049070869	970639417	0x36ff711f044d6c1bf30686e4ec6c70807f79a2323afce620d2fbd31d0682289	0x3fdf09e5a1b071d74d04984abe8e735a971e7b80c411b4807af9dbc770c1613	0x4b6d50e105455ed1d42a7e5e7bd29e42d95e5df0e73440fdd7910f8538b5980
random_0768	modify	1735610762554	HYPE-USD-PERP	SELL	LIMIT	4.53766636219	292830.3728020003	6952282977153858408951					453766636	29283037280200	0x7af7ec6183f66724575740a421f291460d522ea8f9420cf9974bbdac4b8d73	0x243853e083d8747732045856e7ad895b30906ddf8c22956085eadc8b81162fb	0x305c7fc48b3351c59b8f1df07f03ad4e35fa3e440d5f1a693645f3b1d3d012f
random_0769	order	1801033620451	HYPE-USD-PERP	BUY	LIMIT	502.1843327413663156	2750.70044258763005638						50218433274	275070044258	0x6896b55402bd0fd5228ac830348b825025ebb60f98cee7f9396f58bcd74f240	0x8ff41479827c275f3e5ebf6f08b831d842865533d0359aebd805f679ffdb6f	0x3467edd4503ef85dd6c1f94491f66a1dc4f242c751fd5939f60b06bb3311ef1
random_0770	order	1780594105782	DOGE-USD-PERP	BUY	MARKET	12.0006024108							1200060241	0	0x5891736aea46c00ece289b6b9435bbeedea48c0ca6582cb8081425ab1279392	0x1f6ee774ca78e173a69da8c52e5177e1e60332f0d4023fb9c5e8ad8a0752dd1	0x1b9385fbf78dbdd06d062c8c57ee910b5defc6032775866937f7cbef5477d2b
random_0771	modify	1839411019482	HYPE-USD-PERP	SELL	LIMIT	588.723597625167828	3493.47928105689491708	184156138093217298548					58872359762	349347928105	0x6e7dc28992c2906d5680140e486fd3b8540282f673404bfd8b322096a478f7b	0x49bbfe6b1c8cf739e0629135c0f511c085e1e9f76ea7c327f4e6bd01922c62a	0x5b353f371bb217321c5b4cb052c0049cf86494860b91952aaa1a5f064af3276
random_0772	modify	1873630575671	kBONK-USD-PERP	BUY	LIMIT	82206.0676797492647	336.59554343760	2248576852345495544983662					8220606767974	33659554343	0x30f3e4c2a1de5a390f72fe99ccc7d942a006a3406a7051f1cb9f04f7354dab1	0x412cbbaa69165c4d4d9a0caa031dffa8656a0427e4f38eebf5af4a423eaf674	0x4c833b03224426a65d5cea36c9c96b88cabd163d26b34c0a518b20e99d42d84
random_0773	order	1748221197746	kBONK-USD-PERP	SELL	LIMIT	0.403568927714	7.652122716						40356892	765212271	0x77ba1d73f9c60aea55e5d4211177516398317a21bce018dcb340beb561ed8a2	0x735b15514ddfe99bea1277ff3a390582d700d8cb3f93e0b80b90a72ad1ce051	0x71b7bba5e3ed292404d7a00269b1fa77016728b3e534b77317b87359f0a3fe8
random_0774	modify	1766565252561	HYPE-USD-PERP	BUY	LIMIT	55598.70517831334	1.43458069475467	937300363454424466729109558					5559870517831	143458069	0x19fa6487b15ca9f0f2017379531c7b8c16d457596f6dc2ac8aa09fe696f0e1f	0x567251b0afa2a3af59849c5679b7a342cef34b47c65a6659c86cc3d5078db9e	0x1c29119d88d043820e67117cc7e90017a851abcb39c43872fb76f0657813b
random_0775	modify	1735999132363	XRP-USD-PERP	BUY	LIMIT	50.53304452067	43897.8682348544279	9379782714165061302093					5053304452	4389786823485	0x321945574c3ecdff891a9c18ef5529f57cc428e9d1bf5c23c6fd1673c72ce31	0x18b1c20160a65c59d80fff3302691711512c5c6e95e159d42102cbae12b1ef1	0x6d9f9a2b4967f4f7fa07fc91c6ddc18b8de25c90b313c472d6ef68882df145e
random_0776	order	1792740235357	DOGE-USD-PERP	BUY	LIMIT	1033.227748517	6.448342222613460						103322774851	644834222	0x22ba8555a41174cc7326cdafc639857ee241584bb95e1421f4f9afeb5295462	0x5e8387c2f2ec093ad2c47271a10e2cfebfa894afb04e5bf9dcf8bbf8a1b40e4	0x3ddf03384de2290dc06661806381351cf023f6128bf11415ec400a2f8bf4d3f
random_0777	order	1760178256828	XRP-USD-PERP	SELL	LIMIT	471.36374826803024433	0.3477650384784						47136374826	34776503	0x64d6efe2791da8e552d7c73571c75b27f560018ba0204c96d4fd1376bf8a488	0x552bc7f1b12ae86efd9fecc6b30fe104fda5c465efc629478be44fffd4bcd9b	0x24c17c205f8f7c514fb613306aca97ed0ee3aaa2d8fd1a629e48c9ec8d2b420
random_0778	order	1742026485545	DOGE-USD-PERP	BUY	MARKET	514.085974283029							51408597428	0	0x2e2f6afcb18f52de0ff52979e5b86f4cf2e8a4386f23358948aa394de9b1b5d	0x9b6d05c73103ac46bc847c38bd4993278e0084533b1fb62101999526119b83	0x183e95bd893ed46b40f041ff1a87736fd2072ea89b53549fcb99ef9d83773
random_0779	order	1802843173902	HYPE-USD-PERP	SELL	LIMIT	84.084515903475612	38.6523665509026851						8408451590	3865236655	0x7d386960f56060554cfb3c749480799a0775e381dc8ba9a27828f58c9d0f691	0x7483de8df38c95cce30713c0a016a223733ff14670840e12af5a138ac7cfb18	0x75e5965520806c9cb2ce35c1f75b390b0a3896a3c55a29607d3029b67a89941
random_0780	order	1843886254598	SOL-USD-PERP	BUY	LIMIT	0.68260069729140703	7422.7319684152412348						68260069	742273196841	0x4e3b976811bf6eff8dc1fdae2cb84625d2cc52dc09ef0c652dda3409a136789	0x180efe58491a0c1b7c47d3f478f1a05f89f7e7f5d1b7c4a2f9771e3088123ee	0x3b2cbe658ac6f34b7438ae1f94621fbbff279f464c2a2d07b8afa962e1232f5
random_0781	order	1732850451455	HYPE-USD-PERP	BUY	LIMIT	0.10245911178294	15.540568744936						10245911	1554056874	0x4658ac092a647596e2970db2e6c520800a7889fe25d3e72371b14ce7848d047	0x6cb6bc687e8de02d78fdba29672d6f24f14451fbb039e08055b033e35821ce1	0x5305c0331f953c372f8580ff01d72c3b8fa527683c5226085e56be059ab7de5
random_0782	modify	1778466893503	BTC-USD-PERP	BUY	LIMIT	669.337460725210566	0.14441887226009	899363694311281895806					66933746072	14441887	0x5d822e1494aca1a1d65b23cdd8e0dd31666c6c9189ad5946944221f31c32e0f	0x5cbd449b88a82a80ddaf2d5048864591b0d724f82959d98e34a088773087910	0x7323e222ecae7ebb490790ec2fe21664c7a12b4ffe3218f4905a368b067d0c0
random_0783	order	1737770078474	kBONK-USD-PERP	SELL	MARKET	0.68535174698							68535174	0	0x70f519e901da538dc8af738eafb73a395bcce6c2106399ad3f0fd214c012fc8	0x12fcaeda0226547cae6b794dd2cda0eae72124988c17dc7dbb424e3771c1234	0x774b6c78689913ceadb18e441b01c1c4a83bf42ee8c9b45663ed959920e6f11
random_0784	modify	1701447401063	BTC-USD-PERP	SELL	LIMIT	988.477626090515714	438.4736822748	7269160152451344957014					98847762609	43847368227	0x339629229be1e20c96783075842fada06c745cdf9883d7aa859b4ec27028880	0x2de9e9f82232aa329c9895078150211000613faad87acd8a31e9f58eff1049	0xa5b8806047a63b457967349843ea72734dbd2563df1b4fdea7baca4de8a003
random_0785	order	1879624987362	HYPE-USD-PERP	BUY	LIMIT	763.561563258961	78.023207765004065						76356156325	7802320776	0x476e6ed592f63d6a00cf7bdfc4aa8382a44b052658f454b0bfd5c7ea66e88a5	0x1db40b04a04963401326b2feb110c71fc679a7b66db0288e641a4cba8ab8ae0	0xf3e48c35fb32babd2213505cdc896b8be8d52d217e305e09119525ecf5f64e
random_0786	order	1770036110455	BTC-USD-PERP	BUY	LIMIT	0.4833897766510741	2505967.0586590436287						48338977	250596705865904	0x2780c02d1d081e5fedfdbc5a6969266697e7ebb672560152fc8e09fde3a93ae	0x7fb0d292bc2951759d988646503c5e2d1c62fb247841ac118349c5b460f6ef6	0x64fcab039a99fb83260fa9e90de068f79b37948b0043404a352f61b1239b6bf
random_0787	modify	1874317013286	kBONK-USD-PERP	BUY	LIMIT	329.389231215982410	0.95251208723	99664171343308742154863014836					32938923121	95251208	0x107c8b1ab6273456874a469f8f820aba93cfb4d25fc3a2b55ba8a3b0a01a489	0x342c3ef6661e5fbd44232c6ca2ef027f66cf30c85f613de628ee918cbb81530	0x524a0164b981fb3898300098c154c0fb693c370f5de4b5c0fb7e0928cb3fd99
random_0788	order	1706107647949	DOGE-USD-PERP	BUY	LIMIT	861.0070850060	13652.672894952588617						86100708500	1365267289495	0x6c43a76ffc1bb448dea0b36d053adc7a64dd16c15e6cbb9a6d3a19c8125ec63	0x3011687e6a2bdbfbb5beeb8a43de77a66340c0537af6493b6ce05741be9304e	0x6034d556c1c797053f5fd51141ec3ee16943454a4c84e45d64bf3e9d4171e0
random_0789	order	1784745233385	ETH-USD-PERP	BUY	LIMIT	0.49365070366	0.114403859						49365070	11440385	0x426012c9f637e311e24c450be07e8167adf8d7be67c6b99a4a9f67ee4d17479	0x56ee2b1593c4882036df7bdc9ace4bf96274e52cb4a79e964ac740870fe4415	0x730a2f52fbeb9fe351d576ce20c97caf594de0bc0cd096a8faa10007a61a578
random_0790	order	1769331828420	kBONK-USD-PERP	BUY	LIMIT	244.53534054633	79.43141878142						24453534054	7943141878	0x15ffce8e059d7878db3bccea7bee73a3ca9b95ad2d9f769e071394a4af07cc	0x10d0aee5d768ff95cb542fba39987b2f87b5ab0d572b2fae8b96d4f35ed5da2	0xcd2a4e553efd08dc9b2a3466078d7bd33eac94bbb9948e6d611fbef77eb010
random_0791	order	1737748182380	XRP-USD-PERP	SELL	LIMIT	0.234516986	668950.440858550245						23451698	66895044085855	0x743787420c8a993c7e69c8f29b9509174f96b74ca4c70fd5e0dfdae60a5be7a	0x54a68f2c73dd9e40bfa89fd5b6c71543c9ec769c45c446c41588951c79208b8	0x6435aeca165858af002384ae7c3cb276f3ca303b9c2ecddc3dfb8fcb2224db7
random_0792	order	1884700887185	BTC-USD-PERP	BUY	LIMIT	19.5765655095	198.56119263313915604						1957656550	19856119263	0x6539d62ef4bec40b1bb8f5388c907ce3edfdb4f4a3eca28cb67b534148ace04	0x19cfb822e3a33bed400265532e65cd5b86cf893b73a00de8a1b6bae19cb9db	0x7dcd58b0195864c9d902677947e5cf3baf98ccc5f8ff60f1d532390158262e5
random_0793	modify	1853172251206	ETH-USD-PERP	SELL	LIMIT	9.897996462	295903.935012206047	57726403880476828667					989799646	29590393501220	0x2eedb5d5002ed41f109a95857032426745654562d6b7874dbcc81db8f102a6d	0x64458d7008e948bcad8c066310a1cfc06affc0e2f5c562c5a05176c17957f13	0x7f9b7980edb69b809794f06090f3f0193d4e553f698b45c87b3d622d88cd027
random_0794	order	1846959610271	HYPE-USD-PERP	SELL	LIMIT	9165.00633273131960	951.9262339446						916500633273	95192623394	0x384feb9fd510e15a8ec67a5d3bc25191e57d28203714906fb67801ac5f13f4f	0x1fc8d711aa60b92a9a09d4478886d6bf8bbc1977d8424de0b8cd5b03552c0b	0x5796d0d3c239cd898236c3eeb529d3abe1932bf43baea1a9f1ed60f1fb5dfa6
random_0795	order	1714415988452	BTC-USD-PERP	BUY	LIMIT	61.20328980228958	0.48963075713326985						6120328980	48963075	0x3dec3978cda30a50758ec4dd7b9acbbbd9764ee802693eb8d72c5c56d497590	0x7a3cc7ab868d636bd2e62a39503b13d0a85055507d6794278ed56a5997bdb8	0x2848152800780e87128184b648c858f66d99b8cbb5be5c77894ef92d08242d3
random_0796	order	1825785359208	XRP-USD-PERP	SELL	LIMIT	8.5713178009708	965.376933450162						857131780	96537693345	0x72ce1fbb7cc23f29a2874462a637fd1c652be2b9e579c91386824819beb9fd6	0x63b4e7683bf9843446ba550fb8a86bff0967da52b1bcc86ef2e77dc0a493a16	0x1591098605fc68074f56216d7fe8fe1c411fff1689a1a3e58c9c0ee131ae031
random_0797	order	1709712019892	PAXG-USD-PERP	BUY	LIMIT	2.298003505636019053	650.835545834251						229800350	65083554583	0x2a3ae94efec1a75e834d54b77d313970d0e86821ea1e0801180ac29ac4eebec	0x5c373568f4679639583b7b1e3093d41ba2bf87f6c644f4f6d36882a524598fc	0x1765f6e2a0866fcab92dcbdd43757e4edc09dbc828b39bd16678fc9777b332c
random_0798	order	1850792055081	BTC-USD-PERP	BUY	MARKET	17856.62618532219594572							1785662618532	0	0x5a59458328b7dc2679a00394123e02369fcd2047052770e350d3e29416eaef8	0x61c1bced862b2b385e3a6985652899ccc8caf3bfc287028366d1a6a795a8326	0x3dde59567f4e091baeacef5976cccdc00ed20100d2b7c8d18e77a93a7a75b6d
random_0799	order	1852967691374	XRP-USD-PERP	BUY	LIMIT	5.33373026839	98.3033215313741						533373026	9830332153	0x2ef133e34b19bfdf3470c0eccd426bcd71381437cfdfd231e4efffdc4f36872	0x2b3b4dc2a9bbc4d58c2324337d2f8ceffddc79f1c789b877abff262ca2bacb6	0x311a673b7dd5ec55ddf810b7ad2b116fa306e6326ed2963167f0a4eb331f507
random_0800	order	1847552742863	HYPE-USD-PERP	BUY	MARKET	0.724462473826316							72446247	0	0x165bbdc48216938dd2ee082018e7d445064d93480a9200ef29d6cfd0e5bfdeb	0x5da50d417d977ec166c9f9a34a6991de38f6172823e9aaa8de0f54de646d6bd	0x8e6174d6d8a788f3eb22b66507360e680e23871a5db8d77448124d84e8a92c
random_0801	order	1729480547487	DOGE-USD-PERP	SELL	LIMIT	8.583120112316814	17109.08154286957047006						858312011	1710908154286	0x3f611d0f8420d04ff556a15947016a86d06deeae641247eac926cb65e00194d	0x5cd994757c52b46a84282a17ac121593bf27764516fa6d5e8f1ea78b5e13358	0x15f18280d1277b81db664c5dbc749080cfd9641b68664f2dbb2046b33114700
random_0802	order	1896384244072	HYPE-USD-PERP	BUY	LIMIT	32404.244224332297397223	195919.8736616339364						3240424422433	19591987366163	0x6f50af31ae95c4b2bf5053c8da5ac01576d491f4ada80c2e9d2ac3b56b75274	0x780ac499ecd55a4fdeeb9dfd626890736748f4777f2fa828cdfbe2bb3cb8e91	0x198e63fa90ff1f71b3485c7b47d257391d57e08579fc8e73edb82baa048be4f
random_0803	order	1853084192560	SOL-USD-PERP	BUY	LIMIT	0.07496852080732385	0.9630806012						7496852	96308060	0x35c4f19e16d2761abcbdb26f6040fe0aadb6b532e38b7088fcf273a4259d4df	0x56ab642e5dded6699af8ec1c0129fde1a2bcb00808011cc4a944878f7b0babe	0x52dd48d6695761edd1d215695224c51e95a0460603e116a5371d5d70d9f2c80
random_0804	order	1872306243693	kBONK-USD-PERP	BUY	LIMIT	98.779656712009752	8.824232116						9877965671	882423211	0x5a7791415820f38e051e19d980279d4df44e022198ff39b19073468b538fb5a	0x2e01e4ee314fb484c536bf2423b59e10cb6844ff44814fae43f4fad8f6d89	0x23989c8f9e0888820afb074ead3ec15f640a2a11ac1c3f2c3dfbf51c1d2e201
random_0805	modify	1727388821884	kBONK-USD-PERP	SELL	LIMIT	55140.8653817050708708	4195097.73394957879	60381454785931688117593215					5514086538170	419509773394957	0x52e7638252c8c8e3f193518ec1d4d8c98946bd689ff945e7bcad0181f91f82	0x226e69b05f004087d69a2d59a86a704abe236b6914840e0f85f1b6e333003af	0x751bf82c8e505e62aba7f49edeb91ca18235802d9ba36c899ec5c35ea728269
random_0806	order	1870999947287	HYPE-USD-PERP	BUY	LIMIT	87308.18586534474061075	23202.7404009021888						8730818586534	2320274040090	0x5398f232c889f47a8802bfb915a2ac46eb3addc015d346f0c0ed6fc33fb7c41	0x1ce429ca0dbcd53e46eae64238ba39a18270a1a57753971c5949fe3a0650e77	0x6059351166f770f79577e019104c1df1df72d396e476abd44e20466a3144ff2
random_0807	order	1735736075407	PAXG-USD-PERP	BUY	LIMIT	0.7041772607824524	0.712980085858						70417726	71298008	0xbdccbaf348a15b2cc4db1e576145a7e052178d77af2fed8e1b39e2c63d8537	0x7b91c5bedabd0db024437cafca33bd741af0484b2820432dbf992b96fb928f0	0x12753b9d95e4e604e6b82ba52d1170d488a9aa25ad626cd9ee6b7134dcf15c9
random_0808	order	1710834471824	DOGE-USD-PERP	SELL	MARKET	0.31517473854158584							31517473	0	0x4dafaa28e1a29f7c7b70ecc435573e4441c43569b8a730d3a44fb6d10a4339d	0x1dd28c08b992a20567c78888cdf2cefe2ae9564ed3c1b909c6070958aa5d1d0	0x532921706d3887bfeff2f3d10f3e6ab0b98423c4d8e11e59f238d7317a85121
random_0809	order	1756882817841	kBONK-USD-PERP	SELL	LIMIT	3.526541481059	23748.84806681433266867						352654148	2374884806681	0x6175f48046e09634b4d59e294c06cefc41527df4d0d1df2ed5be5629a8c186b	0x4dbf74bfdad79d4132f88b5b3ba7f6bcfd190f2c8d9e79a3b071622f5fc2cc2	0x20e44ccc74735c832a63e732bd704d05b554e4a294a9da9b53f0a63112f76d4
random_0810	order	1814520154635	kBONK-USD-PERP	BUY	LIMIT	0.28587999149	3.13372047258						28587999	313372047	0x29307ffdcdccf959fed580a157f55f2541c687beab8be8797d707054073ee0d	0x751bfa41c198aee53c26111e3d04dd568345b8be14cf99dac8d99cea75314a9	0x1cb1d517c1aa9c8c0e0f403acee2e4b5c6e0c3076c4e8c9f5e87e51168f7b38
random_0811	order	1707666123524	SOL-USD-PERP	BUY	LIMIT	57.576549471111623	69.1460005239						5757654947	6914600052	0x6b6ab927baa02e71795787a61ff3e11a5df9311aa150d5d3eb4ad2878e09c87	0x7fb8176a355127aea03820f2fe339e1d8c4fcd5568dc8aacf2ee1abe2df3db5	0x71a8053137945aa9f7659b86bbf1b66d898835aad53fdadabc56ac78652388b
random_0812	modify	1778114418304	PAXG-USD-PERP	BUY	LIMIT	24.0383455673735	0.38472726550980653	60782719586445221930184936588					2403834556	38472726	0x4da8c931742bfd9d79a7fe1af3f17d973dd64f4717965c986865ec95a2c99e8	0x4589b40cc7744c11951bbf9395677f44627e36798a6abd9509628f3d57bb7dc	0x372a9ec01de9e8b106d53b151155ff8e8ab6a1d6882fb02a3381c4e9fb25624
random_0813	modify	1874652769944	DOGE-USD-PERP	SELL	LIMIT	201.04117719325	800141.21481025287295946	75454467739480485073922409					20104117719	80014121481025	0x7e436eb229bcddf339805dbe85bce7a7f0d5a1f22601059c3c3561ed1545993	0x78ed05b05875d800775a79a499429f566b6fd32985214542e64c0a18a77adca	0xd3289b5fcb14483eb67d0fe56042b304b2d700cf8eb31e02d4d1544852270f
random_0814	modify	1874948054515	HYPE-USD-PERP	SELL	LIMIT	0.978350356868842	0.2332513293136356	1976637602700527194816549					97835035	23325132	0x2a858bf7417083dbcefc232da6f73d9dd9c7dac5a706a1919a10d26845522d8	0x6695fe78f96474448ed0a412142c003d46edc82999c8c6fcc9ef69f10ce229d	0x5c5c9f61e2e902359adc66e1ed6f465d54c95901013a2d6691ac07b0791c386
random_0815	order	1859115976538	SOL-USD-PERP	BUY	LIMIT	6.7006139148379	2.245096155235						670061391	224509615	0x2f0b341ba66fccfcb3119eb7e3408afea6dd71ceb7dfbe10623cfdd4cdb0350	0x6a4c65fe9c0f1986796b6134e1a00835583bf62f2bb975523bbe62bada3a74b	0x7d436eb4fdb1754a79c7dd0b3711e518ea01fa9b1b50c318d4146a584d7fc3a
random_0816	order	1816999494273	DOGE-USD-PERP	SELL	MARKET	2.8261939169394538							282619391	0	0x4258d29cb13e284b1443cd708e073b50e269712ae841880f9dca544f8f65b38	0x548c8f4c49d4f8d35d7585a5d0976c37e390ad598f9b8d5ce3e92d01cefefb9	0x76087fdab8f7092f3c309d6a6d2a19a5136c408553fa2d0da4d5b9d11f9a984
random_0817	modify	1727553748850	BTC-USD-PERP	BUY	LIMIT	48666.9988940559213908	5478.597846820021965501	227951074336466313737512828					4866699889405	547859784682	0x7fca01098f2ef8c0c6c2ba4439a39bd9f8d224f26522c587b0bca9d7d9de661	0x7bd22259a999ff1ce8071b43494ea3cfe183c88dbece8f53dc1ab3791763d41	0x12b74bff0d8728657f6f14ec2a2725893f3ab5003e216fa2fbbf021008cccfc
random_0818	order	1879428160291	PAXG-USD-PERP	BUY	LIMIT	45.429365496992676	9.7536388534908						4542936549	975363885	0xf3742a5f8e8c3b8766cbe3324d48e5793160928112a8f4d4bcbc065d6c94fd	0x5973ca3f67f7606d1d13cf10ad379c3514eb391719f265b6ed2ab38c8150825	0x4c8919ba8fa1e31c6978b5a27bafced391f0cc51710ce006039e5c4ffb4019
random_0819	order	1797929715852	SOL-USD-PERP	SELL	LIMIT	324983.6345094199421	332731.587153737						32498363450941	33273158715373	0x509d082b1e310b657d8c7aa4e18337e7afbd821c12d7a9d354329a21b6c56cc	0x3d1665b8801b779af138d1bc498919a2c77a88f902fc1ce6dfaf8a3bd8f0165	0x591378deec9b78fd98018d1ba146586a00b091d55fe851ef8dff9a2a46fddc8
random_0820	modify	1742557321236	XRP-USD-PERP	BUY	LIMIT	1413.669705266615613	0.757830146	69051362667075935698159447					141366970526	75783014	0x7a3a40c46f0fe6a4aac777ca35aaa071a83651e0587fc7ff1bbd92f22aa44b4	0x41177e145922660cc1c868758e0826e7f64e14a0f45ae8e5084814215c45c7	0x5828071f22e89873f5f37bcb227ccb6197a0a14e5c5fabc93afd8066c85a65e
random_0821	order	1791477667970	kBONK-USD-PERP	BUY	LIMIT	0.59731329687	0.1904210323476						59731329	19042103	0x79ac2cc54fbdb57875c8ada2df433e15b6388812b52d9348a5a4c1140969e8c	0x53db938247a098461f02ddea1e66534d4c3e3e3478990367c4e2ae0ce56e1a0	0x5fcf6a761d4cdf720a0852d717c4cf8b6285e728f9fd3924b60dbbdb7fbd1f
random_0822	order	1761489613464	PAXG-USD-PERP	SELL	LIMIT	8086.4953245754	78991.818734290166						808649532457	7899181873429	0x37fcee357cbea84a0145a72c792d02a36c42ded21e7a9aa9bffe33f58561573	0x332680c8a29df92fd3b70531258fcfe7f6ba3f56109099f0c68fb1f9f9e1ae3	0x60b144a83ce2d76e1a7b2cbecb1c42ccbef2348611cd2da937f220aa7b4e262
random_0823	order	1872746873859	SOL-USD-PERP	BUY	LIMIT	5460.57199611838539	0.897840773						546057199611	89784077	0x22de018d2d12660f4f631365efa91a89ee497dfc926a82bfd701046972f3d49	0x297118c78ffdc5cb675cdf620c855f1b408d3d2cda89a87d3b0c7702ca1c014	0xc860de792839c99ff881b31cfc0634c60c3e70f3a17ef5cf563d824a09ca3f
random_0824	order	1735301839058	kBONK-USD-PERP	BUY	LIMIT	720584.5607780002	1619.6195645157349598						72058456077800	161961956451	0x681fedcbcbf32b2442bc4d6aaa3d2fad6e37c8fa49b68dcc506a132da91361b	0x17a8b67d75221109fa27aa6eced3f658571492137baedfed787241afca301c5	0x1cc2bfe33ab22c72f3ddfc3579a479cbc2cf653a9dd1ab951e7d7dacf979f43
random_0825	order	1797951274169	kBONK-USD-PERP	SELL	LIMIT	1007.10515521972903	0.8585116103284						100710515521	85851161	0x40df86e99af959f47593123a631cfe01dc7906b4eba351a466b40319d95eabb	0x711d88a2517f254e12b2cfbf1ad946b41f89a9204d15c54a8400aad80ad8759	0x514a9894b9dce8321f7e58cf2e126b9b995bf4a07d310879cc9768b0d150ec0
random_0826	order	1743324412782	BTC-USD-PERP	BUY	MARKET	965209.021018853548							96520902101885	0	0x748b6b5cacd46cd4c572d57441044775471ca63e974ac993b1d99fb31228928	0x35df962b63f9babce64b679841527ffd91b98d65c58cc2816852f43463d2369	0x30c718e624a4536c821ef25f774a98771453569c4f2014d40114e15b5b69fc
random_0827	order	1883323927026	XRP-USD-PERP	BUY	MARKET	1243.114015052							124311401505	0	0x64528cf1828f6a4608609c19fbd40515e9ba9f28c5761115db8091cf4de77bb	0x7c84549428d3618094bede07dddc77e353bdcb57cb6fc52ad54e06dd9c9e72b	0x3751106579c3a878ebcbc37f06db99355ecebf558dd2c83ee7a04a96356a02
random_0828	order	1756980808718	SOL-USD-PERP	SELL	LIMIT	44756.31788094976774203	4.827855835895						4475631788094	482785583	0x3b252c3b797516a10d05f44c8663decfab4d899614372428e227784be603a25	0x25748f02846495e7cd5386f20dabb821eba9e7b8d59c6108b8e71df159be424	0x577282369e81eb67866c0e4bb6a82e44a8c034bb4d662e49c11367b59fc728e
random_0829	order	1793928662887	DOGE-USD-PERP	BUY	MARKET	95.343388459							9534338845	0	0x78e065eefbd163fe082fc145c359ba23e6beae7a0130e757e50a60ba0974808	0x5e5280a3d84170697d3d0e1ee1973071ab223b215dd80967a73a6d16f187a15	0xe25496afc7f252933d541d7e3582489f79445fcd6d22e72f883b26e3cf3702
random_0830	order	1815794794659	XRP-USD-PERP	BUY	LIMIT	88924.7544600063501	9911558.2190633840614						8892475446000	991155821906338	0x4d1d8b2471d082193b01eb51157332dbcfac1814baf0763518723c574212355	0x30e7e845afdb7d11ddde167a8c4bea239a31168828ac120e7977a02e2606fe0	0x604ca4cffc2f6bfdf5c15d836396da8a2d67837c4a306351fe60cd479f5749e
random_0831	order	1881375932953	DOGE-USD-PERP	BUY	LIMIT	308.12070566488340	8212.6355811886929196						30812070566	821263558118	0x3b7295fa91989dc18ff6f973b2fe71f0a350e27d4ed6344457fec3a120bdd28	0x57e68df878d416842cc5d10b7d552e0dcb7e6a57960d5efbcfd374aa962e5a9	0x639694af261277d1383fe5087ba6fe4800b38d6adbe1145418c0b9929488951
random_0832	order	1831978861448	XRP-USD-PERP	BUY	LIMIT	5325.264335677950	659326.73003088614						532526433567	65932673003088	0xf3b6e641eca0f9637dfc17e14836bca9cce58376276d2780d8fd36c239faf0	0x36b17365eb6be4180d51c4b1fa12ef5ed27c17929afcd5bb5777a68e132a100	0x5b89b869221d7eaf3d5b6e056a0c6532dc5cf65c4e3fcfb13060bf486c75b5
random_0833	order	1814620252268	kBONK-USD-PERP	BUY	LIMIT	0.448602191118212563	718.038736091955						44860219	71803873609	0x1cc3dc27a129b44830f3ee2a4f346373c05a99410be78dffc0bbe6f223809e2	0x7979fad0e5bb0b5d67741d3a5b62d1b81efcba8c46ee8c94343676245303e3a	0x5f774414c6988117c7bb94660cbc0d98ed0bea92e45d9cee651fddaaee919b1
random_0834	order	1796855391911	DOGE-USD-PERP	SELL	LIMIT	33.6537741703654313	2166.861165234535371						3365377417	216686116523	0x2cc54fc26b518626c46eebd4e3e35193298ecf9ff07b0f482b05d93f508a18e	0x4472c5455f2e0f421e797938f5d6fdcc0edc27545deb496089e2c8a90698de2	0x5039d810358a2702035b959b1ad55d263561822236464672a5aac7f30cf8e3d
random_0835	order	1777438834777	XRP-USD-PERP	BUY	MARKET	326.223418008357878							32622341800	0	0x11fb2841b9d9c7f6057ea58c0fbc772e3f98694a7ff4699ff6ba44fc81d3cde	0x52273ef1fb6d671ef9f3561f96c94ebcf6d65ba715d3c81e23549d79a58ea03	0x4b677ad429ea3bf727c2882a53e3b2fdbd72b6b205dad5a3678cf50ad98160c
random_0836	order	1711155134026	XRP-USD-PERP	BUY	MARKET	14.532002867157319							1453200286	0	0x6a0e68a34e9ed53ececf9b2075c5300d8e1d3d19fff210d41b0a60b9612c368	0x457605116164fd4ddad2f825ce6dd704045c494ba4209dabcb9602affb6572b	0x7a526852f59b991f4c2b1ea854cbb8c614c20408f00522540e5d4d47a06e9be
random_0837	order	1758303426584	DOGE-USD-PERP	BUY	LIMIT	964.416159392576099	8626644.281622972927						96441615939	862664428162297	0x33f2ec7ac2c372893dfc83aee3f1151da27e286b10f554d3526a7e586f2133c	0x296af42c5718d54a1d77488c7d25f7eef1f2320661fbcb9932159efe007b041	0x1fdda119639166e711c5c66993d969219be00d81fc30c7c196badff16e177bb
random_0838	order	1858958147481	HYPE-USD-PERP	SELL	LIMIT	241724.718352001339500	0.8443304399950304						24172471835200	84433043	0x50270f8c1efe34d07179405d0374411d6b3359c51f0dc278d05f4e54952159b	0x14e01adfe0f0e2d26150bc5ded30d2eb1c79c8dc7e256ae28da3fa350d8bd59	0x7d3bfe094ad0b04c6849a7bee261c6fefbf543e03c87aabcfa24f3d649f21ee
random_0839	order	1806844508520	BTC-USD-PERP	SELL	LIMIT	6240.380887992	57134.995185656044031						624038088799	5713499518565	0x4680edbb102e5ac4440283e5068e85aac6b21c0432a34418bdb532fe6099a73	0x7badeeab41f37cea56d70335ff80f2a69b519f89e710bbb3a0eeab002aaa07e	0x7a70c3c3f0cb9bcb8ce4509e2d4fc906d056700f50ff84fd42abcf604dfcf9e
random_0840	order	1760233376266	PAXG-USD-PERP	BUY	LIMIT	351.898542954	9690733.0002968969192						35189854295	969073300029689	0x1c9164c4da94cea3da37bfea0b58eb0fbf05a4fcc177c22d856b61a60afb4f0	0x5d4c8201f03da1f6708ff8a29cc2ddb943c294f92c511da5df4ea0207d895cd	0x6f4ee627634b8e66158bac0e78e44da966168e869e81f5412e637cb1843e3e5
random_0841	order	1854172148833	HYPE-USD-PERP	SELL	MARKET	937.77410542295293							93777410542	0	0x125c5d03580f03f3c5ee87cba231f6e22b8e271094eb5dccedeac99f606afff	0x3c316c626cf4d446a242ca9d2ecb28c390d10d35128800f07a49eb9e597e5e9	0x243eb1b38b7f53d9ab57fe0cd4933587ea61f52303ee80a7c41e5ed933624c9
random_0842	order	1831957321195	BTC-USD-PERP	BUY	LIMIT	56772.403541616514016880	11.6451894044						5677240354161	1164518940	0x4f3054e7b3e9a88d6e7a80fa96fb662dc30a8596de89864a0bb4323a2325462	0x295c7c4ed8428d06e36749a5dfb8fef68e0b645d65dc7b37aa6be65cf9afe4d	0x14b53fa5af4a99da77296067dd7cff921f49e0a5910842fc4e7a231aaf08e18
random_0843	order	1843680387357	kBONK-USD-PERP	BUY	LIMIT	865663.9311875326872341	0.43615284747						86566393118753	43615284	0x3bae81cdf70c458a9df652c0c13051cf68990124abe01312e2b0aa1d9d5ca64	0x5597352cf69c36ee8a0df6c58f14df94dc92e7208b3109ea49c0ac721242a99	0x4be0876eca20bff14f4920a0e9bb57789cdb1d85fffe07b43d1b1e37286769a
random_0844	order	1833838420308	HYPE-USD-PERP	BUY	LIMIT	4.766657317110535	3690465.5029829315200						476665731	369046550298293	0x9b9f500045d78e26f515b9e6a8d87f2c0487e0c9b5d26ff682752788b914ca	0x31935043469089f0eb2e24dc4a2037eb1240cadc8cfdb489ce01628dee0a5ba	0x747d158321eaa7d7dd3a9e164880181cb0c7dcb280c85eaa70361a4e86572c3
random_0845	order	1809117691971	DOGE-USD-PERP	BUY	LIMIT	1.157481304170	49250.9710827601273						115748130	4925097108276	0x60ada6c167a788f8db06e9685323a8b73aa635637720a0104772ef15c5b1402	0x1ddd4da0930c948f138ff6f516e736ea48cf8e6927b5792117c8de45ecd428c	0x60cc32d8e4b6722a9bf369d6b52f1d32a46ce4cd83237a35820f29c6937ae22
random_0846	order	1873799791583	ETH-USD-PERP	BUY	LIMIT	7565.218722634952874212	45.7153479247998125						756521872263	4571534792	0x22b34ae48d4d53675badbf68aeaa7692992b674376bfc2458210ff06f6ceced	0x238f1cde6e54d63e2283ebf873b0ab3f132471cef2dfae56366d01d4b2f1249	0x1091a49ce5b83b320c86c2418d314284c6216adf51af94504544d66bc20c458
random_0847	order	1862526745709	kBONK-USD-PERP	SELL	LIMIT	3806.93650791778792111	37483.13240411119041						380693650791	3748313240411	0x7bf03c126619d55215eab7832c51d9d0f2c54510e59eae20046e7eef4c19955	0xd97645a82a23c7b31d0e880c56345d7ec2cc9e1365c9370d3d3df747ecb53d	0x17c21777291bbb88caacbe27647a4dff1eaff70254397b8d61a77dba152420a
random_0848	order	1776914324094	BTC-USD-PERP	SELL	MARKET	4.45330989830							445330989	0	0x50855b672b9628d776babcbe219c841ccefd0d77c6f3cca835f33648969e4e4	0x5d0c4a171ad85fe111863f75f8d4f5e9fb376790e09445ef07acd47bbff93ee	0x5cb9f68a4095dd26e27cdae201387bfebb1dcd3878106d9c783d17849bed2ac
random_0849	order	1770809165526	kBONK-USD-PERP	SELL	LIMIT	138304.2308606490	1973.56876381451669083						13830423086064	197356876381	0xdc87109d5d34e8823b31ecc4fb76ebc6d320e17b0ef9bb2c4fe1f57031b8a7	0x45205035a100c51cdff95fafdabbb11451e7905257aac22739bc7bb583d57fd	0x1c9826a34b58a0f37d99f7a6e47ccf3b6f3eaeca2c14cb7841e91834d08b948
random_0850	order	1815815196909	HYPE-USD-PERP	SELL	LIMIT	16.6595756031	645.944366712388897864						1665957560	64594436671	0x6de7195696978fbce4b0e54e2eff699cf2684f40459264159434ddd605ef140	0x24a4976c3b482e8b0e44ac29fc9c31c5d626c30e7a95ac5021dcbe78bee4b46	0x3631c000daa086430ffd1897ba2c5ea4a26d0ca02f3543c1cc861268c6c3df2
random_0851	order	1778066402081	ETH-USD-PERP	BUY	LIMIT	61651.8659067944827	2926.28564848258117869						6165186590679	292628564848	0x50137df4373a422f4319377622851f495369bdedcc7cef20ade9e6373fd56cf	0x4fbf8a4f90fd7c89246039bc34e16e954cccf875c6cfc9533d013543e06f3ca	0x7815d959de4be606477b4e84f74a387d8998cb9f19df9a3cca36a26aaf60b00
random_0852	modify	1814290112425	BTC-USD-PERP	BUY	LIMIT	53135.6588348598251153	2550498.0819894838075254	57288544810842521085					5313565883485	255049808198948	0x576b043a0710947eb56bacbbef13ed4c4a6b3dc17710303daeb8895d36724bc	0x4f0b8f7106fd819a465de91f3c62f369b560a35db3533caa19db12b529d5f41	0x30441979166f127b1de22e2de77023275a96529a3b20d74adb5a4bfd252fb1e
random_0853	order	1741785728028	SOL-USD-PERP	BUY	LIMIT	7280.0463303145	7559870.63519901400						728004633031	755987063519901	0x7b229a680b5972a3a9c8c146fcce25be8c89b58dac2829bb98ab5c39d340d2	0x718d7d89ac0bdb0047d3637067acb9344cf4acb30c6589b7044c9a1c2c998e2	0x1748308df6df0584901bfe3fcb2eb58032a093b0d588832154ca8f353c7559f
random_0854	order	1791164536319	DOGE-USD-PERP	BUY	MARKET	2862.290457784575866893							286229045778	0	0x6a63bf9eed5e2cdf4f8a4d5118e70a457680a9c992c2a336332c6ae4c3a27ba	0x798bde1bf2b124d6a1aab93f597cd04fe84329d236603660234f3797ff01a20	0xfe7fb206698645a281121faec9ed969b7ad733ab6860ec4a2b1add125fbff8
random_0855	order	1728106743687	DOGE-USD-PERP	BUY	MARKET	81.06323952660515							8106323952	0	0x2e146b38cb2271ad4ee2fc4b4f91d1ac56960519a3cd26f91f7f63a6b97f84d	0xa96ebd06c15a7eb3562bc1ba62558dfd26cde83ef3deefbaf760b415200647	0x5eb6d284d6891460c6b31bd3ec4fd2b846de42745a087aee3def0aa18ceee17
random_0856	order	1806011517941	PAXG-USD-PERP	BUY	LIMIT	0.295714118	61.25580040582232						29571411	6125580040	0x76acde406a5ef1d2f70585e69e7bb96c49f0b6ca5bee21b95d1ade3d09c484	0x5ff562cf264aaa6802242679b7502ca29d21663233199e3a8b9064170710aa7	0x368ff671e8d0fcab5ce076c147d433a38e3e1e0a38272f8d7a4fd48b3dc9c6
random_0857	order	1866057421165	PAXG-USD-PERP	BUY	LIMIT	802243.815422116687	33.172337287999						80224381542211	3317233728	0x5150d60a9841dea20ade6aa7130d8ce21b24e30bf22a33195156fd737b854bd	0x226725aff37192d5f7f4c775b82aa98ec794d4ec717ff2c96440be094ad4efb	0x1d98055aab2a1ffa633a33df9a9d77b9a7e2b228d5ceb41c551379c8e614e93
random_0858	modify	1717026427686	BTC-USD-PERP	SELL	LIMIT	22358.4722512328	2661.188208700856	6858773016068476866424726					2235847225123	266118820870	0x18a28f9cdf7778ab998d4a044b6f06ae3aaf9512d8587d0b51a8539ab1072d4	0x3f829bcbd49e763d6f17486c51f0a857d41c9fd03634d6d16cb9c44aa21c1c6	0xadedb3d2fe8de8e20b6febda241637fc2e1d51012d05aaf5162cf7616a5c4e
random_0859	order	1888690257212	kBONK-USD-PERP	SELL	LIMIT	0.06328506024942585	5.8201223920791						6328506	582012239	0x1fc33bc7150743927127b22ea9dbd5125d9ca48c446a4bbd54957406989d95e	0x125dd95060a68b9ce716520a8f1124ae18450cd632227b52a6078f46ceba6e0	0x52536767c86ce7c84ef6163b9a7054d64ddc6870e423601eed9c71758542989
random_0860	order	1844591182367	DOGE-USD-PERP	BUY	MARKET	982.11485077665							98211485077	0	0x5740dfbcbbe979fb3cb22cd0f680dcba191696de684d23f6481d42c74f49d3a	0x92729c5427abe082ecd1a47dd84ce01d1a65d3de39fd3e47dd6d6d90feb7dc	0x2135090e23d510ffe3d4da1f19f028a215e20859ce93598085901e08eb3742f
random_0861	order	1837640475214	PAXG-USD-PERP	BUY	MARKET	27152.7621465019803329							2715276214650	0	0x2847acf856f26ceb69f55d795a095f7d318cd17ab187ebd3fa3c0586731b74e	0x486025309c66b4099da0a5268aa3f2110598d81ea45ad9a9e5ac21b96a9eada	0x542573673051696bf03f182f3fab9b0ca6726fdf22c4722245fb20a91c24af7
random_0862	order	1709656590030	BTC-USD-PERP	BUY	MARKET	8.633689794							863368979	0	0x669b688a8490d3d8733ff3f8fbb94992b1360182812864c865db964129b52a8	0x15265e3c95da44c3e89741aaeb9dd3854323db62ca0c9d52fa3e6d36449db29	0x1baf80970299ea74aaabb7687ba9fa85a878749950ee3d18d9312cc72a7b6ee
random_0863	modify	1744268892284	kBONK-USD-PERP	BUY	LIMIT	816600.97149420598058278	6306.45950582288246	76516026794134820013493166					81660097149420	630645950582	0x578c66f7295809ce6f3145c6efaa0df8c6929b45890b43bcc08a1a5f7ea0ac3	0x7a9dc57cab1220e65009f7eb745eba397bb946237b72a9db3eb18a50a6027a4	0x1ca659f56e5fb8fbbc605535a468b0e164e8ed9c803ccc053c2145c4bdf8eb2
random_0864	modify	1748624056147	ETH-USD-PERP	BUY	LIMIT	235951.9117333671629627	898.3708754981	8399096707632510296891512					23595191173336	89837087549	0x5becb66822c5c8ae0e74786240df5d556501ce290ed598dcac2c052a1dbd06a	0x42f8e9b3b3896d0ae7053f85a8052b989ac6bc70371f311e5fbcbfb7b00e84c	0x3a3fcc6a6ba86c2438b8543c79b78f0dd8b4b6c2f6f9312fad59ea4eee83745
random_0865	order	1855756738794	XRP-USD-PERP	BUY	LIMIT	69.352557908728754448	7.890006635						6935255790	789000663	0x7c8706a3cd79abe9d348894e0ef5fd53f6f2bd01e06aa1abf9f045e9881fab9	0x3dbf83520a5e671f0cfe18ac994cf4af3813268ed6d436a867847ef79f33503	0x714d307c9811cfc03440bae131d8af51841bcf9d35b11744a15f3fd59923426
random_0866	order	1714868347870	ETH-USD-PERP	BUY	MARKET	47.723729567684483							4772372956	0	0x366330d2b481a06d10c4cc1ee680b99c4ea3dae68b49d23de4b0af00aae04fa	0x29b1b20e0f150c87d8285f771a3a7b18da9f9b1f019d5886e554bd51000dc41	0x5a7bbe3104a7842243fd07aca891e3ea6db5b45ea5725a5cea3b48fef5443c8
random_0867	order	1837784636661	BTC-USD-PERP	BUY	MARKET	20.8289346958118253							2082893469	0	0x1f6d08b8d062ae403b49bc611b72f44f905baeb7bcb90fabbdf8bfc40e56591	0x3533b263e00abce0e816a8d7a423968bad8ab143ca05001a7b1a291bec4792c	0x44f7fd3d7a286334c9dc871e46736f573e8ac9cf85168a43a8835ceb86768e1
random_0868	order	1896602701238	SOL-USD-PERP	SELL	MARKET	357489.928886727353040275							35748992888672	0	0x56c87b2662ca528710d52268d37ab289b56a57e85ae8f2da119dd4941c83ea5	0x6d8fa3b2eade0fb5acccec340e5efad9ac97fe30a0fb5e694b01e8ed6c1eceb	0x46537f8f3c8b8b480aa9c530dc358b2e0bd3cfaa26586335a34ba5150de6faf
random_0869	modify	1803329976685	SOL-USD-PERP	BUY	LIMIT	83.81162284335536	19.99707694347064	174772462621014015365430096					8381162284	1999707694	0x6d98c9bf2fcfaad20fb02c16524ed1a29163e432457a65c4448341e56165441	0x6f9ee66d7c005c0dc96fc3d4029b87fcc6c8588a545569ad6d03f488750e7a2	0x2733da9608acb007cda3e11d2f9ca19f92b5945556478569c0ed4ca00e04023
random_0870	order	1731597676742	BTC-USD-PERP	SELL	MARKET	0.7463510228919299							74635102	0	0x7f9ce858c0ed6678e9ebbd86ab2694e54d225e0bc2a0e6cbaa90762cddfb3b6	0x19f30e5718aa1c0182d7683498bfb370d4d814e7ea04589feee90fb92efcf84	0x5083fba62fb9582d452471a73a885845ac8c75700210bcbb28798f963b921f7
random_0871	modify	1743918274099	DOGE-USD-PERP	SELL	LIMIT	0.520598634419963717	265665.6695681201967039	32869655906499504860					52059863	26566566956812	0x35fc28c5679a3dc1708ea91ff492efdde770115303845ca500aa9aba0d5ccae	0x14bfbf840cad2357648eebfe9ed800aaa5c6a8b12ba84520f6842a3bd9bdd35	0x2e64a72c75b6417f20a50d0b0f809c8f1a30c15c912316d55f9ed347a3d31c
random_0872	order	1770163166722	BTC-USD-PERP	BUY	LIMIT	263.373494440	820.084575894100101						26337349444	82008457589	0x94f974a46bb28c6c3ecd987020b1e84a6014ddeb1422f8a5c8d8bb655da3f8	0x22fadfcd42fa292b2c0fd468820ce697df90e6489c1f1bc7c2ef073b34a854d	0x575cf6a30d7ff5d3e7bb5a8fc5d490de0bd657a78ce315f455089d107b8bbbd
random_0873	modify	1875148807586	BTC-USD-PERP	BUY	LIMIT	2090.5094245973	391.93302548449	6957039210386649793903					209050942459	39193302548	0x1fd76d180f92f7bfbcb4b0d8bec04c1473bd6999f140e4ad06b58dfdc2b3c98	0x738ebe6883f60f75256829a0fc7bfcce613d108271da3a2f66ee925355b8561	0x2e466e6094114da8630e24b14cb703fe3bbfc6997cccce2da02236d88f1cf31
random_0874	order	1889442099804	DOGE-USD-PERP	SELL	MARKET	7.81559537285115							781559537	0	0x5df49a825e82271e1a2cb1f6b3bd65271dade5900d969f85077e98c8386d8c3	0x413ee87a1afb57d0959942472ea519acb16ed4c0bdea735f75c2ce787d3eb96	0x4a03cff5d22aa4d756f034c761c317979f18d974c7b66bbde7c80cef570b4da
random_0875	order	1896466366145	BTC-USD-PERP	BUY	LIMIT	0.317558362344915785	28.776780422						31755836	2877678042	0x6b0d579c369c2a3761ac9bc457554f45dedb975d7b43151781f00fbd4e5ed7c	0x239d6dc9bafa27806309a5f1e18e3f342f7eed90269828c2ffb2dce5fdd7f1a	0x6bf3a66963ed53597c8fbe275469a0b012dd1bc483c2ca57e8a22b5703249ee
random_0876	order	1802534127967	ETH-USD-PERP	SELL	LIMIT	9546.419827603707889691	43770.49323084420873						954641982760	4377049323084	0x1873006ceaebf40a1debcfdc5da28080e761230a161b97a5f10eeadc0704dc5	0x395383939c056cd08cf38a9bfd7588c19ef2c2aaf7f9f7d0a26caa67097e5d0	0x6c71f40f7867653c272e805b64e75ea9ec64438658c3aa52611a7f836332858
random_0877	order	1861800619427	DOGE-USD-PERP	SELL	LIMIT	0.3030741872731962	64271.06441556512						30307418	6427106441556	0x23dad417a66e21d03cfc8a4ba134660ec2aed79aec75745ef1a6640377f9267	0x7acf6b105a678400470c217a5783edd7dc2a8680f3892f2dc499594da7c95ae	0x634df9aa72b273bc9745e47efea4e20c825fb68cdf4ce4cd46f9f4dde80dcf5
random_0878	order	1899608073565	HYPE-USD-PERP	SELL	LIMIT	74.097252989817263699	79275.336838583						7409725298	7927533683858	0x20f7edb34fb5fae5346b1cf8cdd30c20c4a08f94bf6b147db5ffdd50c53a980	0x181905795507d892b8051923ccde84b58068a7c13da2c972cb580446585c16a	0x40adbc0cbe5fa51d5de5d8dc4f3ff11e2b20bdf0df23b554f4f0deca5745e50
random_0879	order	1720442096043	PAXG-USD-PERP	SELL	MARKET	0.725185794							72518579	0	0x1abfd19adf99995f76ca1ded30b25ee6cab3133153b7cceb0d8b278677247eb	0x49fc67c0470f902f3bae500350b9366676a8d2f2f5e87a96b3e0131c85003c	0x6b946beb4972da616b8d182c588e47bbd0cc8b0c473f9e20272eb085c006c43
random_0880	order	1888696873980	ETH-USD-PERP	SELL	MARKET	49495.8033483526475471							4949580334835	0	0x17dfe68ad92dd6174a873180d1061149a3f05a853889f2705709b80ed824aa9	0x1261c741de5cc2029ed78140742312e0423e2fca20e68449661b582b73ced42	0x20ffbbbb542269d98f88f3d386faead9d9ad0f147ef2c93c49a72ab07ff6c54
random_0881	order	1789523699000	SOL-USD-PERP	BUY	LIMIT	584291.175194366455	9.5282066211713						58429117519436	952820662	0x49e6c37f0a2d83ae1fa5cd1c7e6298ceac2debe4d17b0e8d63027f877edb62c	0x3658cb1f1b649296a0ef71187f35bab967894e294864c2bb4778d26009dc83f	0x6ed03e99a99e5d0c08f7c842622b6373b62e0ccda7b6ec23d0eaf1de509b3b0
random_0882	modify	1814850054942	kBONK-USD-PERP	SELL	LIMIT	51.0626789336	84.067126360134273	59440760913734120532669334249					5106267893	8406712636	0x526cb5c7e83bc7a9c47340f199d6fb48eb12d4a089c2890cdb2df8b025e2e66	0x15f116527a6397220f77f0d15f6f6c48084ac1e256fc92db315d2a7e5a01e0f	0x458af4299837212632abcc4c51b370743c2ca7eb81bcfb9895f87c7255fbcc7
random_0883	order	1888431416178	HYPE-USD-PERP	BUY	MARKET	9210.1431296863400							921014312968	0	0x405fe82d18ade73798fdd0dad1852a9bad381428fdf6f11c6d05acd85395484	0x354ae119407bddc1d4f4e39be6f976b795d9d5888d5d47158c2b0ed7b3c6025	0x2dd204a31a02ecd74127d6dcca242999dc77df22bd4e8b84e5971bdf30ebd95
random_0884	order	1829717091476	XRP-USD-PERP	BUY	MARKET	624.42802682425509548							62442802682	0	0x1e54caea839201b6cbfea69fe48d8e83a8c73f1305ee6eaa7ad8c4d523a4f43	0x4e14b9f3ee1111d7cc55a63b65096047600ab21103bc52d2c65768ebea4b527	0x422afe3ec826a7ed4d5eae8e7121f8ba0116e405229b35c88412990d52602e5
random_0885	order	1768021654514	BTC-USD-PERP	SELL	LIMIT	426.3732406557754	54.213280035796956						42637324065	5421328003	0x5e504ef6ac90976f5d3b8a97de50ea29e39dbd70698be046eee55d09cdc3f34	0x634c3ad8b5c330c230ea49033d08e98543a922d070750744f474404d4e9d385	0xb8122385ed31215683d48c1238792d7c8e201d6a9a0b63f34ac17a6afaed87
random_0886	order	1801942698838	ETH-USD-PERP	BUY	MARKET	445439.167938128662249							44543916793812	0	0x63e1676f4b83ca1163a6c5197f82baeae1a7c29034296bda7c93b70b0412bd	0x9b99f0300d742f914295204bae280fb3775502e7583bf20229297c14564679	0x26d42a7782f822b786bc0942aab9e4f70e8a99df9aea912a0a6d99c455f5453
random_0887	modify	1848270133713	ETH-USD-PERP	SELL	LIMIT	529.11590249930	32.83586979784	287916507983303324608					52911590249	3283586979	0x45052fad3c91726eca6ea27b6bf5fa7449b95b6a09253324d3aa6405589cebc	0x1c71941c15a0e68560db3150735c6de81a6972ecaeeef303144f0e4ff47fcca	0x64727fb38f5e80dbaffdaeb4618c02c0f690cafe3b83dcb7085ad194b0c3652
random_0888	order	1848519769478	SOL-USD-PERP	BUY	LIMIT	566.3302540256743263	416891.87047918460760811						56633025402	41689187047918	0x154317a986674a2dbf1e317e1acbde37bc6054c07e5da148e5037453c406a85	0x1a01e3aec7fd49aca2776d7b7442ffa7f0950825f0e185cb1dabe3857452160	0xa51ca1496be66ee79a07f933063fb0ce9c5b648a0b9a579f56456399c0374
random_0889	order	1784433959484	PAXG-USD-PERP	BUY	LIMIT	0.48292333364287824	5958162.19082640310						48292333	595816219082640	0x168e922b85308c07d6a9aedacc7fc94d573e356b5edac4a8bbdaea06d417660	0x7a35c054f26c059c4555e7736fcc0b32694eb0013e8cb0a2f5bc9a15a79f623	0x663e26b336de89d4f768fbe822406fff45851bc264ab92e8ae1e7439ea5c7f0
random_0890	order	1759834969425	SOL-USD-PERP	SELL	LIMIT	4815.3504421672	0.393997932						481535044216	39399793	0x9882f80ddd60062d57b8943d305db188474a5cffa2ab8316d71f0d9f2b84cd	0xa3efd654ee76e97d2ba6549d565612e7ec6fd88ade1271708d7d53c513d475	0x35ea50f7dbc3b1605427a88aa4a54303e13afafc5d739753bd0b0619862e10d
random_0891	order	1700410921025	HYPE-USD-PERP	SELL	LIMIT	459.3845241357943	8867.962505710757355249						45938452413	886796250571	0x719b186629656a9ca89afed0a61a53f1cfb1ef40899e75ccb2c90c221c0f35c	0x6a282a6178327831ee7bf602a6cfb20690a9c85be6751331feda79227f0bc8c	0x7f411dc9dd56d3718e0ff612e276abdd2edec5d50a8bc81467c7c059fb3e59a
random_0892	order	1763161868332	SOL-USD-PERP	SELL	LIMIT	0.303898656987	0.8695866221953984						30389865	86958662	0x2d84ee0656eece15c5a4c7f2a15d8dd8209bc7a378c1227921b6e9e066ab7dc	0x3eec131cf8d5c40acf26529c04083cb1b159dc366f0493c4885033672499f40	0x1002956284689e592a82ff6fff88757f7a55550e0ca674acefb9d4d726a7d64
random_0893	modify	1810627958478	HYPE-USD-PERP	BUY	LIMIT	782.19808397325	6991.824264159434	90507073630754091154437251					78219808397	699182426415	0x5cce624ffb1533aa506ad29d82aa8a4cd52c74487d44965e4768afb008ef47c	0x731d2d0d1d6f5617ba159b7cbbf8f3563f709da6178eaae9c008dab11d1c921	0x3732ee0ef3d8a3feb18134a3c07eb0ecef7e344b7d78a284f10fc20aebfc62c
random_0894	modify	1789699822843	XRP-USD-PERP	BUY	LIMIT	293357.968322890156592	766.32199458164	46491561514995334371332					29335796832289	76632199458	0xdc6e0326783301a8b06b79dadb0d8fb7eaae93298d472d5993eff4279ef82c	0x3801598d563eacd003bc375d3bf86f87a77805f739ac6a0c1fdc512f0787020	0x767639f716cab92db0009b2462641051a5a99f9c8b38841f7453e2fb43d9990
random_0895	order	1797006805429	BTC-USD-PERP	BUY	LIMIT	90644.9085186529953700	87348.332624924331						9064490851865	8734833262492	0x556691ca7f3c2ae84b3dc7c6e80ac98343b55950aad6f29ab63a11bd4b2252e	0x74cbf18bfd218fd4c2573c918b1b37f520bb3a3e82fb14b9c1e3eaf534c58a1	0x69640897d5f1161fa0e2de97d296a8b8eebc238093b4b5ab9d338f906ae7837
random_0896	modify	1894685188781	HYPE-USD-PERP	SELL	LIMIT	9267.222029251473	5597903.3078060342	942482320260720803844864850					926722202925	559790330780603	0x1a988fb69773971ef421500366d0647664e67443bdc44dbd8dc9b8645491c8b	0x5f876f4360c0afb133a01506389c97f9f4c160c21816b1aae88c90d0e19fd7e	0x398d6f5ee36e1c664f9f12b6957844a839607815553d292ef570061f1afd9f6
random_0897	order	1712604841509	ETH-USD-PERP	SELL	MARKET	0.23765829863083							23765829	0	0x310d9d60c4e341c6df9a06b640b3b1d30600580a5b699a7c9143c45d91c0f18	0x19f10d3583a09dbae46b36ae7fa1fd830ea80f08ea2de13d96e7d68ed9ef26e	0x5d55874ad9986e2b8d60864f986f501e4e3425c2507e38c7738531ad44785b0
random_0898	order	1846299457526	DOGE-USD-PERP	SELL	MARKET	4858.5999319087685							485859993190	0	0x356cc67a367778bdadb923c0cc70d5722635f836638f9dce9c3aaa41e10ee76	0x32e603e2097d0e7291284d0d7098eebab3cd51160f02a444238e4d2f07c8eb5	0x3056f0c8ceec09c9eeb018280679f96e268e95d0f5bc17c6eb023e4707073a1
random_0899	modify	1898251901461	XRP-USD-PERP	BUY	LIMIT	0.49530434060065718	814959.622634191801	438051282818370696334226					49530434	81495962263419	0x15f655319b4b120885c6499841faba8ec6cdb1297f040d25321e4b8fffa1835	0x46670fe9876f3bd2fc5080fb82b61b780ea73e3c31de0a27c7d4cb4619342b3	0x688bc0c485a29869936990fbc176c6e063c3f3e17333ced37507b5588f234e1
random_0900	modify	1712969903509	kBONK-USD-PERP	SELL	LIMIT	0.266298536809	2.31186216840	7654254880313227358673393391					26629853	231186216	0x55a10c1481b832cf845adfcd639b885284ad28d3b4c75f77c203cb792cba1f7	0x26805c14ab44274af6df8098bc24797827fc3a36b80b4427ef2b1b033729917	0x5fef38068e322f7a0cb31887d99f28e88503ea069565fdc6ec8519caf79deb2
random_0901	order	1819794142727	BTC-USD-PERP	BUY	LIMIT	40.1310980135	6117033.96979124776941						4013109801	611703396979124	0x29773ac0a3a142ac7bdf974a4d857ed7a94699fedbbb5633ff5cd14835dc76	0x1cc3ec43673c12ee6c49d7ea6259d3a72cadd4154ff396e65d033b26ee9c144	0xc818bda2f09308713d410ab6b9198655f2144d0be9cdc99edbfa71bf1fe3db
random_0902	order	1810615854335	SOL-USD-PERP	BUY	MARKET	742894.59895129223							74289459895129	0	0x10ba7d3ef3455c04b17432657d23255819f8e73bb8dee9535f18eda5a5782b6	0x2ba5a22a4c536cd3dadc1c5936d28635b77d21a424603e8347f7a1d525895bf	0x349c36ef8a2b08d806f96023b100218f49a068169f8cec116e51feb97c02a4
random_0903	order	1725276644217	DOGE-USD-PERP	BUY	MARKET	96611.5281647271285422							9661152816472	0	0x3d21cf5a7af8fc5f63646db010b580498acc3b551f15369c939d1d7f49c934f	0x1ba9f37cf18815b8189dd5d9a28d87b6f37d557e6754b6117646caf65c43d2	0x6facd919f67920ce33f9d31e237bbe82a4723d5ff0e46165c311d3cf47d4a37
random_0904	order	1848754449346	SOL-USD-PERP	SELL	LIMIT	0.911547992	86545.9997425224603						91154799	8654599974252	0xb8b289d7b10119cb2278e17e3df382a3b6e9e9ee16745ac1bb411d5d42c0ae	0x75b607d006f205e8eea5a9f00953f098b99da97935459aa9307569c6938a6f4	0x199f90d0452bbb8562fbb0871c086f0e98725e28ba44aac9fdca5ea9d61efc
random_0905	order	1756410174533	SOL-USD-PERP	BUY	MARKET	14800.38122669259929							1480038122669	0	0x5eecfbd42d6c7124439a08f333dcd9700d6a5e4b26804610eb381a6a946f438	0x7f99b19562136790a4ba58fda20c92ee6beefd42255b05058190d0f296c8abb	0x6a6bd0f70ebc3973ca7202db7c2fc683d5f21a2701dfddf7385d27b49caea21
random_0906	order	1805641195730	PAXG-USD-PERP	BUY	LIMIT	53.02206403645895425	7690355.0652270377						5302206403	769035506522703	0x50614051a64973eb74571a1980118d04c80a53e373d03913d6334a96b366bb5	0x1c8b6b38be1a4906e809d437f3680d3be76b182082032178c3b0a9db4393fcc	0x3f655bf44661d59f88ad3eb93dc9f08124be6034b03c2e19baaafc3397fab1f
random_0907	order	1781265101051	PAXG-USD-PERP	SELL	LIMIT	48.48872194787669811	6692537.1384397753821210						4848872194	669253713843977	0x4dbf88655605e636a401e2c7e06b63379f2e04dcc02a0a54cfed1b7a4307e92	0x4e960bdf00da9169090b83d169ca173d63f5fbe2b637209fd190a360bdc96a9	0x14c80efd3ba00494564c5f1ee8112b29a186fd7cdfce70d04aaf22c58f4321e
random_0908	order	1740588847121	PAXG-USD-PERP	BUY	MARKET	55.516674727227537							5551667472	0	0x3c0339498ef045ca42c97f65df8ec0c87a64cf138c82d7e305ea491c1070469	0x12870c9c0be5d36ee3de1bfbb944c5c6010b5df07c7a545b74347b6be2b6985	0x2f3e2099b552f2c9b42803b2f2a8013e807d4ed0449406638b8b6b9c10cdc24
random_0909	order	1771425028068	BTC-USD-PERP	BUY	LIMIT	0.6072858365379755	570.245132883						60728583	57024513288	0x6e79773cf40967c2dd60aa3b0b233a752a49c21ef9f8f77324ccda6c9f7eb1	0x706d5432f102578be8000bf35dd58b6e3a1ac568620b80f0b803a4a4c98e224	0x729c4148feb2f3cb5859f2c0a1ffd7b04370e6f3d036390e6fef39c3de438f7
random_0910	order	1746524469688	DOGE-USD-PERP	SELL	LIMIT	0.64997115204366363	289.95669177235768						64997115	28995669177	0x7b311669b8356efa81da62fc49ecd5fd7ad2c3ceb5f7a3b0f06e3a6142dd6b9	0x98583da83f0d160b8843bc54fddfd4be3f57f56de7cfa97a2ffe0786b7e4e2	0x2512cccc44bda213b228619934747bf196751318adcba06fbb1b51a5729fc93
random_0911	order	1751076807967	ETH-USD-PERP	BUY	LIMIT	8.658960292235452	5229792.8803007852903						865896029	522979288030078	0xebae57b7702d3ef2d977ed67c551b2ea65d1a54016725291e6d34465e38e0b	0x2475fc46d9438f0ad3552018bc64c0f13534bfbc7f6d6b47c5e211dbc04d60d	0x71c82d147f2b75b15833eae551bdb6561c4b4ca01925ca674c45a5caba3c16e
random_0912	order	1776220376444	DOGE-USD-PERP	SELL	LIMIT	177.3589613176877109	42.7639539480456682						17735896131	4276395394	0x78caa6b2070d29fd6ade6578bffde50c79a402815e6495cdf12de2de45f0283	0x4473aca975bb681fc026328e53e1fc57a305801c6d97e5a73309e56540914ba	0x3c866d62247a6ddf5663cd821ed65a9b5dd6f56c54f0ad205422d25ee826729
random_0913	order	1846926756838	kBONK-USD-PERP	BUY	MARKET	24.70862886431							2470862886	0	0x6c698ad735c741bd478eb040a5c0e1443543cd7b034dd7d0be8844c528036e1	0x39719ca5ad1a94602c716e812f3ee1d0b1b06c2535dd0a913b1df6b26ec5f06	0x5bf7fefd6f6b81cd69a33bdffc9aa70fdfe47ddf663113a473f1d5132692893
random_0914	order	1723249965029	kBONK-USD-PERP	SELL	MARKET	87487.351974746							8748735197474	0	0x71ae1b48d68205d7e899575102a4f89b2d6b92606c33cfc1b018491bf047666	0x3f3e2c11a1b47225e7949332ca71e100aea4f24bf00429dd82c65afbd16d79d	0x4b6856fc76d49d55452b24a7be5b824dcbcd9d753ae3ede1c5099938efe34b3
random_0915	order	1795197475946	PAXG-USD-PERP	BUY	MARKET	0.99511314045844							99511314	0	0x73551571f2c55921459f4a407c98d4df2413918b6880784a9bce4fbaf9246c	0x2193c96feffe47660598a261b9da893949bd93ebfbadeac40a241ef179b1a1b	0xfe6ac492f05d86dcf19e1355c6a2ffe10ed6ba6095e5ca337b015bb0ba4f8f
random_0916	order	1762033866853	ETH-USD-PERP	SELL	LIMIT	67777.3631264694274464	1789.592181503						6777736312646	178959218150	0x571ca36f78e45a59cbe5bc588eec0808e36f1bba4b723f7aaaf52b6e1214695	0x75329b90382569405900f582bb928b3cf2459860e8fd1c18eab9f7b81953225	0x63c69fb178d41b7d86a7ab1e375cde30fcce2d1ca2fd9fde3cd1f3b49ada894
random_0917	order	1772625275134	DOGE-USD-PERP	BUY	LIMIT	61.381686093	52419.351491068243232567						6138168609	5241935149106	0x2608df3122dc9ca95bd0032106d5af713fb6e5102cdfbbac90417661b3c3268	0x60a68da6c3792400a225058ca7f3d01e5359f6854c3fba79751147c8b13bd7c	0x7dad2a74fcac5b7480cbc37edf1546343aec002c0fc360dc1f37159af60805d
random_0918	modify	1885407549608	kBONK-USD-PERP	BUY	LIMIT	0.233602630	96.5544828441274	94413974241355404196610841					23360263	9655448284	0x18bb87c60f47ed71390d59639140cae448571fe4f5b76b91a767e9c26a8e507	0x11f8f1a376a3aefa035882513bdecf038dd742b2bb85764b3d10ddb51b4993c	0x1ec6617bb1ca71388e4f3b638174cafb1f281c3dfbf4f1410a992edd247c0bb
random_0919	order	1856505939100	DOGE-USD-PERP	SELL	LIMIT	423.435218495	47.2994470498003						42343521849	4729944704	0x123afa93702e4b8f0cbfdfd895623dc4ea612664a6490548ab45a0b5a2019a2	0x670694dc0232cd3c24d5ab7f03b63581f09aadc62888088fe3cf9dd9c404c66	0xcf220027ee2befe1ab042408e6fe9dea45cb28e864b1797fdd6e2df9697f99
random_0920	modify	1856829595818	DOGE-USD-PERP	SELL	LIMIT	128.026984594	0.295229628374	3551366947188864216638861127					12802698459	29522962	0x2f39ba25ed88ae348df6688efed9c6f5d20460c97fe35824b3313cb101c1920	0x7cf4cb51c5024e15059d54fe0d17f74abd3d6764322acaf0fb3f4340836f4cb	0x3f13b7367de16589f43a207fd5acf1326fd39e79b24669f4cfab4cc3c453303
random_0921	order	1705199783758	DOGE-USD-PERP	SELL	LIMIT	0.095631321301325997	869794.51370228942						9563132	86979451370228	0x7fe26a7074b9884ffd14f239d0cc2a5c38b7519d7e616a171e6276527e7722d	0x46efdd2daee86f434c607c4cbb0ff57ed7f49fc0186f623a5c5bde709afdd95	0x62d8bd7763b4aa3ad1d657773bbc24c1d760104c851da538f384717e2830dcd
random_0922	order	1842985364354	BTC-USD-PERP	BUY	LIMIT	952.352336000931250572	484513.0379373788911						95235233600	48451303793737	0x20d9f628090c40c7edd3b5b2d0c691e88578071239868574ec696827eadd6e7	0x16feb0d84cb6b5ff41acb4fbc977590b3a895ede13535432aa74f062004b367	0x3e71163b7eb617a6e691c72f119632ca87fb5ada51171ddbc3389dd9fac4d4e
random_0923	order	1736754137551	ETH-USD-PERP	BUY	LIMIT	667134.481017229098	14549.385963463530						66713448101722	1454938596346	0x51ee288805c542df9c0dbf5b9e73b9a15ed30239659fefc6dbc17db0f55b287	0x3059ef6083d0ce61a41271bd5e30c0f23ca0c8bc1f80ff507daca02c7d86f23	0x426da8efb12c9f91daddbf89bfec8c5e9972d0655d0998594e0249378c4798d
random_0924	order	1703435954097	SOL-USD-PERP	SELL	LIMIT	75.311811643182448583	4741486.4644032165881						7531181164	474148646440321	0x23313e7008b9191699568790ba2862c09a1b525b0cfe1a7ac9238455154c0b9	0x1efae4935f4381d60b9e9f0a0813689d83412a8d8ab1539e1f30680a4bd158	0x422fe53fb185fef782e6fa4f92ac68078af341249f7ccb2402ad39185a88fb7
random_0925	order	1848254267787	BTC-USD-PERP	BUY	LIMIT	0.10230102364913142	7044.54780697903711903						10230102	704454780697	0x288346c4ed85ed36cf4895eef206f4f439e6531785504c513506548e25ae3b7	0xc531c782897318bca905e74a023c8d6ab57a8ebc28d18acd41ecdab2288636	0x724a6e252ab82a9cdc883245b20647923a29b75dbb3330bc7bacf7b8bcac5b7
random_0926	order	1808374158271	kBONK-USD-PERP	SELL	LIMIT	2011.380378294	894428.528433572729958						201138037829	89442852843357	0x3a96a0636d9e5d9c0ff1043d8048e8a91580d59f53e4e453a7d5619e3912f84	0x2feec7fe55c736d4788423ab533ed5c78034744add6b897ec1ba5d6b3513049	0x6f60d45bdd03c2c0b3bb5ca7b1427c85920d36ea8ba6541d8e65a112f9ad1b9
random_0927	modify	1748233266349	kBONK-USD-PERP	SELL	LIMIT	1.71976891983778	937256.94963506649303	789271085833804880425620750					171976891	93725694963506	0x79b7a13ece912e4f0d04ecad9226920f84c94672efa308649aba8895e69a5f8	0x27ca7c408c56870878ed212ce48cd3062bddddf9b30f6968b6bc7e08ad0a8b7	0x5a25a8171764040c762493f47c0dbc5bef5ffee6041e96660cbc6450106c205
random_0928	order	1870364053243	BTC-USD-PERP	SELL	LIMIT	202.21187249469727	335.6672692234						20221187249	33566726922	0x32305c9bcc79ad6e9c3435339e2f12ee62cd5f8aea56128a56697b5e506a375	0x5ca8025372011d6a1debc47f853cb5421a260377280f5f964f0c1de456c48fe	0xdca3771a94f29e8cd71e0f2f6ec746273e28460781af40e85efff595431027
random_0929	order	1783804283996	kBONK-USD-PERP	BUY	LIMIT	69531.1486969809913951	6910570.4343606207744						6953114869698	691057043436062	0xe8676ed15a4cc5f6de4dcf694e7064126c821732f3edad81464424eee807c6	0x7c557e3dc3703595e499eba7b44d641f012fa5c07af7b13818106a288ba9ad	0xf727ba4edb6f2c3fca7d4cf750d2c2f181fbbf5fb76540595541c9823a7f4e
random_0930	order	1826370927242	XRP-USD-PERP	SELL	MARKET	50.16388859161102							5016388859	0	0x7171617484438aeefa05d3775d169316612f382f169ba581a2fad8a1421bfc0	0x20d520d89f83d9c74041039c25a62295846cd8d24d0d95001f1f3ad9bb19b61	0x139dd9198dfe3922e59eff6d8300e1d8aa0ff34ffc80e240f5f91e1b0883ad4
random_0931	order	1895766404011	HYPE-USD-PERP	SELL	LIMIT	29906.9410562881	3204037.19130765773						2990694105628	320403719130765	0x2752922af2d6bba3e25fe733682c572153e3bca3aa6ea94f8fb46e683d19781	0x2492c5c211e94dc5355b79ffd482f98ecda063b4baf91be5d34e16b60612576	0x746e629f99a5292f45c12a384dd24a4705845ff33b1f90d1ab1de165a2e28e0
random_0932	order	1851061406000	DOGE-USD-PERP	SELL	LIMIT	252785.76325204557558319	9220328.04096842018						25278576325204	922032804096842	0x2cac70a923a49238c77668c3be6705a66db72f53214bec3beed296ef11351a4	0xc1394cb46d9771c5fe3a2970cb0289afe91d9652808cf04a71eafa735ffec7	0x7b9f9c41a50548419bc94a96b3923896f8aa48b179417563b84cd26cb295665
random_0933	order	1805420875605	SOL-USD-PERP	SELL	LIMIT	9.86468287690	0.36238434090482						986468287	36238434	0x251272cded56349bcc0bc0d1a78e925e3fe3116a1bdd75209b73fdcc48e0c3a	0x6df6f919c5058ab1b6f65bb5e4ecccab9737166e863380d096b799123821727	0x55f2c945db5b87e42205da1f1783317d455b9dd98eeb4bb75d060997770bb55
random_0934	order	1712537983230	DOGE-USD-PERP	BUY	LIMIT	139830.0786798720953	826.680930799151394						13983007867987	82668093079	0x685f7fc6e6f0b666a6a560cb659d913320c6ed863062cbbb3b8040841b29b94	0x2a8c95d8a763414b90678ab8606c8b7a39a9c5d61d3b28fc27db8d999b5825d	0x49beea1a2f4dae6f721280776f3fcb89fae446d9377eb480cf2dafa8ff99705
random_0935	modify	1711238728900	BTC-USD-PERP	SELL	LIMIT	0.8652538470720934	0.44797392471190009	748133997877968832834573128					86525384	44797392	0x777bfa6647a70cba10fe1f9087ec7f9758cdec10667e559b795dd648f490f9a	0x2c976bdce6a812579f95741812738171fdaf728a2482bdfb9ce00ea8002127e	0x59aa1e10623d7be4f882ebe91a67d8c50fbbca2a289ba489172e2ee0dc3b34
random_0936	order	1831479834308	DOGE-USD-PERP	SELL	LIMIT	82.49290421595687003	7144626.536387071						8249290421	714462653638707	0x269ff4942b80797d302d9d1d9fb4e503a8d86bd9461ebb478e6a38394d38a48	0x97b1c474e4954a6d7be76b0a75f556816700d3007b01075911d1a7c9e0663a	0x2007ffbfe45d676743e5857b48d1ea9dfeac320facdb27b43518ccefc276c25
random_0937	order	1743800954065	XRP-USD-PERP	SELL	LIMIT	90717.72905758675	6.72739820977						9071772905758	672739820	0x1687798446215bcbfe14239bb0e182c9c37c6a11f1485d9f72286f39a56ff1e	0x5874d07d4e6c99cd967cf8412ab0ce19bf8d509752e8b17440444f14a76a90	0x1ae970c2237af687f62cbc4c0349c8f930bea090ee7a3acad5680001cc1cb7d
random_0938	order	1808455691132	HYPE-USD-PERP	SELL	LIMIT	77083.07155977899005	1.39442892618559290						7708307155977	139442892	0x673042a11cda32cac4eec64af19ca005af5950caf3a007a470aad38620c4dd4	0x380cc0ab99438015d0167a3f9a4239b9804cfa95edee51955bb643abaa89902	0x76a8de3b5ebe551e2d2d0aefa450cd0584888dd1e04c678fc1738b8f233b257
random_0939	order	1844516098682	SOL-USD-PERP	SELL	LIMIT	95.30737756528041662	490537.991175454004395						9530737756	49053799117545	0x77840ee4c760f15845ce23a7b731a66f6a3a9a3c9f39d5148b73b318105f5a2	0x64d3e775fe2c5030b9b699fa6fb74e67300ee116438a1308a8d4c028859a83f	0x60a88fce0656f90cf3c5fd1650aac984506a0e18e16629c1077e29ef32fba01
random_0940	modify	1744082006265	DOGE-USD-PERP	SELL	LIMIT	1.3247066086	0.63811909453900634	4410374386947149859680591198					132470660	63811909	0x658efee9dbc3af7723c5514eb2cf0996a5d0bf1e47b02bebcafc3f1a9cd5b62	0x143194534ee3c8d1f057a190a7536f300dfcb128cecd08bff65d81fe16a60b0	0x36cf6656a8701cc7f4b26f82f955d3d43905f1d30310a02029f403d9c559ce
random_0941	modify	1855937915408	DOGE-USD-PERP	BUY	LIMIT	9204.875920971	1923.170052086	6088013263105555040947					920487592097	192317005208	0x525e4aa0387470e326d8ed13d4dfb2d51e8dff2e8fa3e27bb3a129e57afa11	0x7f75e59a0b0200209651a70d0f51ab56896f5a4179aed322e1d378a17512ad0	0x740a878cb5a14e487ea1996408d894b10880e64342fe63023a6d344357465d4
random_0942	order	1703965401155	ETH-USD-PERP	BUY	MARKET	3.295615545799							329561554	0	0xea3843f1fa098b4a1ac833f1765bf7ed9cb1268d17216e4995508a5644592d	0x267b89c61681621a854479a30a4ccd22c66573dfba85c535b7a55220d6adecf	0x7bba2ba26bec80d0fb7e713e8bbeff7b853f66ad9e62d81c0a560b78243d069
random_0943	order	1808646014015	HYPE-USD-PERP	BUY	LIMIT	4788.430523227770	482.29919897509154880						478843052322	48229919897	0x5bd58917c0d80d53cfdf42063d5fc844a83b4ec0b2e38d7cef1df4c9882430c	0x6b1934eb529d54dd9821d1492b531222ebe8e4029807bf9db10d1d15dce5f53	0x62525a458bab25f6b1b42df0f2147d62ea7815b589a8dc8d4e9cfd0dec03438
random_0944	order	1865217730877	DOGE-USD-PERP	SELL	LIMIT	77.1765297439	69806.1807149392937959						7717652974	6980618071493	0x1390cf48d0386b93228894461a13ef1f1ec06d8eb609a5050391b8228946ff6	0xd14871e5287a5a51ec421ba2c14e4c99024c36a4d8c95cc552fd94e9e207b9	0xef21913330a474846e81e1d883ceebb6c7cb4ae19c820faec06c3d3d8b47eb
random_0945	order	1773775968527	XRP-USD-PERP	SELL	MARKET	44.9015800124							4490158001	0	0x7a11f30948781eda5ebcaa19a61634d29403f1195f5bf512d43d8b52c716e68	0x60d5f067a5a8ad0601202971d9ea971a30286e1bf6e66a970d08be6da057b55	0x13da5b75071e6c41e7e29d09985c2511f92dff232cb413e7c009f5fe9f42907
random_0946	order	1736824420243	DOGE-USD-PERP	SELL	MARKET	397.320810043624091978							39732081004	0	0x1ac7062a0cc4b9f43276f89069241dcb87f523cb73330876dd97305655651bc	0x10921172c6694fa98dba321d6c5dd783919937af3bc4d8729eae7cd3b2eac34	0x1fe8173979cc57e409190d208f99e01ef67159b06ef0ebd30d89fe2b4864ef0
random_0947	order	1700481543392	XRP-USD-PERP	SELL	LIMIT	4.1782634622262	2595.122658834979						417826346	259512265883	0x3ea9696cc75d45b47acdcb6fb482be35837f3141ace5c9cdef71cfeff2406a3	0xa3d2c2ea8fc17291aabb9a830a7e257b02099d541888d0c9dfeaffd2276677	0x4d0b9ca42d8637f54f6b101074dd45803fd3974d2df15cd80d8b96a0f5d6d2c
random_0948	modify	1786885120807	XRP-USD-PERP	SELL	LIMIT	5.72278348811	0.6709903307169352	51559534695421035627					572278348	67099033	0x11a6448958f3888d6e177b07bab3f7600b80486e9fca077017aeef35080d579	0x42a967eed360d0241e2122143595e7782df046a45dc8076dd50e40fe33e9c5c	0x5f7252dfeae82ced3f48d4f6311657c41a6c87695b899fb4c8baadcf2656063
random_0949	order	1793605524081	HYPE-USD-PERP	SELL	LIMIT	7697.812630548	17.70167182604						769781263054	1770167182	0xf188fb084d71f5cba95b047d98a50dffa37e198fe3806979638f13afe52330	0x2f347b5fdce8538bd731316388f9067e61a3e24901aa3428088cd27b840d9ce	0x4cee0b7c298d95c6f6075e9592b963c87977a2ed10e740fc9a34441b029d1ef
random_0950	order	1809397620911	SOL-USD-PERP	SELL	LIMIT	4.92020316911	734.703974225515841164						492020316	73470397422	0x54df62c078c9b14eecf02c5d9e532186c02b6b6090f89aa93bb7a033f76e263	0x463913d2d3ffdbbaaec9334ab6d6aeb95c4162183e9e17fca4a9afd76dad35f	0x7751799101bf81bd441c3b2236a3038299f1a7577bca87d1d83318a57310384
random_0951	order	1860397025015	kBONK-USD-PERP	BUY	LIMIT	5.721141974134	9490339.654469974972						572114197	949033965446997	0x5e88b2af438016a31704d18b96c977c20d6232846eefde6ed24e107c563baa4	0x3dc7e9b423be9eca428ecccfed0a9b6ab99933f9efc30aa4ef57cfa409178f8	0x25d752b9f950fc37c9acdc21f37d50d903412a2b0dee45b4dcedd4a0680b6ba
random_0952	order	1851303314307	BTC-USD-PERP	BUY	LIMIT	743.2249870820	0.145043738157661073						74322498708	14504373	0x7ba64f684e1f4dae15d17f28fb3e86d4b9da4befdc865d7dc0ddc0dcc182fac	0x5f88a6ff295452ec6cd11268c1a3a6e224cc2c0455eda2f6005934072bf3fbd	0x3026d2911bcba86c5cb101b8d4c99dc3ebea64015b8bbc4650ead9e6dca4191
random_0953	order	1775945807356	XRP-USD-PERP	SELL	LIMIT	8.6814198293756378	8678887.7903492671						868141982	867888779034926	0x21b60d3f020a968c06a8adf0818408aaed5439787d4493bfa1280caca2b2d8e	0x455ce5840489f6606f3269a84fa7e13e3e385a1f41f31951e69d5eee1e82768	0x1cbb68844f7c0b5bcae17fe514d95ea5c87d1d28516934281addb136b61b321
random_0954	modify	1828788935178	PAXG-USD-PERP	SELL	LIMIT	90880.1940702316	1259511.39791536388	3590529205605964232689070972					9088019407023	125951139791536	0xa0617aefc0f184a50a31b4f794a7644de8e814e448719961deeb8db0236d1	0x62602338829bc90a23b7cd519f99b54c9794cef7b73d8e3034649941fff2b52	0x449c4cf0b31fc2322fef997df5eca4768d8927e5feda65daaec7e2b69f57707
random_0955	modify	1701954269871	HYPE-USD-PERP	SELL	LIMIT	490077.887549565	0.72049899463	675316546632578791405885477					49007788754956	72049899	0x5956377fef68e94f4ea24b5cbdff289de5f92017ca4926204a12ab23bdf89fb	0x4344fd234e50c50ab9adb7a764999368e6b0eba247fd2ddb5d840f030672e50	0x28de454a63db83feec51107314da0e2ab658549ee78cfe30a1584e65c3144d4
random_0956	modify	1851090841758	kBONK-USD-PERP	SELL	LIMIT	1.30436558787377955	90.8048411598	817395072049639661423					130436558	9080484115	0x56c93967f5723b1ac35ec7072fa55b071c32d4e563ef188b74820439abf7b1b	0x6111d4d8e73157d7423c55beb0debcd9c2392a2a5cd816a34b849d33b5067a	0x6a83ccfe2b086f4032c66476aad0130b39488cb60a423a1cf7bd7c2f4502ab2
random_0957	order	1857837195917	DOGE-USD-PERP	SELL	LIMIT	920156.6816215930277	67038.877021465867						92015668162159	6703887702146	0x764df91f60fbbd90021d6cb789f6f8bbbbbdea13b13a42a872b63eafdf56f48	0x34035107bfb06854ce7fdeae861c1a93477d230ea021ff675edc5a4f8360a9e	0x53840a6e3a3aac8aaa88608875cd157afbd364e4532f731c37d2666b6b1bf4
random_0958	order	1830577260671	PAXG-USD-PERP	BUY	MARKET	516.93007447171536							51693007447	0	0x217c8f74b4659b3a43afe59fe17c6badea0665e894547ee6b02931277689e4d	0x2c579bb9896c19c0989d04a6e4ed6ef36ddca0e4c99d6415baa6f9d47cd93e8	0x4f1a51d36e23173559499616bb83ca7ca40be8165e748425de233f65908cb74
random_0959	order	1715359293489	kBONK-USD-PERP	BUY	LIMIT	68424.47473841411025396	2.4192046485						6842447473841	241920464	0x28f9903d81d6556767b780a46f6d95e3543675ce10ec65a6a914256447ee62c	0x4c125c90bdbeab2ebe560de03051a61fce7aeaee12059c1e5993323d6964ab1	0x410e690080a66dbb959e1e45f5b5acd9637c7a7f1e0ae56c9759485a572e113
random_0960	order	1749222537630	BTC-USD-PERP	BUY	LIMIT	921.6717487267794115	28236.773143322844056406						92167174872	2823677314332	0x2027b650304b114929cec09160c238a8c4380b64f39dd4a55e2c3e60d9eca73	0x4f9373dee2c04cdf5da77fc642a4d2b63b043415d7bc42802d33a17f80250be	0x450f7c28077c9e42e30e40ca3dc54904d05de212c5c8f8f31d74047f02f1db8
random_0961	modify	1863290273672	BTC-USD-PERP	SELL	LIMIT	453404.4919614040074986	817707.3448769622101	9034904154921167369696695306					45340449196140	81770734487696	0x64302092b1a77de90173d423dd819fd28b8251f8b1c5a8f73f82fa340f1b7cb	0x2adcfac2b07670a592c8af7832a875eb8a7347c5a4c3ac228d4b0c342781d21	0x5740ccc7721e5ddd113abe0dd4108eea820f453919120d553ac41f8dda36991
random_0962	order	1782084296908	kBONK-USD-PERP	BUY	LIMIT	0.96365288247	865.9259851083						96365288	86592598510	0x2c3ce35c4cffa17af6fab293386e4f843cbd25459b74fd17d9be8ff9326c5a7	0x4ac82f2f02a22db645586b49d5f4fe8e8e3607fd8a66f4db31e634b2f9e1166	0x7d16b0e1b146d21dae846f2ee86881d44b909f14ad0dbb9303f37c43ab39a6d
random_0963	modify	1736837767262	kBONK-USD-PERP	SELL	LIMIT	0.4323921971806	440.396388525893	197331012545109841730					43239219	44039638852	0x16d3ab8441955db7dd1394e0166d3fc6f7ac5bfb43167d46842f56c787103ef	0x24e34e35fe2f36b4b597cc1ff05fb13fdb411cc9b77a6fb52f4e106197a3b80	0x4b791566ee35e49d7cc031e19f090c1d02b4142db5464d59b9b4fab70b605b0
random_0964	order	1726299078151	PAXG-USD-PERP	SELL	LIMIT	14376.4388055020	5096556.2339991073						1437643880550	509655623399910	0x43cd2e33f9fdeb508723114bd7f41fab2384c6cd76f8040bc3942a68ebbdee1	0x79160b843d7dca0e93e1fa152abde858ddb1c9cabbc563cf296e3d0031027c0	0xd9cbc6409c11425dba20c38a9561144cb7a84e6e32e9e0addc1ac62203fcd5
random_0965	modify	1742673274960	SOL-USD-PERP	SELL	LIMIT	345.476694963111264	9357420.791946087	712928842132293048252873					34547669496	935742079194608	0x360e92f852c8c573cdfe4100af0d19219c8a4fd4f12051d8d7bebb1382f8cd2	0x13a8272616e2ead97cecdf7938867e3a5c64346872476f5d5a37bf2f6ea3f20	0x2464211e23c9485973c436284676183b6dbc32ad583c54c327b29e868a6300
random_0966	order	1862983886462	kBONK-USD-PERP	SELL	LIMIT	5.706132324731882392	3.7370136405						570613232	373701364	0x623bc360be4226bdbdc0d99161ef0d90f8d075ac7db5c4a57ee63c996a6384	0x760dee71ae036a7a6750006e4644cdfabcac295d6d0cb205bcdac6e100ddf96	0x721f92cec57ae0a980fd39035290cea0a7ae0e4634d8b4e678effdad1cfb7
random_0967	order	1837209246276	DOGE-USD-PERP	SELL	LIMIT	6599.074594000862268300	0.585723398819						659907459400	58572339	0x71498ca5f908ae219cae46fca23c1d4e5569612f4b9e2a0f69fa4f0280654f9	0x1743acb0f1edb1c69a3b1fe7c68db7df53b41f5a4f192fff4881c1eccb93792	0x5dcbb698f0f7ce862fdf0de87ad0c50b320ee92586e050b8670504dbc793f3e
random_0968	order	1721552153158	PAXG-USD-PERP	SELL	LIMIT	71021.736878232829	4.7160936529						7102173687823	471609365	0x76069f1ab5935cf38d96c9c1b6632455471a673f3c0f590f5bfee69ceb5604f	0x77aec371b012bfa5f968719bbbaa2c9837b4e6437d2c9936b7cec0a7be864ff	0x5bf2ee5cd35337b6e02d6e22274816c016a5e8c29257ce03a482acc1b376c2d
random_0969	order	1833545155049	ETH-USD-PERP	SELL	LIMIT	5.4574113355566100	9017018.898518618323						545741133	901701889851861	0x6f9b1bebc4ac7d5dd4df39fa2bfe870cc8f672a4e88cea4d86291244b1a2148	0x89993fe3f2c71bd3bd24a0a2ccd1deb1db50d9396ada81874e30fcff24c501	0x2654d37055851b98f83c3812f95faadc0c2e58240a21720993a0282540e5f60
random_0970	order	1870775512803	SOL-USD-PERP	BUY	MARKET	7.3458998030							734589980	0	0x50662eb19e1a2d334f49fcf93f419bc897e8877ed6cf416101cb56f007af9d5	0x27e6abdb161551bc0e7d564ec879387e7c9517b675017fc195c8f125ae0b076	0x3470585f5e2e5d7f86c5ef0d7b42d74a2b04b797c03f3a435af34bdc0e608a5
random_0971	modify	1851645441341	DOGE-USD-PERP	SELL	LIMIT	0.14008354254473	0.803296789	7888807550896471085887826096					14008354	80329678	0x161a8d6040a0563861edf0fb5ca24c95db37aa30fdf0df5c2f9c41be0188640	0xa19cbccbd18acd30d05593f818906caac71ae31d871564abff67025db21a99	0x23a0967c084c2dff7c8401cb472be9170889a6052b4c550a1aefb6a8ff189ae
random_0972	modify	1867319508355	BTC-USD-PERP	BUY	LIMIT	55200.45687753533139653	80.366573910720	570933875353457207017246232					5520045687753	8036657391	0x69bf718e5ff2f507debb13069d131079e5fbb6707ac9a28d546749cbd3d4e99	0x587e71e1262a20677ddec193a29eaa91bc648140e05f3b185355fbf74d267ef	0x41be15ad08217b5a4d8a7aa35029861da2221e7f0df9f01da29d038dba5052b
random_0973	order	1827012047187	DOGE-USD-PERP	SELL	LIMIT	76024.931167156625	0.3364466964158						7602493116715	33644669	0x6f7c710596515a77064ae56d340a36a548213861d5a752eb1076804402f3e42	0xe0e97f600493da50a63c1f25b2695b29dd508ddcd7a7e64d648e0ef61d2dca	0x50ea0517653e33be1d325e39f439841f56cf8bbe694b7b5d88e7f101323ddb2
random_0974	modify	1756152001504	kBONK-USD-PERP	BUY	LIMIT	88.9258517697915	43.0307891843274805	6913786387075096085934					8892585176	4303078918	0x106eb04c7126a0b7334132cce3c3a7d24ccd6e5e4a6a2d5bff1e35ff8d92362	0x1bd5bc453af23d6e27d79b0d301c4041409b6e2b99515c1e4d213a1dc00188e	0x760ec20b64e84b91a03aed2d4afa142302b4cefc48c04d5a1ffbae893a3d729
random_0975	order	1894086187741	ETH-USD-PERP	SELL	LIMIT	0.990340323	542265.30500667757						99034032	54226530500667	0x40b6c22efc33c399ccacdd2ca390feefaf6d351aa67c7ba7ea8eff84d26e5ea	0x3b119a4d614b81b52aa8541a948e21e5081e1c8c4cf882edaacf9a5fef733a6	0x2cb3838bd423100fe2db434c8343265efd69c43108382c3abde4da4ba819d5a
random_0976	order	1803937966770	HYPE-USD-PERP	SELL	LIMIT	1707.781479099861559	5989.5657739014						170778147909	598956577390	0x305e154f7f68e448025174e1c3213f07d14b1d95a145a3053930e1097a0e0d	0x4b089a50cb7b56e5ce9c1154cd4c62f1a112fd5a0f03da238bb7ee941b0a1ba	0x544c8ebcbcc9648e7e1660a8f835fe60fc8686d9c8747b8762805341804fe86
random_0977	modify	1811672620961	kBONK-USD-PERP	BUY	LIMIT	416.7406790368	26463.3291552230953	2304431172716995230192					41674067903	2646332915522	0xec882a5c5b340323b72a4b5c479619ebe892851d696a6db8bcbb97057a70e7	0x49c5af3b55b75487e2f63889b0580bea80992d107e2bcce5d645c00449111d9	0x45215fc37098240c4062ae8ce4616ace8865a235385c4c9c16f610406c43bc8
random_0978	order	1814643157832	XRP-USD-PERP	BUY	LIMIT	899.751307606	0.968362946982649						89975130760	96836294	0x51fd4f6cba2166253fb70fa19f559f62f8bd5eb575d06b05238438f87fcd45d	0x12639bc1c00e22c4feb13e486b945c03f8b2936ebd70166e439ed157d652554	0x8dd63057116505f23851e8dcf29719886df36dc07d6624eadf81dceba5ba80
random_0979	order	1760795828597	PAXG-USD-PERP	BUY	LIMIT	0.79539771624	41721.544556699587552515						79539771	4172154455669	0x27ad7ce38a71aeba8231b6fca1938753d69563275ffa6f08f4b71a73f821484	0x57a495b040beab273c0f6b43f8785ae9e81aef22c534b59d6687d8ab86c3fc9	0x34804e9e5d705a69676c6ff9e8c1f8c4e9c308a314cfb35d223fbb1d5d6b73a
random_0980	order	1784039002818	XRP-USD-PERP	SELL	LIMIT	0.951184047	75037.22074131781457972						95118404	7503722074131	0x484be5214c4db1f17ab0bd866c33a02a92e47368b2ded967fe44047ab905f18	0x4aa5ab379bc904b079813273fb973099f5bfddc4ab95f4475899df3b92e4f2	0x75b94157ceadc72582a7b95858c237020935a6ddc786302f34caa364ccc5add
random_0981	order	1820994465862	SOL-USD-PERP	BUY	LIMIT	11.74877190228795701	580257.471355806677209536						1174877190	58025747135580	0x166fc01c63e4102c9628e3aefa3a0960a635657d6733f026e46eb33c5a1792f	0x44651a0b09635bf69d86e6701aa262d6567d1184a5bcc16a0493b00fee5bb0a	0x174550d6e83363408bab659a819af335b37997bf5f5bd82970c5d4690d19d46
random_0982	order	1838106908042	DOGE-USD-PERP	SELL	LIMIT	309.801685893914351606	98154.806406158786981						30980168589	9815480640615	0x2567b1976087bd081675f87f2ac993003644f32b93a715a0b19a900313d1cce	0x5b1bbd34d78f137f7234d8eeb38dd81f80af9d2467954a0bdc2aa9144ebffa8	0x1cccd1d87f1ea555b0642c3d7cf29e33b19ea34e2de033d597b23dffbcddfa7
random_0983	order	1760706204263	kBONK-USD-PERP	BUY	LIMIT	31870.25810708549131218	357.09305336579820						3187025810708	35709305336	0x2fc4382f8b72231b21ed7311169cd0af69ffe3905446ffe15397e25a3dc3f01	0x1b99b52bcb85bba6ae7dd827c9cec014d9e4d976196a1f50211d3979d4b96d9	0x72be34cde052d4066d24eddc02a23873da3366085508c367b19f1a69fa712ff
random_0984	modify	1798483739676	HYPE-USD-PERP	SELL	LIMIT	0.4540222762	76.777077084	892698957899926377319					45402227	7677707708	0x71804a69035d190e72439d87b96b072be35b3da93157562729a2484d08eca72	0x2bd1eaa388e91e91511a74d29206d8f880d1daf1ec9a93e2425296d77c380	0x30af465c867617d91cc80d1f83cd9b27ed6144120bce2e36c232ad777c75ec5
random_0985	order	1770444487327	SOL-USD-PERP	BUY	LIMIT	941927.427208322	9.888844995085						94192742720832	988884499	0x2a11aabb926d40040bb8917c0606efe6964205a8d473b19d1e6e3e5905ecae5	0x58ee9fbd54d09f2a3e15c7411b5884202f44f9b7166411f67b6b475ffcddc75	0x33b959328dfd6e963f175902076cb3666fdf25aa7b104f0ab97ddede67c460d
random_0986	order	1853337659457	kBONK-USD-PERP	BUY	MARKET	735514.5317865673463648							73551453178656	0	0x4591f1c8b2a9c16b5fc63cf3ee5b6cfb517fc3b6374d2a0eb87e20537611400	0x70e523f2d037d2cde99660f5ebe661710fb6563f8cf862c339f1aeb1c4df169	0x3f59cd798cc6e560873083475a13625b18342b1854c248d289cd6cadeaccf25
random_0987	modify	1790557292678	BTC-USD-PERP	SELL	LIMIT	374069.949076742990	2.50040780938	950257424621482857444					37406994907674	250040780	0x3ad57bad8f5269f439fa2f4addde2ad312ad0f2108998a4830cdeda5a119b93	0x764d443b6eceab29e7782bfb9592d73d63566f7ea14773cae023ebbdb917348	0x293c27139fb1a7e8d138bfa20d3b8870b9f81d70d26c3a5ba632c5f142d1e52
random_0988	order	1888140374982	DOGE-USD-PERP	BUY	LIMIT	0.2956321380	3877.6079843784174648						29563213	387760798437	0x2027bc622781e280addce67dd9c8c5676f5289a705eb5e065195d0e79dc0a33	0x3c52001e85ac8a6886bad4dea34d0f6f88bc2b375be211bad5882c4a0c6160	0x1a8698e781216d9fb17648c3259777ebe6baa5815819fd393c80090edce1431
random_0989	modify	1851229254089	DOGE-USD-PERP	SELL	LIMIT	7992.4945348942	5.348455938616514	9705349645310965947157606835					799249453489	534845593	0x1888b22a0f120d5ccc3f32d45595b5ddb279c606ff85e8039b6c5c2af74762f	0x277635c919e59cca581dfcd54e8a613e4425b890ca0f403931d8e70c132f48e	0x2c6a94ec34199575377be2227861ff49bfc24f46cce461f2c083916b0a22a3c
random_0990	order	1864964539672	BTC-USD-PERP	BUY	LIMIT	9.72255852065	4534070.422223255930						972255852	453407042222325	0x489f424c21e181d56635bd58e814f353b700538e9757b494ec8c3e2905e833d	0x7247369a1098b338da5aeada07b3a65fa0f835311b9e772b5025c5aaeb036e5	0x6e70d1ca1aae7e074f8149bbea6b4131dc20cca54d72a3b1f20c67f8b2728e4
random_0991	order	1707205754129	SOL-USD-PERP	BUY	MARKET	11.8106723429							1181067234	0	0x4b144eef4d3bf990ab9beaf18c9770c854bd502c62d95e3f15987ad69d259e3	0x93fa74a7cecd1f6b8db040ffe98c4190504ba42e4ae128dabc24419f0412f3	0x4815906e8a8742da5255d3e3d205b5a7675efe8fd1362acf1291eeb800613c8
random_0992	order	1844422464904	DOGE-USD-PERP	SELL	LIMIT	20089.8435933604286912	0.3456248606292						2008984359336	34562486	0x3791fc1df6a528e0ac30afa237af3954d52ece894a4728e370281ca585012d9	0x35123f945b8f2a2472ad29e617710532871565abd9aefc9424d9a911f764c5e	0x1d296a48679e412e219a50258d0d08560005c865426d9f4aace84d865986e8
random_0993	modify	1882021871586	kBONK-USD-PERP	BUY	LIMIT	3798.021909055508858201	8527876.095998664680	5760719016512388919534605376					379802190905	852787609599866	0x6199cfba502d5f5deb22b3d521eabbf4df0cdd2aa5b738b29bbf4fe2227f1ed	0x2b9585d968fa267d2f5b464ec8ab5af1b3a1bf6b41edbdcfae214f71a1dd417	0x4d291a051efc025506a3d6ec330a3f636472d6e4131906df9fe4b2e97117b66
random_0994	order	1819120745759	XRP-USD-PERP	SELL	MARKET	0.5974182376760570							59741823	0	0x6c4637e23f55b3855a6edd58d97639db444d8be0f17410a99d34c8db21968f4	0xb0f5ed02b3fccaaa2e47cc28eb32ea6c3b91550218a08f3ec66c676ec80fb2	0x52e7a340fdfcd177ee8aa66fda829a266766f72b7edf11e52f3d37054a15d8e
random_0995	order	1769661639013	ETH-USD-PERP	SELL	LIMIT	0.7868824226	9986.699412257387761						78688242	998669941225	0x3d51d657c25df08eedce280a61631033c36dd6f6847223d4a7e755750594195	0x2cd7bfd6c04a43f3229f5772072b816d10432ec5567d33b5f5749868ef3a021	0x3dda16ad07e8fef6cbe51ee51779d11d1c6522d568ab7876535d8e635154d62
random_0996	order	1802723826312	HYPE-USD-PERP	BUY	LIMIT	2.622207872460	3634943.242145755626038						262220787	363494324214575	0x6a5315b50de27029832603749915f5243322b2ef58d212f94d54d0f031567a4	0x4bb89c48ea1f8bb839facdb36171d2089718e5f9486fa2b8c9606d639874d13	0x7478231f5151b36c88c02e2b70ba9d8fcf131a06a44d728c75a01493a8896b3
random_0997	order	1739353326368	XRP-USD-PERP	BUY	LIMIT	132839.706116490995	0.404149377238						13283970611649	40414937	0x5f0612f56da4a9ef5d8813e45c1b58299dda7b28c07adb1fdf6ff3b87141cc0	0x1cdadb2909d34c704ecbd7e1c89a60092630284d87d23375305f50d5210c184	0x735ef9a83a174928f213e9f5a1f8818cd539f7ca52e69c3a4f1dcb3dc475c2a
random_0998	order	1776946535421	XRP-USD-PERP	BUY	LIMIT	4209.80515734398237	0.77766913389914512						420980515734	77766913	0x66676fd39f26551c4d019622f58865a6f29ba09d585c546cc5365d95d0f0503	0x4515c3a8d6e11babc067d2b5a0768b1424ea5b6807b65661da1810809811014	0xd039dc0b8a402ded7c137729145cf3c182ce9001cb0686fd9e8369db82760d
random_0999	order	1708838579144	ETH-USD-PERP	BUY	LIMIT	364.1528982270	851.8781904111834927						36415289822	85187819041	0x14c87b087e6f9caa865dd754a6f916906d9ae56df224bfdeb056eee96de9f18	0x2b69d2d5bdc878b07a3cefc22a62ccc069225466b71475d963bbdf921a674d4	0x2148e8863ddf914b11c389b7415ee7d8ca6c539479ff05668f24afd51455460
random_1000	order	1726581814680	XRP-USD-PERP	SELL	MARKET	34.175681636413083							3417568163	0	0x6961ce55be7561d97189094ea30721f01ed8e9a05094b5c787626c6383fb1a7	0x68ef8676d3b88f8ba279da8a016d1737811f52a5ef1f79f7e08199c94344eb8	0x36aa0d25de5d74a7d71285c063d36820947496dd459e858e1b9f47a6317b200
random_1001	order	1824031502822	SOL-USD-PERP	BUY	MARKET	525798.963734536696794772							52579896373453	0	0x412a6783151921af909df0b383e08cd58dd3394dd6bfb8f825a7bcd52ba397b	0x25ec764bdd0703350e61c8f34f3ba8b7ba447a64cbf030ab67f014677a01342	0x3a23a0cdb08da966a646079f25108764d355d04668d40e59c32f9f458c5a1a3
random_1002	modify	1739627539972	HYPE-USD-PERP	SELL	LIMIT	9.8064412319638941	557.383506952	76156760093503248065					980644123	55738350695	0x59050feca4b0f0d4d0e0b30856c4b235a477819e782e3e27ab443e3e1d7d046	0x4e18738f16624fe6016c77a733566d69f977eeaa629a3e31af5556cea91766d	0x1dc5d5067a270f9d9b7222b6b4494c5f2584fc22af08646d126d0892795b6ad
random_1003	modify	1860908538364	PAXG-USD-PERP	BUY	LIMIT	5529.081332740	4136889.3189764705919478	93210513100666557537907					552908133274	413688931897647	0x4250f422fd6461e1883964aa46a151836117ee76e5ff9e5a344c7418059ecac	0x5dab6e99df551e58106bf026c3b67a49b7a561aa6ca4fa614c62d46f3528b2e	0xf21e7b77510ec47e367f5782647f8ce6f32b5116f521aafb3b37fa9219660
random_1004	order	1805513882451	PAXG-USD-PERP	SELL	LIMIT	0.35909125937	0.9494420005						35909125	94944200	0xf40403a9e60def3a40cbb73622415049a4cb6d5e16f1096cfdf5acb011d74e	0x5091d881c5a7d36d35fa32f0113f74d7eeea081e0af551be15dcf756983ac48	0x6d64edf892fe17ddef911e1aa0621272f0f1f3bdae26fc6ddbed80d93bfa1cc
random_1005	order	1839949195211	XRP-USD-PERP	SELL	MARKET	69964.6589533202							6996465895332	0	0x455bb384b00fc53b3dcc9c56f59e571c0f8a6b25c7ab1e4144f50d45889302	0xe269af1dc5f5e50ca3a34403fa994d0981233bdb9e92b563386f8de2b35c1	0x202c5c4912adb411d4dfaed86e9de6e710506338a725c8ee116ca14cd9aa6a2
random_1006	order	1833588459982	HYPE-USD-PERP	SELL	LIMIT	0.39697080893	815.03372118363750						39697080	81503372118	0xf24b56db68bd72314d5672e7b7cc7744dc7f0bd9a54a49ef5a770d67fd432a	0x70c6f971c8a32f78971e94e37690a77fc4740d0879676a9d01af6bbd6ee4dac	0x6909dd479a478fe373fffc7008d00296d469d53451d4fc720ac75a6a94f9fce
random_1007	order	1779969724342	XRP-USD-PERP	SELL	LIMIT	0.483199305983255	91.569099088427122169						48319930	9156909908	0x330bb7c59fc89b5b5f41919464d92046eac6b81bd13db92fea52ad4c2ffc984	0x16563e0150114a820c91faea7ac59fe91b6218d438ac61b6bb51fbbefa41fb9	0x64037173760174d71fcb911756a13064fa5aac9a945a6af555d4d702ff643e6
random_1008	order	1757454163799	kBONK-USD-PERP	BUY	LIMIT	772.842679113753	860.37200145666						77284267911	86037200145	0x6aa5b038ea8411e1bffce5b6fb0c0cc7b828a2e361348b0b5153e431824ee0b	0x4e3fd4c952c167ee4eb51ba4c51a889fe6b145e822b0276f3ff409a2a9b4527	0xe4306803c87b900374cc565afea3c27cb466ba41a722ec1a8d4c231c23acbe
random_1009	order	1828215203023	PAXG-USD-PERP	BUY	MARKET	0.901596097							90159609	0	0x47b63e2d41ab1fd26230ea28fa9012a72b17465fdac7a0bd27eb96a9aec645b	0x6c1e33d35b7066da78b5aade8633df3a4a111af4e95ae77a13c7896c4cf1146	0x7f559f0238a11d3793d5311f7094fcc94859c2a50cf25b1572d1af71c60b08c
random_1010	order	1709794915994	HYPE-USD-PERP	BUY	LIMIT	18524.1558930996	2599.18758712099654936						1852415589309	259918758712	0xb09d021089beb898c599d619aa605a32e8e755278f6cbeeb035d93d45471d3	0x35f3f53fd53d69fd46acd850a2f048348e6c7fedab2061ad793a4166a3e188d	0xd22394215a9228018d3cd6f3876d81792d64e84770d40b3cb2e1f9f63be16d
random_1011	order	1860415684100	XRP-USD-PERP	SELL	LIMIT	9184.3213701797	0.120281989747529386						918432137017	12028198	0x34159cb3375ba2dcfd8f8a286940b1bae72b531759b52e9052a8bffe99e72b1	0x52fb3f0f05b959888de5c846f9899b096cabd4fc028b50e3c253f3e4a2852a1	0x4deb4384d27f28713d18281511e8212f990e69624b1fbde637364806605967d
random_1012	order	1758709653518	SOL-USD-PERP	BUY	LIMIT	829.7188434518092834	899537.15431896262825446						82971884345	89953715431896	0x4642d9ac4b2d057f54f2f7c032684d336f438ab36b1a0fff45c47376a7fc94c	0x5def472fdaa7034dfd3ae34a51307dd9c44dec9c71fe74319b45aa83166da2b	0x7778d226e05b302c8141d040003a164e5101b80a03a04a01b53c914fa33a998
random_1013	order	1720124746356	SOL-USD-PERP	SELL	LIMIT	169.5690462027702473	28859.253587913024						16956904620	2885925358791	0xe43590222a78d61d50e3fb0aaf00404374ec5d662c9e1561ecc576bce228ca	0x722b2619778585d0165fd47ce8d185a502eaa0c7c3062d4701c054728563d83	0x4d1e8989a0357188740d58046da0978059a1eabfd98a1e0c06a1094c030e518
random_1014	order	1770734367156	XRP-USD-PERP	SELL	LIMIT	195818.664360546428	622251.676577430509						19581866436054	62225167657743	0x15f39b77d08d08f90326e9fbd66842e69592f66b6f065d6ea58eb84fc8ddf75	0x1934de584b1bf263ad5b9e88d23e774c81e08ee651919be2a20211d7de4d0f9	0x6974681ffb1ece5f05683d4eb2edf03b1758c69276b772a78eec6334c58a589
random_1015	order	1723350610778	PAXG-USD-PERP	BUY	LIMIT	59.21145046099629	2.81557590862342107						5921145046	281557590	0x60592b10b4f9610e570117da96fd6f26e2af10d3e9ff739d23ec6b8cbad720	0x44b67f3963664ee824d1cf43205c341cc6da8a0455e5b0db34c837aa5aceaed	0x65ba5608329ccb191b72f3a0652a00d9f37fc096352e6e99e4a9d1c82f7f49e
random_1016	order	1794261361606	ETH-USD-PERP	BUY	MARKET	3869.007439818929							386900743981	0	0x17661aa01af7f7d40168a4a5f5e2a3eb19eb056afda14a4b29a53f09688525a	0x545e2a63c9834588f89446d39696e3b31c3e5b312a0a994d864422cf0eb8820	0x616262eeec84a0e002d41a171ea0d89096e5ce1eb712b9caafadbb005ff9be7
random_1017	order	1713468463878	SOL-USD-PERP	SELL	LIMIT	45195.593744714248781677	5387065.001142717						4519559374471	538706500114271	0x29920b16e5f5987ce50656013d2f579894f7ace3a5dd6f14af3136c6dd8f93	0x3917500375c2663fa2a891cd28099bf7f741f6b62786414e1524d79ed3db8b3	0x661b40e3e1801dd9d705794f23e9913b82f8231030b07840b1a8d80e444e6c1
random_1018	modify	1752042471961	PAXG-USD-PERP	BUY	LIMIT	2.330315595383188	0.300725586179	62419942300511914989985543537					233031559	30072558	0x74af20de6ebe0601b97b0afd55706e7d30968fcb14253c4f57525533f5f9e9d	0x21f8ef1acaa7ac754007d1728c25373736bf587de9ac7500f1eccb05a81d92d	0x79b86fe669504be3bde641845c971379854ef9af915df5e927aa7e76b259a13
random_1019	order	1875382415247	ETH-USD-PERP	BUY	LIMIT	65707.68669666597969900	0.249302983756718196						6570768669666	24930298	0x2be30412996d705ddebf7a477c213c3d7d8e87f176fb7bd50ebf10b8f2229cb	0x2429ed56973356dcdccdae50d34f8df841acafe075d11e12d69ecd3fa6e1e23	0x70d8d624b0b884306be71f1d35214b7b9069a213186cff4e7eef5e723cec057
random_1020	order	1757897790706	SOL-USD-PERP	BUY	MARKET	437.150838148							43715083814	0	0x42c9a3451598245c89bd0e979057ea37c20bfaf18bdfcda03cbf4a31197765	0x61ff1cfa59e1b3ee008cd808c466aafe7b7fdabd9bfe96d048ab30cd6eb9b51	0x7b0e1e1f25bd824fa03f27e8e52cfc8477ee4900a74b5208028b7e299547f60
random_1021	order	1762392382890	BTC-USD-PERP	BUY	MARKET	23910.1683117925364							2391016831179	0	0x7a799f6eaa4de7c7bd43715a5e339ef9761f6504575f1f31ebaf7743178c642	0x5b148fd5e172df2cf6d2bb8f11ce422fdb68e832910e482b128b8f214681ded	0x332723687a5aae13457385ecca078a4f7c438b75944a3f7a1660a1423ed0bd2
random_1022	order	1759167479620	ETH-USD-PERP	SELL	LIMIT	0.2134957832390673	0.53477133798						21349578	53477133	0x335315b7e02360d705b798f9821258566872a8b4c1eb7a5f5c4e40e02e8ff0d	0xf25dbafd0bb6632a73af2f7d1f6eb0c47a7521928e61af191e195d8c297efe	0x66a0aa2800cf8be3ff7454a61b74c5ef3e9eefcaade135401e1f1e15a45663f
random_1023	order	1762029802818	PAXG-USD-PERP	BUY	LIMIT	77.2121346786	9961877.2847571816428951						7721213467	996187728475718	0x183cb58b6537cd6ff4b131790f70f4622bcf2169dc21941f505f971e555c78e	0x24ceadfb381a759f41e44e7c40afc2f31dee072137689f0a20f3caac0e6efa	0x76c7435ad557b9be91662c488e3c7562a242a4a1ac576f387cc23eb11812678
random_1024	order	1798050855655	HYPE-USD-PERP	SELL	LIMIT	9310.522164818269898	3275894.539825633398822						931052216481	327589453982563	0x71e92ca46871f9c0f0910038ae5c338038b7fd31a3b749ea1ae7bdaa5e6c8b9	0x5d109c33dc5faa6860ebc8b848e8e1dfcef6044f7767c8606c3c4b88c3de9b7	0x61bafe892db4d0208fbcad650fdf10a25aa398724258e01f6ab3bacb46914f5
random_1025	order	1756459570931	PAXG-USD-PERP	SELL	MARKET	0.085684822301402							8568482	0	0x51f5b18d3484eb385c23f82918b291f13274bbf0057fd12bfd51fc2acce8550	0x47425593af1840ee5cacd6212c3b6f781257f296046a3ce264b0021e13cb918	0x68f8edffd946dcacb1c0154d0296f73c18f4d42e4595ead2c29b20722f949b2
random_1026	order	1744084331152	ETH-USD-PERP	SELL	LIMIT	6.85997692595961088	5566286.060542089501						685997692	556628606054208	0x78718b2bac98a85b80b88e1552cac5f475463cb03e91cab3f6a2507015145db	0x1b44504b577b6853805f20f92025f61788f052cf7a52c8f851890465d19c6da	0x3f7fd520c1f739c2578044b2c09c597d6a42279457e6677b5011d01724f4876
random_1027	modify	1875260619755	SOL-USD-PERP	SELL	LIMIT	58.781830439	44.9395468484	7381430675690762409687612					5878183043	4493954684	0x19439accfa58c9ade23a86c4a26bf41a7c50b0210a3378ddc6e7a6f53cfd0c2	0x74e416c695adb63599b169533968e9bcebf734728a7ebe21c150c4d34e46c92	0x27e403b42d08b17fafc5e504a30f445946a2af3750dddb11a304b61d7481ba5
random_1028	order	1873781403231	XRP-USD-PERP	SELL	MARKET	386740.830119866							38674083011986	0	0x53060cac88ab8d4a8fe1535347be5783c2fcbdcc3ea6e1cebde5b96e0b9e436	0x31fb190e60f8783a8944058cef030d3f4c97b7191d75a96be2a48a7ee14ef00	0x645304ad1506bb66f05467e7fe949aeb1a4bb8efbff9b23946bb7619deb9d8f
random_1029	order	1833680527437	PAXG-USD-PERP	BUY	MARKET	1.261462202461595700							126146220	0	0x69dcbdfde364bd8e808e7afcfb1adcd1fc326a1b6a6c629290e0b30c53002a3	0x7a7ff03450c9d24b606306ad0d67adbaef3fb4ca220793b8a4177fd82aa3913	0x735c129280d5570124a1acd56d0be5e10566a24eaf510536d61203b0b3cd44
random_1030	order	1704441043566	PAXG-USD-PERP	BUY	LIMIT	0.417080417	5535204.23412141223						41708041	553520423412141	0x4088101deda754b00d6542bd30cf90c6a826d4ec6bc3edff7617bb57609d58a	0x36aaa1948ce01cc09363e2b30de4105e2d8d55a62116674821f2b405f1a5425	0x754347859b87be63cf5006a52f39fb5b93cc0f4c7f63d88e470f998dafae0e3
random_1031	order	1898166650460	DOGE-USD-PERP	SELL	LIMIT	52.51455676372302	47.48221074946						5251455676	4748221074	0x60b538f7855d0560968d870c751b8049d3b47787e14ee0b374d742c2966dd6c	0x4a91691492c7e0fc8a6fe57e9e853f6a359ab4663644b329facc67913d4e382	0x16c07518bd4a91895eb686b5c48734f7286eb6efe2371915c16946ee18b87bf
random_1032	order	1772497205492	HYPE-USD-PERP	SELL	MARKET	0.4176258636							41762586	0	0x5021f69bd2bf8e9a374768c4de56076ed71306adb014738800659441cb5a29d	0x5eba6c813b6ddcc430ef775df011c47d3bae13465368412e42465f756aef48e	0x6a763d394d85eb54b8e3213f33312725b30f40a8424a1e7ac923460c03aa582
random_1033	modify	1810351891730	XRP-USD-PERP	BUY	LIMIT	371175.34510695880988193	0.617810507	773763467445837947043410991					37117534510695	61781050	0x13665c850484ef34e3d7dcf60256a4712fd0df9a46576cd38401b7d001808d6	0x1939e9c982fd2e0aca4c9d88f7f0bf24227d0dfe30bb62f88c839ecb294c630	0x7bbdaaaef440f533acc6620f3cb9c473a3a68bb42f657f63e62ab963d3e8e84
random_1034	order	1731981211521	SOL-USD-PERP	BUY	MARKET	9.022347913179570782							902234791	0	0x5fc9d5d340e3ebae18d419462d362c9dad99a807637b202e9b3ad05715780ac	0x6e90b5a4ce6b3a2c77623f9341b44b9b847650c37ae30788cae3d67d93fbc7e	0x2949f7d895f9d20c16b6ff944e528ab36e456c9508f14e8af69160643a9175d
random_1035	order	1875249910703	ETH-USD-PERP	SELL	LIMIT	38507.25161161230497	91510.833982731982077						3850725161161	9151083398273	0x7508c571b6f17161ea74c18f583ee1d9e6db0dfef1f0d31aaa324aa0c824e48	0x19fae10b45f11fdbeb00979939fcadabf9ce5444b6d46b7e950f3f9f304a4cc	0x4d4b4473025997b2df4b4e68a103a94b6a3fd611d29c6545356d29fb2d6e7
random_1036	order	1722873502941	XRP-USD-PERP	SELL	LIMIT	0.414881527	6.269478260552						41488152	626947826	0x274dfd1f657417f0681c3f27325d303521edc3d7029b582af154694d425b0a5	0x72295e60f3677d814b1399f577b2ea6eb82db72aad1f1590139e8edf3d8faa6	0x2cfd6dad2587fe029a38418d19156d0d7de44e7d41b47c8380ecab24a232bd3
random_1037	modify	1830476143198	ETH-USD-PERP	SELL	LIMIT	565538.47168302013461	57887.67469615921	50767992579251001126401594459					56553847168302	5788767469615	0x151bbe7d4690475771511dc2e0087fe20407b96888fb35d06546cc2408c8457	0x1bd817f74a506b098f82e7d091343d451ad2ac5624247bf6af5bae7c4708ff9	0xdbea6a7f7091558b9fc0886d12523673451221a9b592536de5988f611c2f5f
random_1038	order	1867631884491	XRP-USD-PERP	BUY	LIMIT	79.5175878828	0.41474235131						7951758788	41474235	0x657f84f530e4ac70f6a39d72a1bf311e5cac701a9241591b6a38394751b5623	0x416bda88124f082f23ae19494611393ca461090f40f5415a4b2cb82caf120df	0x1bf37a45098a5d6295fe6a2301a2f6e663965265c55f2c5770ca04b07c0b4af
random_1039	order	1760784131322	PAXG-USD-PERP	BUY	LIMIT	808771.540960590	9.332676588344366645						80877154096059	933267658	0x6fa739f4e360bddc8e21f4419ed933f6fedb7ef02ef06d8f8f31516e70e0a52	0x71d14d71e03580c1271b04b06bfc7b0e3f582174b2187689b51b7fc0c804ca4	0x41143b30e5ea2e9d2c61a3c9c54bedaab8c749bdc61ad7f4954480965bb9735
random_1040	order	1890885892053	ETH-USD-PERP	SELL	LIMIT	0.23890720985306356	4266127.661767146539230						23890720	426612766176714	0x4a949a764c8452dd8bccd1d740403ddfd77c123436d27a336e57b96f9d10655	0x2d5f7c1dc2e30806c103c8a7af22d0e08d13927f641637756c825ee0749bdf9	0x4a99151af0d99cbad873f60f34df149153837f0914218d61958ec2325caaf2e
random_1041	order	1749187636635	SOL-USD-PERP	SELL	LIMIT	0.353612021	292478.6490663626						35361202	29247864906636	0x5963d83f1e8e58d9f4a874eb62a43eaf9a2c446c20614f1cdb55d4931705092	0x7b6c168c8b4c30451ebaebb8124246ac9eb1ce276b2790f036adf90fe68885a	0x5411bd6f364ae471d19b16f4e517b04fcac3913fd865d14fc78dc07f74e6fc8
random_1042	modify	1837924486178	ETH-USD-PERP	SELL	LIMIT	516.55152193626	0.9380661459	4207956879304621948623334911					51655152193	93806614	0x28ca867cc4047d49af6dc0e9f5dd7be2fb8cc95e6e6d5642f759d3b25e761bd	0x2bfb84b7dc4d4e6b951939324ff3a0918669c727579a83a526cabe8eb8f1aa1	0x625257fcda57857988dc6784b91f10882c1272c0dd1c69da8df68d9a90fd785
random_1043	order	1822231274548	PAXG-USD-PERP	BUY	LIMIT	88.286296695410820390	73414.1149947308459037						8828629669	7341411499473	0x9ebb1dbe1959f7cd5d6d9b4568903fdf76197f11aa39f89d49dd38cad5ca94	0x3ab6e701a77f0b0e1b13f3abf767bfe66c35ea67c79d8ef556d22620a902617	0x1d38c49384ba75799582e5c0cc225449da6849156ba35389f92c4a1b2fed105
random_1044	order	1754141536039	XRP-USD-PERP	SELL	LIMIT	54545.870230793473	3840.6040123383374937						5454587023079	384060401233	0x764398c1c24d5089f788fd3f588b356ea6aff979887f6fe1dcce29444a7d6fd	0x1106987656f1e73660216eb17750ccb09fdc20f8f243240ced26ae3fc8fadf9	0x32d9eb11fee34751e135428789a65e5dd042b538fe98a64abac41f9bc70457c
random_1045	order	1799906588586	ETH-USD-PERP	BUY	LIMIT	8651.1243528453095113	838762.6220438288361						865112435284	83876262204382	0x64c3f40b921eb4db0009fb2a8a3aa801721af57149825a5d842bd546165d401	0x3eb44740142bed924bd36e96c0bed1126bfbecb6d39bf01b4d6027318e445df	0x3b70daf192b21570669a07a1bdeb35c3a0dc7551283abc973e75219e4fd42a9
random_1046	order	1866116848686	DOGE-USD-PERP	BUY	MARKET	0.468712904618							46871290	0	0xadbf16e5024e721e89e76539417c061b28fd9062542395d609b5a4d92e0b12	0x1a21265095848f0606c9320f66a198035196508637c98462c6609e9b9dd1598	0xed313a611093bc6033edcb6e7ea051a1acb919dc73266ddfce26c41813fde
random_1047	order	1851142463405	PAXG-USD-PERP	BUY	MARKET	0.4829253694770288							48292536	0	0x328ecbf8ed91b2d9ad065c713ad52e000c96ebadc68e102e651dccf1502a021	0x29f649b1695aa47e6883b795e1af5a09db93b2badd9e62ecf0e9cef40c7e6ec	0xaf19b647e0c9a09765811214a0e72712046327636512a5f0ecb4319c0ea41b
random_1048	order	1838284385319	PAXG-USD-PERP	BUY	LIMIT	1236.135305296	51958.05530920551870						123613530529	5195805530920	0x7d52bbc47a26c7e821d01fd960c885fd93530f24b012e183da5135902c3cd14	0x22312ea01d705a20aa2df7c804a2cf9c0012becb1d8a781df17c0a1d86e0a72	0x5cfe9566196761cabba42c19f3ae621fcdeedb02afa7a9f7bd0e880a787a5ef
random_1049	order	1720145913721	HYPE-USD-PERP	SELL	LIMIT	568936.153794130	693.952861388906525						56893615379413	69395286138	0x7843d904e9a99f3b2fdbd3401e5022ae94fbf5ec4632a9c035e60e1550666b5	0x361d34455ed2533c867e8d2a15bb2e8c591a33449bf0d1b8caeb6edfab100ec	0x6dc692e975292c44958f385a68aecd45515dfdef4f2dc8ae3d379de59461577
random_1050	order	1842936280230	XRP-USD-PERP	SELL	LIMIT	0.1584814759486	42.5973117568365308						15848147	4259731175	0x18cbbc751ec2746975463343630a877d3b2a496143751224ffe410a9c91b19e	0x72ac0f558a0d663eb735d64a1f91ab98e41fda022c375e805cc5a5bd3e65d2d	0x36d1e1e64c1c7a8623ff891366d79f0988582b162f8e6b7197218e90ca9d44b
random_1051	order	1777857252422	HYPE-USD-PERP	BUY	MARKET	387.625950555531497656							38762595055	0	0x32e177897d43851d2da594371bad0ed9e10a4dff8185aff6809346a38c688c2	0x6f19c410ba5442a022a60971130525e0f9c840ad8180803e5d4065997a11b53	0x223ac5798f96b27bc6791ee504dbc992c1eeaea6cd1ef1edfc19ec1ccaa27a4
random_1052	modify	1729162902696	DOGE-USD-PERP	BUY	LIMIT	77.8377814515	13.890949252590266459	3624294690964499102276733507					7783778145	1389094925	0x6317d033decd1e2e95b430d1d9e5afc1425f9462e6a09eba53ba796ea08248c	0x47aadf4221c7392e86a467986fc578acdab1310edea3882fd3d6a9d17b411e1	0x54ef793934b6d6d5a3d8e783d243e46607dea5f1d228cc9fb49d0da0c5debb2
random_1053	order	1786004907913	HYPE-USD-PERP	BUY	MARKET	977.301771637979494955							97730177163	0	0x2dc84e7292008454379225122e08095500f257f92c0591ea31eb8db26ff12f9	0x8a4995528834ec5029fcfe8255db98fde07ae00327244f80d68f5a77e6501e	0x7ca98a902a03d4c5832a093db5a6fcb2befb4c45ea0437513aea86a4440bd8c
random_1054	modify	1782419702277	HYPE-USD-PERP	SELL	LIMIT	12857.981524728222331600	9443.69329611153374	4801281979331446931846125991					1285798152472	944369329611	0x55a5145a20dad861e61b0ddaf6763de071d08ae8102ee0800248caf4c41a0a4	0x188164bb8bef4264753c7809f03d360b418e344955cbd52be6f183cdf06adcd	0x3210fb5cbbc08a01947507b01335b3aa755aa52f6057a39021363ff3019af65
random_1055	modify	1718509495106	PAXG-USD-PERP	BUY	LIMIT	384442.497155369542242	6.54822485146	650210644408765143389772320					38444249715536	654822485	0x68bf0669af4348dab664749b7b48976d5518276a6ecbfedf9f1b68c9e473282	0x6db25cd38ad6647b03e1696ec47a850b7ef7de1cf295bc4c5cc8111aeaed827	0x6e855e20bb55cc29725518ce8d404b6c18d32a135906a47a8ecef16487bd184
random_1056	modify	1796079662561	XRP-USD-PERP	BUY	LIMIT	772804.50816336988697502	22.988848443321782	4856065887646741119834760					77280450816336	2298884844	0x45fbf5ce920a364c916324b4beffede7e02b53f6fa2e5980343787d764cc243	0x14f4cc26cad686e4fc159877304f5712e4eb6102a22fc6fa8ff3c9ff3581877	0x572f89b390b4e2a0cff7100255929a357821f5dd3e40db1b6878e3b4cdb89b2
random_1057	modify	1886544004846	PAXG-USD-PERP	SELL	LIMIT	3908.40709785611751	3188574.836114718202	64402354620062665767					390840709785	318857483611471	0x10be4784aec2b32dbc30de9f7075bcb740de0104334e03bb29fcc224c62971c	0x4c7851cdc7c280013025c042c6ba6037d37f374859979b42b91274da1205cca	0x6857fd97a575b8835b6695e9b2cea1b9c0cc3f7fe67010601fb2119f2f46559
random_1058	order	1750721026274	XRP-USD-PERP	SELL	LIMIT	314.514554250929976	874072.80451127791						31451455425	87407280451127	0x2a45c911cd6956520001ad542058c4f73cf12b617f7538a1dd613a69a07f0b2	0x4a268c68f2728fe06692ca1b592a35f74049a5ba88505cc748db3a487c192af	0x7f2ef65c258f7505676f4b79da6d8e58f7e707020fead764029815e0c448e6e
random_1059	order	1773056745921	HYPE-USD-PERP	BUY	MARKET	9.26452531640606							926452531	0	0x3d92c4ecc900ba95649411082d5ddf6897263f0d9ade18864707bedbdb7aa25	0x39253a4cb2bdedb5bfa835aeaa0a1cc3fa19e72f31768b3f454a2b204c341d2	0x21ade284aee8ca5dacf8f7632a26d68967c50df8e24e1dec7190c632ed8941
random_1060	order	1891416471727	XRP-USD-PERP	SELL	LIMIT	99.370784778	5406.839816806861						9937078477	540683981680	0x79adefcdc90c0072b8faa99829e4b35a4a2946147a7899ec15942b01ffea467	0x5c13efd2b3514b2651f279839d63c5ce753249b5ce91a077ef4f736d58fbd62	0x628ab04b81eeb71f5e03bad7d7f1327e78ecc992a11031bd1f07246dab28f3d
random_1061	order	1711283959083	DOGE-USD-PERP	BUY	LIMIT	86832.3915464028	0.14457832978019635						8683239154640	14457832	0x7a55ca316defabd8499655bbf6df12b6c1e54577ca77a741867e1da9d1c404d	0x5375a4f4cb577a51a7f3781d9fbe0331b92b2a7b80a5fa7217391679f695c38	0x170da50945c42d55911b9cc2c3ddc3536024b677519090722629c2205b20fa2
random_1062	modify	1813671536920	DOGE-USD-PERP	SELL	LIMIT	0.81092646387007	0.502539161189	9887742840493341337526983					81092646	50253916	0x5000eb68d4731761d209a4408389d3b5f23072ce1717cadba92a702ee7f59f3	0x17826ebb626dab6a0ff2ea46864b03f33fefee78d88168e6f387513e38ce8c5	0x28b11c7f903020d8a228d371b5968ab620574c3bd35c1f01e1b0d21ec879f77
random_1063	order	1710967768601	ETH-USD-PERP	SELL	LIMIT	62.0437215163526	3051148.2673075365597						6204372151	305114826730753	0x62e17423bc2c54e432c8808166a9bed3c369eb17010a4e1a3513e7a9be0235a	0x52a1e1987013ef17f5df3ae192b1454ce255443ea5e76565018453513098dc4	0x48e598c4a81682684cd6ad6054cbcafc7420b8bd0feedfe26370053ae682208
random_1064	order	1833054399625	kBONK-USD-PERP	SELL	MARKET	0.99438746678354							99438746	0	0x60e6186b269cddf02fd4ee02108c26969f45c631ac116052cc1e475f701fad9	0x7b5062164f17e167925aa43bbe410414a09d5620bb3d753969c927a115b653f	0x546079d5359cca0e5a688d48a357411948456b8f5ee1d52650e1e9f08368558
random_1065	order	1879924336762	DOGE-USD-PERP	BUY	LIMIT	388995.2314384232	186.97004359359028						38899523143842	18697004359	0x32c2d59737032f76f6f07d11d6474134065123ceefe190e79d3354709d885d5	0x662cf30fd36b98ef21c46b5e456c74450d1d932e006538c652d00200227c577	0x231896aa338df821a583c46c2c1c1d6e1784accfe6443d1249af705a5458190
random_1066	order	1829488356242	kBONK-USD-PERP	BUY	LIMIT	434.508278865089279	2905387.0831496779669350						43450827886	290538708314967	0x73089480947ddc9c56ca51dd9a86d0ba9182d1d83d0b11b6798f0ce5140eb47	0x7c40a8866361c69c1027d7dac1ac84b3e1e2bb61ca8b0d5ab8e4dfe3b8c710e	0xe31ebccc748f965d40dfebbca63bc7df8d9a6f1d2c5aebd8b3d47a5b787787
random_1067	order	1789204426294	DOGE-USD-PERP	BUY	LIMIT	4.93786902461881345	59.5598817754918416						493786902	5955988177	0x7ef156b636e97205995a992d3d905f54a3851ab09a6776d3fb622bdfe5e6c5f	0x43b2cfa9fafb4177ccc427543f79f6f654fc2466bce893839ed3a846adfea54	0x110d670c024088943497e064869305336ac412458065eafcd109bfd16702ac6
random_1068	order	1812339967112	SOL-USD-PERP	BUY	LIMIT	8683.34549582843	2542849.339744763241154						868334549582	254284933974476	0x760a7a03af37659c0766fd17f8367735e436c8bb061c9421cb1dba316ec68b5	0x2c717c37ed50ed530faba1856726e23f6bdcdb0e2d6f68dc5ab5ed089db6533	0x86dbda3397c493398e007fa04827702aa7020f568495af22858d7f93334c27
random_1069	order	1897640852128	DOGE-USD-PERP	BUY	LIMIT	0.74966728373678817	3752542.076701202						74966728	375254207670120	0x7dbc7d8e9f8d044209dc5bb104e2e2c244d9a70645e112942ce3990de9265dc	0x6ed3bee45140d1b9b8a0c66ab944eb4eb6f3d5544a5733a191d20f44c408420	0x4cbd574ac4015ff23b1ac9fb0c0b3f523b7c327b102d96207955f42d3eb3786
random_1070	modify	1775779741443	XRP-USD-PERP	SELL	LIMIT	84286.991340090520016370	838468.97332834523	121484716478317633024983519					8428699134009	83846897332834	0x1fa3aab28a0218f6de7ee71cc4e4490859ce55ba37fb9c789922043cf0683f6	0x27fea04088c62124ea22bd4a54bcbac243a341d4c95e928af1ef44b855340a	0x2e7ba6a954341a55338a83542f3ee392d7557894736fafb8ac48145b628765a
random_1071	order	1796912231382	HYPE-USD-PERP	SELL	LIMIT	7.31031662414085	0.6902759802160459						731031662	69027598	0x14ce375f92277d67e706525bcce53f3a561c3561bd791eecd89e47138769497	0x7d7db09994143ed70390dc292df108636bcde4cd9aed18cc02bc78129b135c1	0x6c280576fbd9833cebe0dc23f0c66223479a8feda8a88d1e3138f960f39db2a
random_1072	modify	1757571936686	BTC-USD-PERP	SELL	LIMIT	326171.031915609258	4009654.21530499613611722	672037407392941350492					32617103191560	400965421530499	0xd13960a391dd65f3c9d88682e84c67ba4fad3f6310534c608ddc06329a8ec8	0x1a8478967728a43d70977bbf1fcec53e62fc60939ee9bb5fa494a572d5e007d	0x19b6ed41824fa7d00223fd68d5d2608a343e03b858de1e0a9804a49496e31f7
random_1073	order	1853404819906	PAXG-USD-PERP	SELL	LIMIT	0.6904759935003289	581.456856052088						69047599	58145685605	0x6459d5942cc35d7779298a3f24a3538570b645d8dc8fbae9ca65e6fd16bd2c4	0x4cd5233e1ab60476a483ae9aabde26a0d3b04602c7db65d5b6775d71c2eb950	0x63ded0a72e0251f9d3cc3b80fc0072ec194b0dd4afc457160fdd793ab8e0078
random_1074	order	1716198997846	DOGE-USD-PERP	SELL	LIMIT	5413.2108372194	8112558.2666302457282						541321083721	811255826663024	0xcf3e8bf6c97eb0fba06c7403e7bc3064dc25c50627144ff5244545485bee	0x7a4cc73a92b4dadc18083c4278639a27d110ef5ec3e95b9cfc4a7d229c68d68	0x674243995b61a6795915027e0ebf3355c021860e2a548aa13adf9ca450272b8
random_1075	order	1851805173634	DOGE-USD-PERP	SELL	MARKET	0.731017264							73101726	0	0x17c01ab63cb827d4c5a92abdf7fdf7506c36193cc587e38d5c386e4688f183c	0x2b07abffbd05f757fc14666385fe514f4d3974cc6e289a5df869d23581cb752	0x4ce63be822511beb3340ca1c492923094be5167f3ab428048dfa2c26b171b50
random_1076	modify	1856296957789	kBONK-USD-PERP	BUY	LIMIT	994.72662955570812	330.63370892262	6793728918056334718136379					99472662955	33063370892	0x6b644ca6d639b33504abce911c85aa7edf8f480bb3c65982aab1434c927b866	0x249c10f90d6dcdee86733b1bc6cfa41bc9fae0376baeb964e12ca1160a9e4a6	0x111e97de1ebe1f83c56b587e7383a2aa6c59c710194b37f2ce71a26fad8b509
random_1077	modify	1877884978609	ETH-USD-PERP	SELL	LIMIT	0.844477734581	2481765.8526505843020677	258014214343392396628239740					84447773	248176585265058	0x3fec4b3c15e6a77e2ad5c1ea88ac09b7c69bc6bba0078ad3aefdb3630104a0b	0x315a067c01fdfc237512b920ebd383f86b3e7ebd6d2b8f4012d34e201e82990	0x54c9f355df6721dbd63bf27398ac3f50d4840706f09f6b83c820ff19cd5cba0
random_1078	order	1716161996311	XRP-USD-PERP	BUY	LIMIT	395886.67505601411	132.209342387150						39588667505601	13220934238	0x5ad689a044aacb12db2f569d8d0e754c4c00903527558434de185867b868b2e	0x62a9c9da36e96fea9071c6f59e14fae8b1b56b6211c525609c94b438a6a0bf9	0x4ba166d9b3b4cded28fe168716ecf36a3d3c252a23b523aa52375ff1fbacefb
random_1079	order	1762581633047	PAXG-USD-PERP	SELL	LIMIT	5499.837248144	51.5438073190						549983724814	5154380731	0x2c38eac6815c3e6e9bf346094fb6ef07ca0ab5da8e4ef06c14b4c6797c6918d	0x1127b46e16cc0320d6abfa74065a1186cf5411b1927b971ffa50977db6688dc	0x1e44b4976ebc2b51bb597bdf68c391fe64cfaed345a68f0eea0ee788ec75483
random_1080	order	1716151785024	DOGE-USD-PERP	BUY	MARKET	140.221932907212004							14022193290	0	0x2fe0feb9259316ea3db3a64555ead086ad9f994aecf53b2f2b4f3419dff2e13	0x93056ea48f0b110120d75ebc7eb73e29db108d643ad93411fc34b3ad812842	0x776655f2cf6f0fd6db63e68d5cf8b1af970168f726bb17eae91a513a328c7de
random_1081	order	1711830454353	BTC-USD-PERP	BUY	LIMIT	6.918344996181040	6475.701745004						691834499	647570174500	0x274f8aa36c17d42f41b39727e9e53f01e18e12879f8f90ed7a4f834c7254f53	0x74327d980afc4e36a9a1ab06493872ab50bcfddf2d42a46d880c85bd905a1d8	0xead9ecebccad6a531d7c1e2b64522dbea12ea0224760c60147aa765f1a73a
random_1082	modify	1703427270955	SOL-USD-PERP	SELL	LIMIT	659382.337145177640666353	1.811837368788044	51822352337125109722665549					65938233714517	181183736	0x322d155cbbde2952d5adfe39cfe5fa99a2cb11d16ca9e619567129cbafe1667	0x52efc4e90aa99c7a7315216afab037f3082b49826fd836ee51c97fd087bcf9a	0xe9006d881abb0e1bef30dbd9a96a121c5419add7a320562fea0330be650418
random_1083	modify	1730106937882	SOL-USD-PERP	SELL	LIMIT	6570.9588717443	3808.859606047530061238	86268878749762987543388412621					657095887174	380885960604	0x6635536b63f35d7320d37f2241846b9a7a282349b5f5237235895890caf6f7f	0xd6c5cd2cf9fff98608bbf2a6bd713745eca1a218ddf8f7989f9b8e3e42a37	0x16c07487b4fc6bb07dea78cd274aee0010ef878150affda55aba5db7e6bc76a
random_1084	order	1761196370935	HYPE-USD-PERP	BUY	LIMIT	2690.709411892	6348.94309021897942						269070941189	634894309021	0x767fc28fcd22409cb089db6aeeae2444d0975c5f899dac36cf99bc604ea977a	0x758565b974006c4341a6050766c4a8ebd9f72b67d5157be4cbd05ce731b8935	0x73229979f8bb30e40324bebaf65e366f8d4bc26553f336c2b18bfef90168067
random_1085	modify	1813917761084	DOGE-USD-PERP	BUY	LIMIT	4.494293167130463	987.658308945868	71997200933721378670					449429316	98765830894	0x42820267a590e474659c3be615a33af760a0dd746b04c901964170fb4366727	0x5c9bebe6b08bd61da0552db9316a7b8937c3f616f72c9e470cd8e734c3b2dd3	0x4624232d541a9afa15f19e4e86c03aa18b53fcd170388c8815ab52098322406
random_1086	order	1836211570209	HYPE-USD-PERP	BUY	LIMIT	126.73853992556076172	3022.1229201752546						12673853992	302212292017	0x10635c7a6cf1c890938aad48f5ed840c47bce82823a5457b191ee4cf11ea7a2	0x3b717231a20d543bc6bda7689e957bf9703404ff2cc508c8e34616a68409bc2	0x7ed6725e8912b356d65caadda7c641170ffd6975f3983dce88e536fcd6c0846
random_1087	order	1796997215676	XRP-USD-PERP	BUY	LIMIT	359714.393013322	186.81285963722						35971439301332	18681285963	0x60f3df2da32c66ebe51ac385860020c9db03ae2f1938cac53b1f20a1fc2dc	0x62242eb67270a8ef78c0a45e70b8752ce5bf08d2438b33f3fd203f7d73bfc0a	0x1b3cac8899f836e9ee8aa14c942e9164711643cf4146ee3e3316616377156c0
random_1088	order	1766255753113	kBONK-USD-PERP	SELL	LIMIT	23.289019467287762386	704888.892405702941567						2328901946	70488889240570	0x24d04af8ba790cda32d230b51f1f3f018b44336cacd7e237d6de98051e80833	0x599d0077ba0d7e899830ef69bd6663feda443e4656636af3bd7dffe62231bc5	0x5fe7b618f101ffb8a063a596f2716a197c6c621e48017c5c4ac534b2f343207
random_1089	order	1752121904717	XRP-USD-PERP	BUY	LIMIT	17640.4728302030248420	123161.8880726100751						1764047283020	12316188807261	0x7b74377749cb0930d186e8c1230b26c3d3ff08ff909163f2a7b314d072739f8	0x6d78b07cd00b8ab43213043eb0591430265d0c69a2c13ca2be8e9a8b753bbf4	0x707afc58f60440d31804ad7338ce2b3580a61ba0b4ca7ce2cc66c1b9a10b1c2
random_1090	order	1800469115510	HYPE-USD-PERP	BUY	LIMIT	8.915799784690285	0.20271708329						891579978	20271708	0xd68583472e9c2e85e727aef7b0dd5cf112c71b80ceef0faddf848aec3a9667	0xa266743976cbc9f5c3da322b424b0dd3cdc1d33b54bb9d0a462c3ed6f658be	0x6e74b1288fac0b72ff7a6a83153de7cddb64e71204825161f41cbbb90c06553
random_1091	order	1875302036727	HYPE-USD-PERP	SELL	LIMIT	5.45411842897619	17.9115564251742						545411842	1791155642	0x129cd88d20284ff4a98e1e26fbfdac673eaac4bd126b9f8fb62c094a94952ee	0x740244d04876edb9548571b84864937fee2df440e49d5f5f75f02248f719057	0x35d6b371a8db22dbcc0c0e0194cab58fcd837a7ba9d07628e5f66e7862c34be
random_1092	order	1882420865149	DOGE-USD-PERP	BUY	LIMIT	483031.25720273070415530	5681677.92980009520						48303125720273	568167792980009	0x16c2129648c94a259bd1e2129e806ee4a646cd78f181e351beca03a27dd5ace	0x4493776bca1eef21ffa058175bc56bfa9bcd51b65f3842013ec2020e545a273	0x583e3f9ae48617149afaab0181c067a38190337d8baeb5821b2c748d3df27a4
random_1093	modify	1762297468483	HYPE-USD-PERP	SELL	LIMIT	799972.940069032730881	222721.0143101125445717	48421058683319815436294986045					79997294006903	22272101431011	0x4f881ad3634b477f33643bc4960d7ac9d1151cf58ad657a5d0f7573b1a349b9	0x8bc6c275db5922cd6a07dd2c45d2ae22e1c1adcdd590cdb6c7ca30cf0c0a79	0x6c3bc540970e2d3147f5ed2ff02965cbf9090b5edf1dddd02668dbf0b91e6e
random_1094	order	1896609547624	PAXG-USD-PERP	BUY	LIMIT	888.16091613695601	767121.580357303912206						88816091613	76712158035730	0x7ae1f626ea8c6d4fee2d1ef475e09e1b3815afe79373912b2238821deb313cf	0x381f3191ccbe02bbf111cd7af284d3429652aeb1dc89fbac5bf9d4602c54c11	0x79e45fab34c3501ac7d246d44b8ce9dbcb788d16dda06ca82f86c29d4370fd9
random_1095	order	1756002895666	BTC-USD-PERP	SELL	MARKET	3.3179239277716210							331792392	0	0x1d9611c1249b5d26245539ef5e454e4752370b8d6620a51817449920ec9ace3	0x19fec7642b21cc75c2f84c10d1d3cd0c326e82d00dd292f4ec90cdbfd241dc8	0x1cac4cf0efb74f1b47e9fe3647684c2442419c6023389b10e6ace965941d18a
random_1096	order	1846347696176	PAXG-USD-PERP	BUY	LIMIT	76783.4440914770470	1.77123873398615						7678344409147	177123873	0x2e59c43d21ac58f7719e1874d07cbd9ffabb6f0b03976f3aff0918da41417c4	0x7ab4775229e31c01deb80e4d0c3f38a00c129fc6b41d260c4a00a1522d80404	0x4ed5cc268f522a92aab93ae9aa840bc43d2ba4408a164e6cad075509e6e543c
random_1097	order	1730243743794	kBONK-USD-PERP	BUY	LIMIT	75500.361796210757711	4414852.99230487735305						7550036179621	441485299230487	0x3515f6a6c138db1d713dc00cc484c3a3ac2ca0d3e0e49495a75a9c8a142c152	0x600b0c715c7978081a5b8f1823ec387e11b467982c2c715e92aa4880a885d8f	0x7351425e7b1f357999eb5fd20b134c0a2526663740b3bc3931c1ab65c88dcf8
random_1098	order	1766593193197	XRP-USD-PERP	SELL	LIMIT	51.7414202199411480	6158.115651570506						5174142021	615811565157	0x6cb8e19c6a83cf542b7324f486ae70f5cf9c1d71490c811867be3983b70e752	0xcb9c4443c7acecfc25f1d6ff389d6ac28bb3caa34fde46a370be6d57c3cb65	0x1f35bf2575e514d42a54e235e7048b2521d1b7f1d77e00cb634f85bf569787f
random_1099	order	1779840205661	SOL-USD-PERP	BUY	LIMIT	553.70421821568457	3863.513376525						55370421821	386351337652	0x123e04a10e266275db9479cb984997f9e10c880065ba3bdd891591c5c2bf531	0x43bc44d63c392c6f6ea9ce7752142f16a9bd467392cceb1fbdfa0c8228eb8d2	0x4c0c3a6daeebd9f5de5c666ec4d87bdf39ef5327ca8568d7c63be2e103ea20
random_1100	modify	1737509230610	BTC-USD-PERP	BUY	LIMIT	0.357533952	0.55457010537128	9090198887531594428212367800					35753395	55457010	0x25f54350a362d488ec2c8daf127f293e5ec34fcfa14ce7dfe6a765e2e17015d	0x2539aca142698a47b2074c64dec9fba7246d1565ec5fcb7817a1f187146abca	0x71841cd8f7ce05918f6f94ff74721ced022d7dca299d5f1b3df3a3efba7dc09
random_1101	order	1797245749958	kBONK-USD-PERP	BUY	LIMIT	116.071253942194	3188.39104823208						11607125394	318839104823	0x71a0e820ea601868066b257773e2165030725a2d82a984f5d64726c4111f916	0x6da9f5738f852a487bf9ef6b22c1b9eb3c9a097d136602fd56f7e624946fc4d	0x225298558ac0b8be6959c6d4fae95a092c3751bea59bab19f30b4a974f2e2a
random_1102	order	1856815713942	ETH-USD-PERP	BUY	LIMIT	2480.057772249232	193.473856711						248005777224	19347385671	0x7eb3962708a75c438cd3456ebe43a55b37ba5f837d6c2c9b52731951c6581	0x9a639213449c3b2efbb4ff3a95ed4988bae592fa54592a9dbee307847b49fe	0x6b99e004321bf9d929b9da327d11cc1d1295444c9f0afe826bec43fbce844f2
random_1103	modify	1895853755971	BTC-USD-PERP	BUY	LIMIT	65.99880748840	0.006855055902290	292761026945309124246					6599880748	685505	0x46c4960ab4a8db8945973ed9d1f5fbe0cfe92dcc2af33eb66c9be16341f04df	0x4f81cfeec4f86ea9fe4c05a11b5c4fd7298dc988eaca7afcd4a588bd5393b08	0x2b068330c621d1ed402222c78736bfbe6416a3627308ed1691aa454f3f000bf
random_1104	order	1821901698399	kBONK-USD-PERP	SELL	LIMIT	0.285845772848992474	1515535.261175647						28584577	151553526117564	0x27416c65305b677e062b5c2df8e26e265b17b147ecf0a1835772dc64877c95f	0x1e7dd61d3bfe8c8cfade0d618d95d78ceff21217a73f5d421eeb4e6ba0d3626	0x1a78febe79f589f87683da9649559a698bfacb644d59638e601d61965dd0f31
random_1105	order	1840604673961	BTC-USD-PERP	SELL	LIMIT	9.905896997217261094	518.0228554853244						990589699	51802285548	0x17113482999133afce67503fd25cc9c04d2945bd9cb89598b1ede18d9530df0	0x75f655a01087c46f7e002f9e96d76932f9767d4fa4f254d877b05a6efbd8087	0x2e436d6f7497d2439c831645c047f7e4d0785a1ff84ca50616b70957db67811
random_1106	modify	1742008064023	HYPE-USD-PERP	SELL	LIMIT	8.055197824189646965	572700.45299063685	470322771440678779235110					805519782	57270045299063	0x14ba74c2b360e4075f9855590602bc7567d1ec55b02d4cebf9baebe010176d5	0x11c3ce6ab73a8bbfb0c15c4e17a7438cf26294a98c79671f2b2cca28266006a	0x1941bc44c58845c34196bff31742ad048d96b1df1ee4cd02b316b58954f164d
random_1107	order	1740261840023	XRP-USD-PERP	BUY	MARKET	6349.607128371675							634960712837	0	0x2b5082251561d790136003c3553fa2076a51405cd38f06730d073d7901c4c65	0x71d4371e0cee655ba78d31319ccab250145331a1447a1da9757936e16f4d740	0x73a04129ff6573a45f0b21789008d77e12884a2dd5b993cf4cfc41a8dac852c
random_1108	order	1720440354588	BTC-USD-PERP	BUY	LIMIT	726857.00055918398	231487.2811318513990						72685700055918	23148728113185	0x7164d25e47c4c6c7906406d52252ce7d975ba820ebb99dd0c6bab3fa01e69e6	0x3c704450dbb14fbfe079ce2d5432a4bfa04e7b7163efdef3590aadedbbaad0b	0x1abfc16f293bdc78202db3d29bcb73f9bfc94e3017b7caf2d6ad1f6ef03f42f
random_1109	order	1710482190184	HYPE-USD-PERP	SELL	MARKET	14376.57254330196659							1437657254330	0	0x5c3bb586ce0e9b05ea8fcd929d449c5b5fed54eeeec486dfcc08088a9298041	0x69ef082b5d1a79fd0b2dee0cfd04dcfcb9a83af55a646d9ae902e442d848060	0x7e0480cb3273375ca064213fd62805371f44ec9af4baa8de556aeed87ced965
random_1110	order	1760804511211	XRP-USD-PERP	BUY	LIMIT	587.21808331317101109	38.994141547						58721808331	3899414154	0x1bb55fcf20ce75ca1dc98127d17f4b6d55f8e6b3e62f532efdb4e622a1d21c	0xc01f270cf97c9eddc6aea8ad8a23bc870d6222f2580a85e0f4dee7f0311ed1	0x43ca4dce845a01f95ee5cf5e105d461c98a07136b5ec08d87c6cb46b2166ed9
random_1111	modify	1770686764910	HYPE-USD-PERP	BUY	LIMIT	0.93400562444	0.0664729150199	4474138287613588955038					93400562	6647291	0x2581800325b01d1f2c0ecdca2f7fa5477b9f35f16ffd482b32df2ebac7f26e5	0x537d9d884ec80221635a705e59926c96007229f8d4e51d7a53dbcec767addd3	0x5e037acf6e675d1dbcd898231053e4c8381de38fae5607823ee399bfb9afc20
random_1112	order	1733543993638	PAXG-USD-PERP	BUY	LIMIT	965.9424656451146252	2145.881681709818						96594246564	214588168170	0xc9b6b7eea10810392caeb383b1149c753e55770205b3de3699fc49c6c7c845	0x36f2045f92a428806615e55ff020ff4b247d1ec1403e2b1e450491111151440	0x5ac68e7c9af468f710bbfa2a08bb31d135fcca1a4769431fd2a97cbdc452fa5
random_1113	order	1859248464426	kBONK-USD-PERP	SELL	MARKET	53.60106675711800729							5360106675	0	0x36119bcff3e3e66cb33cafab450884ced9db5ec38e799a3960117d66a97ac1	0x43fdc377afe0dc045fef354a37c85dd78ae75bd4d69fda06cddd7ef5dcf8ea8	0x46f17ba205374ed936cd7cecb83e252e14d08d03bf266f6f548cfd17d0aac15
random_1114	order	1851937047787	PAXG-USD-PERP	SELL	LIMIT	80.684234482	58.084190693773591						8068423448	5808419069	0x1c08295aa26b5b51df2257b224c71468dc9a0e646960bd08a7dff64ae9f032f	0x45eb8c8253c940fa3f8c10008c29aeb6edb21eb3f19d74d0080cc85656e8123	0x2830db584a1a3540d56e687254e7bb427eb87ab885dc53fffe19aabacc5fa67
random_1115	order	1732058517387	DOGE-USD-PERP	BUY	LIMIT	0.39694503690512184	21.283145664564						39694503	2128314566	0x32da8b306f47d5931f9c3f23366e70190ce83130e00cb567858c9f14c8646dc	0x170a08a6d37a804ca7046a1a4127f2fc821305306f8fd61bff9bff9ef2ac18e	0x29278658e0da8b994299c6a569ffa13bfedfe6e7c7d5bd261620370bffb7d0e
random_1116	order	1776657756247	XRP-USD-PERP	BUY	MARKET	522924.128647344983968499							52292412864734	0	0x5ba6a088a725729d2205e91efa1ce857f5718c35a536ae0b8ee2cb13ca4b57f	0x40f423ff9fd663a8ec85f715fcd9011f53e7b23b83c6263abed278eab8734aa	0x4b17d54a3ffc50bd9a494a9b580f6970c67f56fcee181c000de09b3dd3ed96
random_1117	order	1864102379044	SOL-USD-PERP	BUY	MARKET	0.028997648609							2899764	0	0x36d76beffdfb938c8af932d9e6f62bf57b55c4f982cea77a88c4f8b5d69513a	0x694427aee7e67c54783bee410e4ffe3d45fda05489103412a8088a8ae79c9e9	0x77f2caddd1302ae30d3668c32697762805003ab0499e2848873cab5c3619f79
random_1118	order	1898851023505	kBONK-USD-PERP	BUY	MARKET	111222.34452747324335066							11122234452747	0	0x5029bbd6c75967835eb4b1647e38fbfa296a5510ff05a9c444122f019ef3c77	0x5dfdb74174696a37cd4cccd3b2939863eda495b308de2435ff03df7f2089206	0x18989b63b91be8da2b97b58db947d5c1a8db48016b64947e440515305c79222
random_1119	modify	1859887904248	DOGE-USD-PERP	BUY	LIMIT	3.41023679998	35393.2609015564488024	463929839621792316499					341023679	3539326090155	0x1acdb3e476df0f236c0daf7c652d5cf96b23da3472f792860a2a3dbc12c5b72	0x1d016b661dc324e09693af589884287bba2cd7b8a66ff9745b3a254d1568d9b	0x3038d05bec2b4adc62429a952e8f9c8156c2cbd8752b4a2c369f9e48489b7a1
random_1120	order	1842977486389	DOGE-USD-PERP	SELL	LIMIT	349.745960687045261	28603.9593403708119050						34974596068	2860395934037	0x46885548c9e71206179fc09990b288c9596939b81f8dffbf47992b796e4ddeb	0x61a4e25290c749265e1a0664d30770f2282cf3797b4cd9c18a253e0849bc9d2	0x556cb412288db73c4a653b34eb47aa119b0e5452ed19e0ee1dcdca3e2340c6
random_1121	order	1728463721616	HYPE-USD-PERP	BUY	MARKET	31416.09227046657							3141609227046	0	0x1d6d0d655ca0723303cc26a36d1aad30605e005483a74ce1ca2c43fa799e12f	0x1e392b0faef3c736c1969403f3681834ebbe5c4583dfc45ca6960c9eb28ed64	0x5e051bf1c7da32e73bc7c40d76a88a422c7857b9ea5db1022d40d80b12f3d0a
random_1122	order	1740416834780	XRP-USD-PERP	SELL	LIMIT	311.06954351838822209	6.88829844413155						31106954351	688829844	0x21091beb14ce3f45e5169180155cfe3cd51682f09304424e6e295fea881df7e	0x26d476c7e5b2372150de60e59529acf338ce23378008b2939934220879a8015	0x480ff0a348cbe8caba758046b759eb858b9444529f24df3ccd797281a78cdde
random_1123	order	1890836639404	HYPE-USD-PERP	BUY	LIMIT	4.7486875700281903	8.10642769631						474868757	810642769	0x3e242774c8ae1b4d2c47eaf2062eec3b6c55bdbf9965c56a0092e8fffee31da	0x77bce2c18f49d9e68ff5c69081de0526a9538aa9fde0e59e845a5f6c657df5b	0x60992bf5d8ef88fdf6cc153bdd202e40819bce0fc839cb20c2608e570ef41c4
random_1124	order	1806713587089	SOL-USD-PERP	BUY	LIMIT	262.01027572433876860	9.046823228						26201027572	904682322	0x42ce10f8b920b453d3438a68dc39bf1f8ade8deabf41bfd7cc8b8b5e4788dfb	0x2874216fa044f9a0c423c76c5a103d225325fafea9ab69de4961e3ab21e0070	0x737c68363538e9a50b9fe6cc1dfc0bf65d47a26562b222297c50ff356b18380
random_1125	order	1768996947065	XRP-USD-PERP	BUY	LIMIT	0.776341242544758595	118.8230686331410038						77634124	11882306863	0x411d0c39de25c9651c6968bd9cc591eb60a047229333611b13ac571aa638857	0x1e377aeb0536ff38289e0949aaf3eb0799a694e5866071a3aaf65eec402ea11	0x7dcf471853d2a0e6828f38a366811f0e0c2260f22cd0423acb203a0c1def026
random_1126	order	1866024470266	XRP-USD-PERP	BUY	LIMIT	766.80435527478	90.5270609814854958						76680435527	9052706098	0x5a2438406745a57cbff2da0b8338354002783c7392c72221030ba440229dcde	0xddb82b967ae0247e68e8f6d0c16a89905adee9d8719d3ddd261cd599451d20	0x43dadc90fbba792d9257908f0db20d064a64f9584369151720096c5f9762403
random_1127	order	1770277020823	XRP-USD-PERP	BUY	LIMIT	58814.69013105137856925	898.57351683048934594						5881469013105	89857351683	0x764234ff8620cd69948b718ecc54a3f3439976843736b9ea39517a9b4c1b541	0x7f0e83d1a27a0554267e971ef40db54df49e843b349441bcd4215a7cec772cc	0x4da18125f88cae066a28461c997bf0d782443f77e6c501c2ecef6c6820f00eb
random_1128	order	1794739235513	kBONK-USD-PERP	SELL	MARKET	0.1541658493							15416584	0	0x407c7f6240b3cac84d87529233c811757065361f59984b35cb3ce79e43e48f5	0x3758263ec982e45757df37958d4a5000424da0293f3af4bf505f27ed1b788d3	0x30f9157bb034e8124e30562daf0ad4964dda01625d3b872e7d0c2779ec6cdc2
random_1129	order	1858341373036	DOGE-USD-PERP	BUY	LIMIT	0.807948313710312	7805.25552788056185						80794831	780525552788	0x6dfe54362e554afbc3677c42a875f9dd00fd94d0d0ea8b983628a1870cd0128	0x28a3ddbdea34bb262867d57a7979e68523d49be1b336c5fbbe9aba548d56b98	0x774c1f99db2367270188a116df7d5d6c0675392c232a0137d2a50fc2531f2d
random_1130	modify	1807893356782	SOL-USD-PERP	SELL	LIMIT	4303.018511841659128	4.5553840582092	38556676625961797549					430301851184	455538405	0x8b0e354bfdceea841782f63a542d00261d2fadc44cb90938e754107c69993e	0x212d020f1408e261a43bc7d73d7911c6c28ccf3e396b9fa03d4196a61f165cd	0x70211eca7e0c8b3402e3eef927ed24613905acc7dee857f562179e93d27fd2
random_1131	modify	1892095583548	HYPE-USD-PERP	SELL	LIMIT	33.099907663	2949919.3500564620200992	32239500400843431916460					3309990766	294991935005646	0x115d12f0485763d1606c515a81182631cd86b3715cf2acdd5d30aadfbba109f	0x6659a44c1c6f0eef437262d1d2039fe7389df22dd1fba0da102f5ea733f3ef5	0x6a1b01cca89b1310aad139ea243f3d865fd7286f4f391d8e46f2a24f16e5898
random_1132	order	1841889124423	XRP-USD-PERP	SELL	LIMIT	273.02303179995914578	0.450834273719						27302303179	45083427	0x18dbc6f8a11d3673b5dadc7e73d7da72a423ee4cc63a628b02bd0c35642af9	0x5dfc00b7067085fd21fb5b1e231c3876a34d0799f29cc3fd1cff7d1d20d65ce	0x33a5ae683f5a7fa446da5ea70305d425074952e37873b33004e871d3f4f927c
random_1133	order	1762476022388	PAXG-USD-PERP	SELL	LIMIT	564702.1752555914377035	498881.010385469122						56470217525559	49888101038546	0x2ba2826026b885060a0576b82cb3f807e9de15de878d1962ca9c06485099ec7	0x26372386106c12d6f8e87c71f92317604b540f6ea4e1592d03702d958a08772	0x593c6243af08ebe39d92109b8fefade1ccbb846a947df6415abdb0ab2c715ed
random_1134	order	1873147007226	PAXG-USD-PERP	BUY	LIMIT	64196.2808049352492687	9778.1975318673771708						6419628080493	977819753186	0x2ed86415834bce69dc1d1b62237b0d79c9dc2751db6768f692ace483e2104d6	0x4604022c6ceee5682c10f6753b481f739b9494ecb99df500b425f3bd7e07c27	0x2fb10d4033d2efa198e614773c335afe309f6808f0ace59bb3c66bb75baab96
random_1135	modify	1853369903384	HYPE-USD-PERP	SELL	LIMIT	61360.9240143770063872	316789.208870055847957	1285664807719513373067					6136092401437	31678920887005	0x4e3bd0304cfc8271083610580d9bcdb85df064a0fac521422ece6a54f50f373	0x1659c848694d51f3fff550e341d56daf39f5c7d53038ea5f08daca5a86bc296	0x5a62fb4d2bc43c50c4244a395d7837fd30723872c1a9f5b8223158434f780c1
random_1136	order	1824383040582	BTC-USD-PERP	SELL	LIMIT	9.43302077577679423	99.217820642105535						943302077	9921782064	0x1192c4ab7ea0e87df71010608380037e7327d65bcb19be7bf2837433d849447	0x4acf1f212174ccc04a95c88c4e196b842b5b65f214713af1a040f4b78bbb6f6	0x5b0eea0aad7154b78ed1c82dfca9f7d1ccd259503dcf12441c2c8a73bbff964
random_1137	order	1772903485156	kBONK-USD-PERP	BUY	LIMIT	5.236770328	7672600.5350267247201						523677032	767260053502672	0x6ce77340f7dba0752d09bb2e1f7f0a37a84b48c0598bcf76e0d273fb52899b3	0x418c300b23138de9d938b7ad122f5d27e878dc12b1bd3bc6c03fd5692e55ada	0x538b3648d7f8bffd004c9c686cc6c8462bf63be75fe1d7e1e0a4c25d03fbc45
random_1138	modify	1753636089426	SOL-USD-PERP	SELL	LIMIT	70.12546673450769	5.3661972133312	1262813012065625153768877					7012546673	536619721	0x3ce151802ac01c9c1be76cea8e7568e0e37c958960d20d52e153b48c49fafa2	0x20eaa6664fb5c92480be4cdb84640a8d7f9ca9f86819eb2e489f1db803fde13	0x39585d59552d664f8b2abc932dfcd66ae8481980d3d4626208011d4b1797b95
random_1139	order	1754952048778	HYPE-USD-PERP	SELL	LIMIT	2.764596920	770.215703176725						276459692	77021570317	0x4c3c12ce1dfe4083c0146eef37c9904a0d5469f51a4962cec17329358459dcb	0x3b1eca55ee5b46f59712f59fb87a408ae22517f3a53feac931039934c1dfaa1	0x36c8163a6be42e0e2a2359f338a476bd20585a9b4064efbebd96c8b2653d313
random_1140	order	1823727414426	kBONK-USD-PERP	BUY	LIMIT	0.950512073050179	28544.866270581						95051207	2854486627058	0x55c7c1749bb34b0f35ca757f7ede30bfdb82a23c24adb3617e12b73881e63af	0x3f55b1503b30cd3201894eee899385ca0266cea900b449e3e29e637bcb08900	0x3693dcc238548e11f4992ee18aab6764e59c6f84d0988d778b89811cb7c3d0d
random_1141	order	1803178255115	XRP-USD-PERP	SELL	LIMIT	89.0058237161	0.859397962						8900582371	85939796	0x4a816b67a604348b446f2f9da77481ce8e41471bd07fbd3b76cf965e23b1411	0x55cf3e9f8aa3243a6b94635b969e16457efe748418f2494a28b28779fe32d42	0x772be7a6b23edd4e4eec9520fb8a08840b40bc28aed8946230c0b38f7efd537
random_1142	order	1894591640981	PAXG-USD-PERP	BUY	MARKET	78549.794902660159451654							7854979490266	0	0x6eaeccc2f6116c190e836b21a684960bf96ec11db3ee74f66346f925b988873	0x40e73e116d6de86e82c25cac8c600888541e5c92f823a30f11a774f04b21bed	0x1ec7c6b526b656e5a026f8e4d2a268b731ce950a93657e2439a215731984452
random_1143	order	1786189109156	PAXG-USD-PERP	SELL	MARKET	652.619659218							65261965921	0	0x366e3c2272af0af950e18ef0aaa2a2f3b40f50bd4782db35c4d50aa81295ab1	0x1cacc06b67a66177e98fb926dde93e4e78e4ae18c3ed7b424a7fd4e1173d250	0x39aa548b58959ccd511ac41c5206574fe11dabeacf08e7f451ce8671a7e9453
random_1144	order	1700169495569	kBONK-USD-PERP	BUY	LIMIT	0.717088377	40.65908117239096128						71708837	4065908117	0x2f2152b5bbf01ce41b0d265be15305830b65d9ceb224d5bb0fc83c5534a6f5	0x4b6eea82ad0dc04d5b7e230799545d36f89eb506a5a425675d6b2cfb73dd92f	0x794aeeac418753698ff57acdec99a99b51de537ae74210c6b801bdcdbdfd2f1
random_1145	order	1725020315023	HYPE-USD-PERP	BUY	LIMIT	767777.382931497609	3.557486260491169496						76777738293149	355748626	0x76dc183057e4bb345e0dfe4996a5d41102e35ee98cd3d7c0109449b08380b04	0x1c1796ccca30000df4058a692688dbd320d0b724f51206ba734b0854f14280b	0x1358cb9355fcd5b853271520ce2f65f7478d51fce9b877bf10898bfbabdcb50
random_1146	order	1867508624335	SOL-USD-PERP	SELL	LIMIT	512.9888154092763	71277.28136471917962						51298881540	7127728136471	0x75b906d93c77413369745088905dbb70a47796ee28a2d5518cdd0b636465122	0x4c58c6cebc8d02d08ba714a1e71232b44fb60145303338374856b802faa7815	0x53641c032e184da58af9615d6cbda5dea617bbff91323fe07c692d562743532
random_1147	order	1880768052430	SOL-USD-PERP	SELL	LIMIT	0.1168511487	225.9123090199782						11685114	22591230901	0x65523a3fe2e865616d46915f2941cf7ecd97816cf4513aef69af644c5bfe6ed	0x5b26088d80f6e14ba43bb07b31c6d71a8907e2705ea98a7e9379002630554ce	0x542d3156dff40f4b70129fd0f443ce5d90fd0a9ce256375eb71751789837bd2
random_1148	order	1713745699155	HYPE-USD-PERP	SELL	MARKET	818.933431858953201							81893343185	0	0x1507e0362f67efb8f554888c65821d50d333751311b900e07653ac9e01c0af8	0x1d3f7dc64d90f47412480a3bfcc2219b4350fcf7214a153497c7635d29eef06	0x34d199a1bf712919f9f44f34d336aa305d9d5551ec45464dbf49a14a7512c9d
random_1149	order	1780771081083	ETH-USD-PERP	BUY	LIMIT	67353.2233405643	84846.793810656380161032						6735322334056	8484679381065	0x52caab15c657f20a60b1e2e4f8d99e2309ab6560c4869056c55669c15b762a5	0x31bb1d8f90d9989fa568ad958ffe2362673fcab2e89ac146a0a7809386eafc7	0x631f53f248c6523c1e538103e953516ef067607a37c1b1907ed67dd94cc6620
random_1150	modify	1744627543535	HYPE-USD-PERP	SELL	LIMIT	11582.85622190255735	596.284894472	68371144084919013051839001637					1158285622190	59628489447	0x5571a75051a9cbbabf34fd380accd27a53ea2be05b9fbdeacecfe3d6d0d6bf6	0x5a5e013ecad702f1f645421a84490a0337a5156901ac866a0cd3df4f3f15dd5	0x35084fc8e7ce53c0f663e89ae9b54bff92ad2052353f1692e00f7e55b326f9f
random_1151	order	1748192274049	HYPE-USD-PERP	BUY	LIMIT	0.04771957054441965	5684854.706158794922610						4771957	568485470615879	0x21280810f737e3342fafc41ceb1571f54a7cd76da4fdcd998484b3f075522ec	0x354cfa006ceb9a6e27cd04d3e486389e9b0fce5fb215bf05b13d19e9713a16	0x3462a733136976bacee58ae86f33b24a08cf6e346024bd4df4383076e8230c9
random_1152	order	1878268941855	XRP-USD-PERP	SELL	LIMIT	807862.026027854926963591	551638.901980078814						80786202602785	55163890198007	0x26f115afa2c4d3f8a15c899ac860ee6c862b13a020bd83df1393d60237a5a98	0x2850e61e9962f4785cec87ece85d1c94f5f8a9f4e89353f11bfc135253e0b4	0x20f425fea9aa5220dd71e384f284ce354c9eeeb31801e1a0ee7f4d7d50f7fdc
random_1153	order	1740030886130	ETH-USD-PERP	SELL	MARKET	8808.32316789663069012							880832316789	0	0x2934ce1026930e76b97ad0f9a99f29fc3bc76720b521363a36a05224b9f487c	0x1731655114bdf15eabcedc2d37818ef73215a92a24b33e0685b8246797ebeff	0x1c6b607a59448988c6f0b57956ba4b7604cdcc27108d37e434702bc15246e47
random_1154	modify	1823973191833	DOGE-USD-PERP	BUY	LIMIT	896807.401097130483965536	2717.1099695393257	26591551999723528739214981361					89680740109713	271710996953	0x7cc3e35137ef68751b4d45b209c112b22fa651f856cadc101e1c4961e4b66f4	0xe919ea503b57a57b553a0ae5f41049cf98c1c26a0d3dcdd1957cbbc2fd6446	0x229b92b2ff0a140aca03032fea9120a63bc54534ce6989f8916d0c0a98c32c2
random_1155	modify	1897951695577	PAXG-USD-PERP	SELL	LIMIT	1303.633172775	0.8976599507508	666894560004041826361508					130363317277	89765995	0x1d402b54fcf4256f652d04905d92bc7802dc3e49e7de536c39e83600db6bbb	0x3d347ccfe93e50acce1b09258c76dcb039202a4c2176112211b63135f8f593a	0x65a0289d092952f319835ae29458a03495de1eed427e2c778e74b74aacf205b
random_1156	order	1726623663404	PAXG-USD-PERP	SELL	LIMIT	539999.30519905663520	4764.6199489588288						53999930519905	476461994895	0x34bcd03ca1c2d5718ba4c7315598b337074bca1ec430e8b633dcb0d9584066e	0x1a7579b26ce241732f360ff295191dd88e86a800d347b26001c33f1c2625fbf	0x6450bc225cb5f0689dbcbd43c4b37dbddc09299919f005162561d9c24388ab7
random_1157	order	1834721279382	kBONK-USD-PERP	SELL	LIMIT	982788.79028619802622169	36908.6678650094						98278879028619	3690866786500	0x1f8f560ac7ef9704b2c5a4963238429b734bd0fdb5298b6fef6db5aaa7b48a0	0x6aa34070a2296f0903829b01aa0f655561fddf6a8f890dfa8933a8daee2bc00	0x616a20669ce6b29eb17ce088180c637e179bcd01b4e405be86f2a3a1c6d58bd
random_1158	order	1746414726909	kBONK-USD-PERP	SELL	LIMIT	81.32583887427815	9057823.3183569338561						8132583887	905782331835693	0x420b1d34302364f6ae7235a003bea4f9c21d9c81f182b311f20c4206533954b	0x7a41503127f5a00dcc519c0f507765ba2ef266bff9eda230625c0128d803607	0x25d10188556da590c3b5dee83f5f1c4093f9c647f3a65185b716eabd480edfc
random_1159	modify	1821435216861	DOGE-USD-PERP	SELL	LIMIT	557.4093410471	0.22542152403514540	3103539751516356876341229					55740934104	22542152	0xe1408563babd17ec07364b6fc9d851be9ba920303c632a616456022948c6c	0x10deb1193ba5e5dbf0ea6ac77f2b81965f2d563d7b4077135a058a61cf7c139	0x22ff967454c5e2d5a6264b5cec084e5d71fc5ddb909a611e58abaafb219358b
random_1160	modify	1796149281986	HYPE-USD-PERP	SELL	LIMIT	46.858919543097316653	990.6551935281973933	95041989984435920785009					4685891954	99065519352	0x7e841846a0d9afd8d237ffa13162316cd19492ab5d3970376b6bee3fcc628	0x60bdd26ac30d369725afddf7ff395bb0af2cf4c4a89f9207312dc36e8208a3c	0x1182796197711eea81e43546911443759a6f3fcbfd7c340b307984e9d68d17e
random_1161	order	1806830287291	HYPE-USD-PERP	SELL	LIMIT	910.22365803782016374	456496.9327877005						91022365803	45649693278770	0x4b8a24f685f8e5ca4415ef2daae0fa7d5b80e43f8f37d39bbab49f1e741f3f0	0x6d7240dc81e1420588b29ae49b29153ae4b1bd51fe07b419f7f408a9ff443b	0x5ef59a765309a470f41dd103d1a407e636bd2f780bb73059a8ee243846b00b1
random_1162	order	1829850708940	XRP-USD-PERP	BUY	LIMIT	0.31020301341170	425.719513022717745118						31020301	42571951302	0x53ff597adb2b882765d2f6d171113bec3182b09a97a51df8ebf9786bae485e1	0x41ed1d861f087760d3fb05faa510943c31f0c1d003f431af490b81429079658	0x4086038ce550df9c2ab11b66cb9b1cf14cccbf79ac71f551d6cc9a0d681241b
random_1163	order	1747819154907	HYPE-USD-PERP	SELL	LIMIT	2.3585347109	73771.5086453096682267						235853471	7377150864530	0x1f90cfdc77864664f041276e5b5a99bf6c86089c37110d6f23bfcd86c47ee17	0xdd24c419c3d00f4cac12d88b012aaf0ee7e2a8ad780267e7d293d2488fb7df	0x3215f3d386da7ab15397be81e4dddd0d27d8fc628982e33866e4c3a1ac35ab3
random_1164	order	1791780179962	kBONK-USD-PERP	BUY	LIMIT	1.0842524970552727	587.590962290						108425249	58759096229	0x79f3ccf18dd1a513eefdc04efebeb80db85b53581942ebc45f4823d10e0e1b3	0x203aeb249e26f8038519458143d507bd608d42e2dd1116b4ea954a8736a7604	0x113fdb4bc7b3bb9f86bdc82e97f0adbfc891de660f7fc5f2f966ea62f2b103b
random_1165	modify	1810064077929	XRP-USD-PERP	BUY	LIMIT	64.745732409888901	0.51253540741938631	10607467876116168590					6474573240	51253540	0x5f664f0e0fc58fdbaa0dee356035363a1bb3ded791e1d04ca13fb0a996d5c67	0x7e8f96a5f00c3b23beb60425fc2bcaa43a640b218fb557353539f5672bb0852	0x179590e9e7258c9725b766bc0ec4ed477404934e127e813328a458abb1b5965
random_1166	order	1735323973688	HYPE-USD-PERP	SELL	MARKET	71126.7058318293							7112670583182	0	0x1681a04f34adbb90264f1d86cf58dffe1a8fb8937b14894b681dfd82f656a4f	0x696a63ef1e8ec1343c974dc14c2eb2360c70c1222596fdf4f842b1493170942	0x35a11fd64f21816c1eb611b3a6cf93877125e7195eca8ecc347e66308039151
random_1167	order	1764317845863	BTC-USD-PERP	SELL	LIMIT	4.9333660865	2295.68510436927015529						493336608	229568510436	0x42516956e767e0ac9714b8d419d7701628f85fa5563828bee9c723ebb602fe9	0x21b69e2a91dfa57b01b03bfcf8a62c448fdbba1195729732c2cc3698429dfe3	0x5d8420ebece65f12a9a813692026c8909d1027a4ab9819d279b70a7f3e6d251
random_1168	order	1868580504452	PAXG-USD-PERP	SELL	MARKET	91.2630513794160							9126305137	0	0x538ab88745e465e6214c3e80d6ccfe1be748ab0b880d80aef0c52a12b2dbcb0	0x629d12423a9bab85b7502f1172df797a2cd35695af92293de3b47a21dd0b0c9	0x4760c4cc99bb466c254e3d40c02f32a05469104bdd5b4e928942290a92f500f
random_1169	order	1885921179445	BTC-USD-PERP	BUY	MARKET	982644.781114004392							98264478111400	0	0x2ef777d26c7ea5c78061ce776acc9152c36657dc545f047fc90fd7dc296edee	0x32cdc451322944f6f7cde64e153ccc98cd6e0a04f48d6e377f66736962920bb	0x2d942c3319c0c8b29fee07ccd2fb22c43e200c91179153888a2da4c1e7e9382
random_1170	order	1737501401008	HYPE-USD-PERP	SELL	MARKET	7529.0917740299033369							752909177402	0	0x3f626b78481ad656ea7219078fc0069f6d63277edc083b3771a8001a46d94bc	0x54a807010c3fd5324f9f783ce4a3c4869e7767cfe4c72f713e625e35f89b9ac	0x50c1e67f223cc385023735940d5ae8ff9d61fa656dc7b872fb782b90e1f1048
random_1171	order	1808179070986	SOL-USD-PERP	BUY	LIMIT	3049.070647263220159350	39332.862100575697						304907064726	3933286210057	0x41d06bb788c356be2b3ec4ca620f6403bc141b6d485d20c0a6b574fb608a944	0x3b6c1906b17bba0b429da7912d96fcc6c7aa4c83f2cc52a7db7d7289fa60a01	0x551770a79263b0491155d5bdbfe3a3165e2cb5f2815a1adca39d8cf52b7572c
random_1172	order	1861214256758	SOL-USD-PERP	SELL	LIMIT	533.815430984	162.7993172843						53381543098	16279931728	0x7571f06a732189ba58f76d9f4733f6e4e40d96b9ad4e81738b1c9b98aa4f1	0x7515bca9bbd52b880270fc8772276302686ab064145ad2dd077038ff4fb001c	0x590168e063e70dd17cd1e464846bacdc7dc6d1bd69d8c71d007a92830157ce5
random_1173	order	1771526494913	ETH-USD-PERP	SELL	LIMIT	220.319684215611	4.27529509141670307						22031968421	427529509	0x54ba01f218e223c652a4a7f925bd0a537ba2048792a6a4c2faa639932275825	0x64da2141d7ea295746bbb0d9377744daac1a7fd1d58ddbc5bc30546494f329a	0x22b238987513b936c184b5339ab3e592b11a49014b85eab366f60a8ac4b057c
random_1174	order	1858736924128	DOGE-USD-PERP	BUY	LIMIT	9564.489130386807852	733.838104206						956448913038	73383810420	0x4371f393bb1cf1151a272603a87fa638a16cbf6d10a1348d006e4c7436e4fe1	0x1a2deeb8fa18aa67c00bc75fa847374c2697136a6ad26fe2c0dcf88ea06e3c5	0x93d055a40e3445c4cbb36740ad4f3084a01d3a25d6f7b18eb69fc3460d853
random_1175	order	1738175419652	HYPE-USD-PERP	BUY	LIMIT	98.187636608167	8835012.6889691474724						9818763660	883501268896914	0x62fb1a5a4bfa61822f66ff6860bbbd4ed45c541c700960dd90dda99c62f5ba8	0x4b86cd074bbcb0d316894f913273f3b53af953f62f9fe69d6d12cbf41648a72	0x103dcba9655e51a19f22e5c1145702edb8671fcbcb4ab9cf755e7ec55d1bffc
random_1176	order	1867397409560	SOL-USD-PERP	SELL	LIMIT	0.5133061944	91012.4057848823368						51330619	9101240578488	0x56226db0def8d4d821e8630d0417601c67c7e4c37d9d67e469b503139437852	0x3016d815c51a2189a84fbdc7c9de63f6d77709f919fea52a9b102a81f8ede72	0x39396cad740dabc1743f2a3723c2238b4acfe9f43620300b20f7cfaae4fee87
random_1177	order	1799276265636	DOGE-USD-PERP	SELL	LIMIT	358829.939113493758	6743.29559614826462452						35882993911349	674329559614	0x3f253b6fb6084b7d56b59df9804181a3c909138098c672a191c5198cef0dab6	0x7e76d882c784e82b944f711a470374a76bb196785812f6dd0adba5445de2738	0x7310f34c4d8048f6ba7ac8c58cc6c9825ae418e0cda51ed7f4267ae6e16d5e5
random_1178	order	1867383349528	SOL-USD-PERP	BUY	MARKET	7.06523367467356427							706523367	0	0x554a421f5d8a4dad550dffa1f8c92e89c34249b52e1d1a87de55c26f52af13c	0x186bcff5cc0b4a1f71f64b78a859fe54a89ca12588ff5d3c9e38f5361b19bec	0xd604830d970f04eb16ed1446d8229862543997fe00cf5d7f7484759a8987d3
random_1179	order	1862771882759	XRP-USD-PERP	SELL	LIMIT	0.811973003302356	1027.64155561214854						81197300	102764155561	0x56af50825d9413bd5b65143e3015b2cb144eebd163320235b12c35b9bea107a	0x5cf19c9f542b3eef81841d8bc0c7c4c503fb2f95738fd78e8ad6c7e54ef7e1a	0x54ce2fc8f183e8341d11df265e108d6de113caa3238b926a5b43a8efa76bd37
random_1180	order	1743686270006	PAXG-USD-PERP	BUY	LIMIT	9029.926782090608507	6930.4221177238504						902992678209	693042211772	0x32460f7772019dcfe57bcefc249ddccdce8eebf6676db3207b3133df236d6ba	0x30b357204ae0fd057bae2f5422d0fee188372224fad03c5b05effb51537d783	0x4139b70f0014cee8c5f5e437e904e2a36d910e3aa4cb45fd4dc021bed641a18
random_1181	modify	1721005135644	HYPE-USD-PERP	SELL	LIMIT	6566.04360507250592	47.69410908957607831	328420580297653950453977					656604360507	4769410908	0x5d8d80f69f437faf6cb3c74afd798e99a523335e33110a17fa61084e632f649	0x2ddc77250bbad6faf19553a1707deead62bd339576787a1e3dbc36a76f63d38	0x27506f646926390e15692be26010d8d01d1e638adc95a0015604e81eead6a75
random_1182	order	1835758689763	HYPE-USD-PERP	BUY	LIMIT	26.67625143283280	487.578468807332917081						2667625143	48757846880	0xe738c4010fea8e945f5f028051c4a00dac941dd080aca5b698ea84d2efb0d0	0x2a41cd7bd188ca6682cea104a882123d02300b75dc40a2941d9d42eeb314fbc	0x6d7a6bddd2c7da6bd207e36e0b265d08a8260a6c0eea544f47782cfe6633050
random_1183	modify	1831206989494	BTC-USD-PERP	BUY	LIMIT	36.1286127201	964058.761112504244434996	3862436428962847947051191369					3612861272	96405876111250	0x6d848e8c559bd6b7fa086808a8837de9fec219fdf7aecfa099e99bdb8d4f446	0x36c1d596ffa7bb189bfbc5412cf7979b45911a2218cec28392674754ea12c2e	0x5015fbec4f50fc804ce1ca0a9b486ef114616421970f149134f130277daae20
random_1184	order	1825584454465	BTC-USD-PERP	BUY	LIMIT	76842.352394133	8331.55095404628742						7684235239413	833155095404	0x3a554451ca65db3c2994a1683c0e066dd620cd508fe818e56db166667e06d66	0x4eb2f1b160cbf4a5de443cb093727b03cc2d6abc2d0d376b2231d0d1d02b8e3	0x6480db47e1860218655031719a99dfba6879b6d3a0c6599b48536c5eb7951f
random_1185	order	1829965294646	kBONK-USD-PERP	BUY	LIMIT	456207.599538138632041	6076933.36251647912147						45620759953813	607693336251647	0x4d6e4e4eea80304f698d57fcc7735a4ae241d1cf383c3f07df6ed706e6c1e6e	0x25f87eb853698065b5cf885cc78dcac7b2041a28d4c55c23d1692a59463efa5	0x5be391b8818cc5fa4fb20c16533cddcb37310f74b54a9f1aad8745a8f73f887
random_1186	order	1887115734319	ETH-USD-PERP	SELL	LIMIT	90.50312888758	530.15642885831469						9050312888	53015642885	0x2d8ba8a4099ebb3d93c5a21dfd80c912701a3b734251b6e59d958e79443380e	0x79494c52ed315104f9437ab823f466846059a04239e21fdfb1e31b91603e890	0x706a87eb7ffc5d73dff657e4c4e480acad9238207f48070060d1fd4b111984e
random_1187	order	1799759430980	PAXG-USD-PERP	BUY	MARKET	69081.682937809							6908168293780	0	0x2b963adddb63148ec1fa1d8e7e0edf32ee6d3b610fa14330134d1124fc9ae00	0x28dbf596ffb10f3cef5c996a789b8aec82406e50326f82840bdc15b413806ad	0x6c9c79dc9ea33d0a4cf76134774cc9961cbe059f93c182c40e54232ab76e6d8
random_1188	modify	1800636594753	HYPE-USD-PERP	SELL	LIMIT	6390.624529439582	4366435.1094203266	9772553212175026030833655					639062452943	436643510942032	0x2e7a2d98fe30d58814c780f4cbb02068f74fb6bbe6ff95b86c75b98891ce56f	0x31d3033396555aa04e08eff924ea752dea4433724f3438ce4fd157acea9c1c7	0xf15f604d4dcba77a14360bc171928a977149c2f22552a320052da614c82971
random_1189	modify	1764524126629	PAXG-USD-PERP	SELL	LIMIT	6876.2514139674316530	20.731078771349740664	2262145846102857340635318					687625141396	2073107877	0x662adfbc0675946c83d14a650d6156ad8db0cf1f185909d3081de669889a951	0x4ca040c0a82199b3e5be3df30f3631f8bc7d1fbdc773e201f9d2a036635d315	0x2e78240ea8b7806baa6082bb443bb795ad939076b403635101748b992566c70
random_1190	order	1741943913765	BTC-USD-PERP	SELL	LIMIT	182.6948522592489	32315.775530890						18269485225	3231577553089	0x1bb7b2b58d5532cae6d2a9411343f07f47c68ca950c63bc2b52bf3269bd79e5	0x1c8291cc85739a97726c6f7ca606cd4940be2eb56df6e03079d9f714f29546c	0x676eefb9d9d8249c81f2fb3ebffe62082da37bdc595d47d79cf5be37e5a228b
random_1191	order	1837751230005	ETH-USD-PERP	BUY	LIMIT	950.5862506031515	4665159.368138200581						95058625060	466515936813820	0x709bc4afee84a1005678c4b46aff9ff5769ded58176065576f4ea7daa996db9	0x65198a2d31276b89e37243fe0913377924d1ae34839346bd97ed3744da248df	0x1182d407160622fc783718d2fb00256f24fc59b8a64eb2e896353d593cefcd9
random_1192	order	1764489939673	PAXG-USD-PERP	SELL	MARKET	0.251055232462249							25105523	0	0x4f960af36ef2dbbd21d4cd964da5f2693043c3c56c4b70bb3ac666cbf4ef6e1	0x22a251095a9ad7ed3b2fb702d3ac35cf13d0ca7e30db2c0fd9fbd4baf98a96e	0x3f3a393a8192969eb87bb1f8b9891a576416433f3c2abafbcf549712b0689aa
random_1193	order	1714411299304	BTC-USD-PERP	BUY	MARKET	592.108700989258							59210870098	0	0xcecfbca1fac603976777166f0eae8a7254522c2507402f487ebf0dae14cc7f	0x705b947f8e34c48a8bee3ab6576a350f4967f1a76bd615ef1d5c64dcac7f3af	0x4af8a6b84e0c22e11ba33d6eb0302a4ec19ec0ab1654a4939a437469423a4ae
random_1194	modify	1775352572323	ETH-USD-PERP	BUY	LIMIT	230097.1306139977060546	47.4789746352699	77340110794142377115663752326					23009713061399	4747897463	0x44c4c732f8babbaf0a6246bd19beaaa60f4922de8822f98f5c7adcf63e7ec7d	0x68bd6c2416e057f671756d1f1570d50ab23ef75bb5e3a384441e4046b9d832c	0x1fd87f71a9831fac0a95bfde775560aabf788fcfc75348db55fc4fa97522dbf
random_1195	order	1890798145186	XRP-USD-PERP	SELL	LIMIT	0.46531926978	1.8190777548						46531926	181907775	0x14862f1c1f9ad5b47645aff16bea51d0b8be57a8df1d783c86f3599787521cc	0x5b62d7c4efa1db5cf4812bf18b38117ffce8b8813e4611b3db702f0ace4ccd5	0x1aedf7f37a97634c343ff741c9c0b58bb3bfe6e7c5d33dcbc2bd1e0333cc06f
random_1196	order	1768233928476	HYPE-USD-PERP	BUY	LIMIT	664563.43334388283389	82082.1141218176						66456343334388	8208211412181	0x6131a82701f1bb82c44c57f52c3b1180ae78535366980d5b806217d40dbf9fb	0x25c1dd1625f223ba0e93338f2a61202bd30cb1154dc93ece06b3118aac06408	0x3228066b0f9c2e55576f8feaea6627a219e3d56dbea82ead6b55a832886c236
random_1197	order	1734501905142	PAXG-USD-PERP	BUY	LIMIT	83552.2420187941	66993.897363842						8355224201879	6699389736384	0x4dae9ba929787800c368b00c22906fef471338712ae4e2641fe61d51f0db793	0x3a6c0b85153348c96bc5273312b51a4dd8ef41662e4adf4294595771170ea1d	0xbc05fdc2bf76be651d06d737f4c41d21dee9a797ff492810321310dac5701c
random_1198	order	1797612477361	BTC-USD-PERP	SELL	MARKET	2.1703513913							217035139	0	0xadea7b87a50852fa8aaf91291c04e1807fe79fa4ffab058713ee35c1f6141	0x77538117ca904b3b2f156e38b69d2f1c1f262dc757aec7e41e95dee1706f7bd	0x7fb79a9e7cf19a5b055576cfe77275cc1b1a82bacd63cecb3a04fe51d08e1ee
random_1199	order	1725900359114	PAXG-USD-PERP	SELL	LIMIT	31979.6516301389	3.3204166393800						3197965163013	332041663	0x1fa7212f76fc9b1209f6b8daec9309d6744a3ba469f495039af4a3d70ccc017	0x4e745d1c72898ea21c6ca6dca8d3a2335b9a2e932122785bc56d86b73fe9115	0x1bbad74bfdf7c9f436b66a871da13b854ee4c0af932fb74ce613ea4454b2dd2
random_1200	order	1839446261845	ETH-USD-PERP	BUY	LIMIT	77.622569182	3060.0896191045872027						7762256918	306008961910	0x36763167f30cad39a60ccc83f0cc3c9d72b2ff156cc5e98a7afe8a4b9af78fc	0x71e45982e1dc34e3ef68865e018d8c7d344fc30c97b6d64f2222a221c40d8c7	0x62c1235764f8a52e93a2626b84b4116fd1e47fc5d0610bb60c71766e365ac78
random_1201	order	1715363910471	kBONK-USD-PERP	BUY	LIMIT	0.160109367226	3028203.83991544266013720						16010936	302820383991544	0x6241a9c751e95f744c4e4b398299695b1f872040911b0a66606e41840e96d34	0x7997664c4c22404273a0b31eeec8633e1c663ae39018577a6a84e53c4d020f2	0x6fb7fceadc78c94258986a183509d79b15cbca4bfe3804e4ebaef25cf5b7510
random_1202	order	1883594355782	SOL-USD-PERP	SELL	LIMIT	738189.16723810985922350	2405084.4068652092849						73818916723810	240508440686520	0x62a2e2395c917327d879bfd013df12a87e8f2ec1ec5d305a9bcf1a64067cbe1	0xac24d3c356dfe634d26aee9a9ffed9cb521752d016c1d72829a7b7e14352aa	0x3c0d4361921a4305839db6e2b910161c1fed169f59249a148eb465feddc33bf
random_1203	order	1798033362297	PAXG-USD-PERP	SELL	LIMIT	7236.066585790495050	549807.2857006842873						723606658579	54980728570068	0x21cb8b25a0e68dec8fbf264c92bd55822e29a94bad31f7b5558cfeec96e35c0	0x3947e92a9842dbc43603c2f948f813cffa7d412482efd59fca6475292c12fe0	0x51d0e6545cc96920126d48590d2c3d43c4a29ea7216e72fe7a8a010079162a5
random_1204	order	1702538779472	DOGE-USD-PERP	SELL	LIMIT	66590.10550361417219882	0.2338853958330						6659010550361	23388539	0x5cd75bc80053f6f51f4d857a4cc46918a75c44d9f24dc30a7544d49ac8247a3	0x4c6d447c51f32beb9d8c15d9d837e367e4aa2ca368561eeae6c4a3fd1e8ab8b	0x7f755d11992266da5ad6feda05fb7ad3b1dbc6a04f513bc343651ba192dde6e
random_1205	modify	1811587617101	XRP-USD-PERP	SELL	LIMIT	110.59956798400	34061.4946730851	9734722759672054642616					11059956798	3406149467308	0x21eca812a9496c539edbd31370a85ce01132b76f2a8f5f7dfa7b66f6442b7fc	0x7bd2471586a926bf8e3b1a56a51d1e3f1c1046c1e98b525d21836684b7f7149	0x3953c6837cb9fe2bf6801b40ed6e92d11bf0843dba8a6c4173fdffa8acf1b8f
random_1206	order	1748731874295	XRP-USD-PERP	BUY	LIMIT	9.241792000	651306.71081338808333756						924179200	65130671081338	0x68faf70b2cac9e4fb49613c28e74e386e254c1c63a17f199c00ef464efbc6cc	0x20d0c60af8888377d95bd2ce22228c2d8c37139c21567e45768e75714354285	0x1aef72277e42db97b626e95123d52c59e02fb744aeaf1d30e5ca6a32284cd68
random_1207	modify	1828223339642	kBONK-USD-PERP	BUY	LIMIT	30374.277153445974	45.5380511711609634	703628988904880291288097630					3037427715344	4553805117	0x5722b807b739f513749e5fde50eb353fcd2d9a62b258650e58317dc37c7e195	0x76f06dbcb30ce5b395403a3b729dd3206332a5fb3168031f09865f6ad9016df	0x425e15f689fd1f3c4258bcfe61d02d8dd980b6080d535a3cc175f610dce076f
random_1208	order	1893130841283	XRP-USD-PERP	BUY	LIMIT	251.80495362434228	2362264.202954434969						25180495362	236226420295443	0x68cb5a78df08fcb66e84099cb2e6f6158b45225951cea3b9d7e446678f88988	0x2a637a0f9623ec972f1f0063548718e51ac17b5bea7f57892be92c50fec1f53	0x702cc3b7c2f5526330cd1be8e67df5e853c127b26cc5c64bd1130086802286a
random_1209	order	1745940859081	kBONK-USD-PERP	SELL	LIMIT	1.42456980060770250	9.1622753065						142456980	916227530	0xad3ad530fa57283a8eaf46bbd0c9760edd03c0f9380ce5c51c325539e7791	0x60b3a777927cfd8f22753fa3712b7645865e311d2ef89f5980b19d0eb73a014	0x5cba24436b697ae86766158e353ab949644b3773abd4794ff6246a0c2cfdf3
random_1210	order	1832426412429	SOL-USD-PERP	SELL	LIMIT	4812.699498772486177329	36.7505273766548854						481269949877	3675052737	0x710142c385c7e289203f80b22f24542ba7ae5ccb1a154659e51530ab9f068a4	0x4764c029c64b902743846916775b2445bd1dfdc61e232bd85cdbe3a8fec33cf	0x6d7029d17a3b6d24347d958521daa21e5ec1624890369421bb337fd39af3962
random_1211	modify	1819978811600	DOGE-USD-PERP	BUY	LIMIT	334825.087798315	670590.6587001625524814	3552345597426575107794715					33482508779831	67059065870016	0x7eb502314c1bb6639325cfda37186362a285c7a6e47e76190058d609ad3d3e3	0x65dfbd6c5fa4d7f7e9f1c05d403d7814f745b1e3d8d4d99c7f896ed35288320	0x5ad58d1dd9a758bb88f5015eeae0753d64a9e8f698d6e5c52094d5df85be3c5
random_1212	order	1895401486595	SOL-USD-PERP	SELL	LIMIT	48.4938806537	1000799.212241313						4849388065	100079921224131	0x344ffcba1accc7bc84cfac822fa375bbab331999c633758d6ab4ff3278e21e4	0x3e33c7199389c00c327ced44683881a041add9b538eeb7c51d5ffb362cb6d19	0x66deb47e1489507b6df7bcf8668144864b3ced3b9384e58cf79b7a193c48713
random_1213	order	1720248565927	PAXG-USD-PERP	SELL	LIMIT	58.1831162878	5024.53576388812047						5818311628	502453576388	0x15ff0f77e993ce4dc92947ff31aef4345bdc7cf4299843d40036d88e7d6b207	0x3945350f4bf3320621036068d49befdb598241af8ff33d1238a031f7853e316	0x54bb5e9dae2177c9fdedfb536a360bb6867591dff56a843ae9d2e637eca17c6
random_1214	order	1876658119054	HYPE-USD-PERP	SELL	LIMIT	0.39666050713455887	0.0512273997305449						39666050	5122739	0x1e545ed4f7875f1284cb8400cac61667169f07da64e0107c683ed5953031aa7	0x56b308abe1c7087f1a3ba9b18b50bb685be138aa1cc48ac05f9f9fd6a432c55	0x40bd57d8a4635b389251c332f92d9f5266e1070f4fcc1084d753dde652f4bb8
random_1215	order	1775804454932	kBONK-USD-PERP	SELL	LIMIT	273001.38113503094	56.5033545216						27300138113503	5650335452	0x177240ed5fa3eb2c95131ba0d250a726087694046f9d5a29c86a5a468c63f48	0x3da854614b75060aecbd589f16a62a48de2914148511f3502bab1b7e01c2604	0x3242e1a23507e97fa318c5b85478f800fe68d083df13336ce07fead9ee5af45
random_1216	order	1740348950814	DOGE-USD-PERP	BUY	LIMIT	98.611585904290	996.454303600598253						9861158590	99645430360	0x1d16326b8b3b787ec2d32b64341cb1d2aa777a1d981d62db40feb7458f605e1	0x8cff727f8339dc8a1a30d175dd6a91ff4067b893f80e7fe484404781ac8eb8	0x6c4c8fc89bee23380ed8941d40125878d54e31747643d18cdc01f1e8cca2a2d
random_1217	order	1799533405202	PAXG-USD-PERP	BUY	MARKET	99993.41304603089985798							9999341304603	0	0x2cd5f8763dc1bdf1ddf90f2083f8f45617020cfdd87aaa57732dd515a591afb	0x1f0cc60f08c53e1bdfa46d7ebd5203a24882293402d4c7665305b9ae700f139	0x38bb6b4b62fea6fabe925c675c3992f786677cca309a64002937525317e766e
random_1218	order	1859310803903	SOL-USD-PERP	BUY	MARKET	262.129092303342937793							26212909230	0	0x5b7b6517e303ff137b2db1d7e5acb874ea214708757a2fb604701b120b163b0	0x317ae674f80d53522b869e5353c882042f5d2db28eacd53b465f5bccec24b1c	0xf89c7ec5176f1e38d793c724b8d07a8b5cb9d5da0fdabaddf943e39d5849ea
random_1219	order	1880290622132	HYPE-USD-PERP	BUY	LIMIT	41203.309960562270	2.4573066773						4120330996056	245730667	0x5150681571338a4ec255f64a0341bd888ab6572037df1c9ddb6e18b644d743a	0x71648d8654222c269561806a5275f016ddfe92d3b46bf91d7144473295e405f	0x43495773caa5ccb11785fbdd24803862d36ff38fde723203369024a66524059
random_1220	order	1773204439584	SOL-USD-PERP	SELL	MARKET	0.2019385803959							20193858	0	0x1057ccdcea59080e5f26160c3a108f9a06f045b20102eb19dc75691b1af101a	0x7b0685a8c2e60c42bbe749c6954a71fa3fce002f11da67c0fe83f8a3aa00d39	0x3f643a96ce8e6d6cb07ef0c4d78789e99b88c8fd4b7294fa2c4edfd82b73073
random_1221	order	1733544617335	DOGE-USD-PERP	BUY	LIMIT	4839.81070392683428358	4.5242074230227212						483981070392	452420742	0x3daf5287de406239918ef2109d5ddb3c4f3df4390baa296bf6425d2f50aaecc	0x4148e009868bb1d960d5f60c867fff72228e4f57e043ca4e1a14400f25d80e6	0x53da13ce6f8859f51233c76123365ff3a71db48dc6a272e1fda6dbbec9441c4
random_1222	order	1855015044248	BTC-USD-PERP	SELL	MARKET	30936.2123910554790							3093621239105	0	0xe35670ca3feaa4efa90a56d131bd03138424b39c7d5ae379f757c843927390	0x474d1bb774e51f1e3f23b43180c9215d265b3561988b2ce04158cb613793d4b	0x402d4bc18ac67dcb245892974a84b6ae06dea83c51d4d3f87c38a4cfbf0a036
random_1223	order	1770464020721	BTC-USD-PERP	BUY	LIMIT	555.26270953715695	6.8646890338283						55526270953	686468903	0x6fbe19ff368b2517660a0bf5ec1a679b59d9d170ed368786ffcbca51ee9a907	0x701bcb747c022c87a44ba76c1f6d1eb1e12a92f21eb33fd25eb136072af62d	0x3f45efb400b37735d41938c733b7fe4866a67df5a2c8a7e5e5a7081033b4ec9
random_1224	order	1758786374976	HYPE-USD-PERP	BUY	LIMIT	5.7019193751131	185995.940752172						570191937	18599594075217	0x7d2e9a0b9ff48072a3105446a8f935639b533b3b0957a176fb74d2bfe65ccdf	0x3ed011e80ef0d2783781b95e9b1570e09e88bd9fb4b00966aac9c47fa89a2a9	0x620d97f1570411b5253390a79e3822c1d26d33327552608d61c4f36a006bfc6
random_1225	order	1752234124181	XRP-USD-PERP	SELL	MARKET	82.689620501							8268962050	0	0x48132cf052cf2cce71c43d90aa219a5c7ea9588465df7016a8ffcfc17628af1	0xfe6ac8b14df47c7f374c30129ba0f8980ad6613f2d60e7a3a9b8792cb625ea	0x738d40a689f8b9b3f91f8f71d63c5f6fd4a22aae5235b9e849aa053e1456508
random_1226	order	1831648572085	DOGE-USD-PERP	SELL	LIMIT	825.07251336865312	8860.5118873041221						82507251336	886051188730	0x27017f74ecac37c77ec2a0adc33dc0cbdd2674c0eebd41798fd345216b3f8b9	0x212ec5b406802f3c9ba0c4c53e7a2d1b2d76a54559dfa0333dd331c63266d3b	0x5a4d528c9d93f1d103ec8d8856eb9a9bb8fc4d0e97f9b81417f6c07301e4138
random_1227	order	1827486406640	BTC-USD-PERP	SELL	LIMIT	4.66612574665397871	0.10061287293768						466612574	10061287	0x665abeff81178be8405fbdc890691587e800137f9252adef41e317fbfc74aa2	0x79fe0b67b2607c2617617d11c0a05018d10533ed5c4f8d4c9ee5adbf683a0a8	0x345b45752a34634cc4a2e8929916e9a16f0f34aa3539b4c2300232c5b97af00
random_1228	modify	1727662532783	kBONK-USD-PERP	BUY	LIMIT	252.7398593454830224	62967.069194550428475	463669538108076519814					25273985934	6296706919455	0x13fc57828272d93ba39b3589125092a98fc3c53b80a9b8da7cd14487fdf54a8	0x6f0fc7423e5a62649da64276637449044bf580323f1361e31fa292c42dbc702	0x71a566ec6e0d3ce83f5a2ad8d5c49e79fbe1c4231712ec596ee658f30c29484
random_1229	order	1770551875690	kBONK-USD-PERP	BUY	LIMIT	21.7648313893	100831.42200810025						2176483138	10083142200810	0x7a1f5b785000c520b5233708f09a0f2abe769764383f45e7a3798c947f98b1a	0x620cd00349c9531bdfe61649dabc3fc22d0b201985c687a564b9c03721718a9	0x5f98d4741aaefabc45cd23d5df3020fb4f885c3b39bae1ed498ff31fb50b883
random_1230	order	1851250330198	kBONK-USD-PERP	BUY	LIMIT	30853.8465328518729	559.598420455						3085384653285	55959842045	0x66bb353280f1e28520bbfe6a6e34610dd6a1788efa292b9556d76e8b71bada7	0x6f096f7bc53f52d4325747c2d3d1dff0be69796fe9cd10d6b8f56fb2ee38cab	0x1315948ad7c9f71c9aebe2d90ce46676a2cb42227de395f85c2878e09cdfb58
random_1231	order	1845954334494	kBONK-USD-PERP	BUY	LIMIT	10.4775458608	3.35664583144724						1047754586	335664583	0x2f110b74fec6586b848e01a99ee51246a0a257b146f2d54158dfb5e17d6cb38	0x21e5799535e2b47453926aa733014c04e03ee2739b253e7fc76fb67042bfe13	0x74aa72efa914b287b09ffed6369849ebc6f82465bbf25b97bc05d6fe769e762
random_1232	order	1706712668128	HYPE-USD-PERP	BUY	LIMIT	76835.86799266357	785.87195675613769073						7683586799266	78587195675	0x6902bd1df0d6e1f7dbbe9159a1dc8d1bb9ee7523d09cd372c05aaa24c767a3b	0x79672d0209e3eb791cb41d534d31cfb1795b3e678a8857ff97f38744a33850b	0x54169e719da6fd3af8d9294afee18cf2f193f4d0f6ae49077869b858e4f0aa6
random_1233	order	1812014173258	ETH-USD-PERP	BUY	LIMIT	4766.87932309093	72.037321940966037						476687932309	7203732194	0x1cc637d2c14b9f55f1206ab5d7de32cb30e35d0b048670d4e3051961621793c	0x1a3176d068a3a0b110d4093539183d9316fef9586470737643e9665661dd5ec	0x1492cbc2c8c0c1708cc21e06e20af76be139293417b8af2e07727408e1ef0a1
random_1234	order	1799573131795	BTC-USD-PERP	SELL	LIMIT	263.674602492	9449899.44552467955718						26367460249	944989944552467	0xc7012e4787f78a5d81377dd9a27699120be2d00b5b61fad23625de09a3cf28	0x3c646855239d8dbc2fa642ddf8c106937702dd235ff0cac7e68007ca201a97a	0x11795a21518788c7b76f1c096ae7d3e3c02e38e89db0ab121f8347e93e20170
random_1235	order	1815800090736	XRP-USD-PERP	SELL	LIMIT	2.57016475312482162	1663.8187764847202						257016475	166381877648	0x46321b54a3f5066caee8c37a845bfe468c1c0cd999103c3fdb09d6ebbb2164e	0x73310109c5c9704268f6dda9c160657c852b7a187ec915e9d0463e7ef0eff7	0x638f2529ead62b4deff5b86e6a522645b053f4cd4229e4e77179c9e8809063d
random_1236	order	1714697025442	DOGE-USD-PERP	BUY	MARKET	39484.321622157633640957							3948432162215	0	0x66a0b3ac2cbc5ce2f64c230de1fc6fb6285bbcdf4f81ef1da6426b7df641ee9	0x74805055f3dc32eeabf7ad4c4e12e18cf9f543aefdff318ea590f1a51ba041c	0x258ed358d6295bd8184c08fb7ea2e9ee09bd93bdd772d58e092e41141379b6
random_1237	order	1726386897635	kBONK-USD-PERP	SELL	LIMIT	6.467544264	4.382621163569238060						646754426	438262116	0x1e1359742089182295045f251dc0f9878555a7386d01816f603f06b3737f0f3	0x1b458b3a642aa0a62243b4e537646cc088002658b6b23edf16fad12d1fb16c4	0x1dc4749dc80898368f3a516ee247e251271146f9873d74d6ef2f558deaf8034
random_1238	modify	1757490663266	XRP-USD-PERP	SELL	LIMIT	6.579302476655643	68634.9772942853	193602810893988626526529					657930247	6863497729428	0x7d9cd37a9b4e2b423378914c76a20357fa81d68a21767f6972ec928104f9709	0x1cbad83bbc672bd8d2cbce08e318978985b1fa262105fcdddbe2f93788f6a5f	0x2ee2548396f49006f38b343e72a79170c850f741b9fd22d1dfd367563212a43
random_1239	order	1874201975709	PAXG-USD-PERP	BUY	LIMIT	1.40507483762	47.678722541535472738						140507483	4767872254	0x2e74e6c36e0bd5fcfa04c3d10542c0993def77db7e2cf95c0db88964ce18942	0x1da49c882c1af43c2f7eee929946f74d52b23be609ccabaa68356833e030a4d	0x3e54b66a5f1ba6a35b346df6151aedb320303840f745195d5a5d7d29e5f063f
random_1240	order	1879151969133	HYPE-USD-PERP	SELL	LIMIT	35.7965171648478	837576.2299308167						3579651716	83757622993081	0x506e5495cde52ff80e817008244c7bed71023e55987a9e619e927ce1b4bc8ad	0xfb0ae76e4de6d19d7f1a809e625cc8da1cc4123d17eabd5eb4c29163f38b06	0x16f00f1c330ba17d985abaf481a8a89fbf6d9e3788e7f97899abe18e78cad56
random_1241	order	1733852010062	HYPE-USD-PERP	SELL	LIMIT	0.164540462299171	27.8618181564952						16454046	2786181815	0x3de32b19407026f0f9b0d8d188348152249449f2f0fdc6b11b3c5f7fb32caaf	0x2343150129adc6a6749906754af545547e5966263e4a9d792687a72f140b206	0x72757d09b582b790711eb4c2dea6e5c16fa3f3f3c7c48b1ba3f3dfc1d687a20
random_1242	order	1702147082929	BTC-USD-PERP	SELL	MARKET	236364.9108765129966278							23636491087651	0	0x5ddda7fb56610a5b18676b3bbaf3266966626ab9a85ed82628c0e738f8209df	0x35d9bdadd60d08fe4c9a1dca8d117ea9a36102b346c6e9688a6fe5dd78005b4	0x3223390b6a550ca1a88995db4b461f35aa15ddd2ffc3244ba9c42ea5d264828
random_1243	order	1858421371300	DOGE-USD-PERP	SELL	LIMIT	486.611087630548930955	4013620.5948550825626						48661108763	401362059485508	0x7359f4b10edb01e2c3bf6a86e2799c4dc2b8b88b45f5a762912e90d01c77deb	0x199db9fc5a2186497ff93b3bf123e631baa378bef364319de389a2bdb7aaf54	0x7754874c31d64295b1fc5b9bda5ce4b16388d821c53b334847a43a154bf627
random_1244	order	1808509936504	XRP-USD-PERP	SELL	LIMIT	993548.4058612156	1735928.85766838201588						99354840586121	173592885766838	0x3d9e61e42d1970a65f302f9e5a361f02ce07b800eb51ad94be0b911dc8ebdf	0x467bbea511c7817969ef65d2c91e165d85e103fea42dd8712ed7d119755dc00	0x60ca5f429f9eccc7b82aeb85dbe23ed6db0c2117307f7d1fa14d2118f0f8025
random_1245	order	1897908113773	HYPE-USD-PERP	SELL	LIMIT	1.29242471297	67236.616135261190208253						129242471	6723661613526	0x4e3ed382cbe45069c1a0269fefc5471d1e189b9e0151ab4c6b8d29d3dbb37a	0x60c9681942ce31b2b2f29357625e5f3d1e8b3842603f2eaee5560e1b12660a4	0x12f9f7411c5b5086a3991e36183e86183295901a0ded5802cb7f5311dda1e3f
random_1246	modify	1899230101379	XRP-USD-PERP	BUY	LIMIT	98005.9027102927199442	1.82407247416082	3801357762253279016491092259					9800590271029	182407247	0x223805d880b0cdb0a3f105a78180e60b6ff06a0d986b4c69624366b4058ab2f	0xaa73eeefc145c8444f54da455a3af0950308cdc521c561c881c9639f3d59ce	0x64c8b4a95238b4de2b0d8ce9eb600f7c0721cc4dc9c4b18c5e885779fdde93b
random_1247	order	1790819911090	HYPE-USD-PERP	SELL	MARKET	6.16534165201640							616534165	0	0x21fa87edee668a34353a44e926d24bad767bfc7c475bf78fd591dba5ef1958c	0x5e2bf5e58e47b3109c4812aa14a4feb172b5bcbae074cb6103702f7841ec637	0x43c22110ed27f724271da717cd88c3d44086fd80ec4d1f3f36e9122d6687b7d
random_1248	order	1830061838996	DOGE-USD-PERP	BUY	MARKET	518.69270016187							51869270016	0	0x37e6277e174cc1f847284d1a596c2329a0d2ca5c6fe96dacdfb2c64173e5fa	0x25e7e9f7a9a6ceb5f2069018a5e3e55ced911b91319de85b9cb64c995a8f6cb	0x7883c270af52cab997609ebb214cd22a9b46a43fcc5b6a90e9a4543a73f6331
random_1249	order	1848446197192	PAXG-USD-PERP	BUY	LIMIT	871402.0343318947	164.54530147451						87140203433189	16454530147	0x6d7fbce5e74aa1e92687e4dd61d7156dce0275974426e9cf57b1c64bfac48c6	0x353fa93147559f5611cda5fc338c5425720aaab671f6a4c820c1b88982cb6f6	0x686da0b9110714b44a50d155d0ac1b98cfa08d9a3f6525509ac88e70d0d7cef
random_1250	order	1856413309610	HYPE-USD-PERP	BUY	LIMIT	535.757158387578779	773992.926586613467772029						53575715838	77399292658661	0x3c7e3abb4973e5446fc8ea9b0accaaf4c1be6d923e36122b29b749d47d9b7a2	0x492939e4a95023791854355be26740e786d422d080a714514153e352985fb87	0x4f173aec1fe384f2ae8f1ad1a7e2ca143023c7fbcae5a5a3a842b994a64bb91
random_1251	order	1856054611153	BTC-USD-PERP	SELL	MARKET	50.2643718669487030							5026437186	0	0x38ffa8f2d7d70dbc8a059ac815b9bc3a87a3cbbfe5bfc2c20618360467ef39f	0x1ccde9ce63ab3e10d97a374af0b4d7117f2a69f274f6a137b05c82fed610b09	0x69b99371de9302595bf54ba5f1b6dae7ddf9127ab93f6c9b09822b1b0b20a16
random_1252	order	1722335572054	XRP-USD-PERP	BUY	MARKET	9831.66429755373548							983166429755	0	0x592b08e0b53a29ddc0ef19ba5816c1beb3e9043f8ef06d5ededdfc86c49701f	0x6db5b6a293001414b2a10a05052d4cb8640f506d3f256e6b3a8a56ef5322688	0x121fcc4f2546fddc0375e431582836f653672663bd9c7d6420a7037aea0929a
random_1253	modify	1877397053295	PAXG-USD-PERP	BUY	LIMIT	5.4385436901	0.7145569780844	6778455730264490689156					543854369	71455697	0x48185c5c43188a7d3e6e5fdec275f9e4754c40ce92b75c12ef3cafe5e164e0c	0xc9b7b0a658f211f54221f06a4f5195fc04b2c9cb617ca62e407172aad434da	0x1b21c02d7c53502f0391ba15565c234a4c520e0f4e5025283f04f93b205afdf
random_1254	order	1776488714770	ETH-USD-PERP	SELL	MARKET	8791.9844936658							879198449366	0	0x4da3d30fcdbf3300941bb137e35e8e086ec01f72399e70b0ec63587313e5333	0x6466433bdc946b52b8e7333f796b0f7cefdb34d4b6cf28e41f14a28c96eca41	0x7026d7e2fd7835404ec969793b5d924041b522e81bca03850e9fb0028f5541
random_1255	order	1809545519899	SOL-USD-PERP	BUY	LIMIT	28698.0184037583356	7.016830474852402						2869801840375	701683047	0x3ef85b7e5d597d158dd983387781f38aa6a1f41b5bf83a85d37644bcfe981a4	0x593b8d0381ad4ea10a2aed51814b4da4273da3718752f65d149e693c276782d	0x71c34abfd871bf379542b7e2963a76ec04f6f7ba4a203921aba2d0339a577bb
random_1256	order	1712659256228	HYPE-USD-PERP	SELL	LIMIT	4.68341301771387575	0.990019260						468341301	99001926	0x5c2203911d4700645778c7770eaee9936d7c7504f38606976684469787f74a6	0x562ef491e363b278b033404af9cdaf0441f7143aa3b25b13ca364a80eec4a28	0x294287d8b4d2de2d43e4bc6361463cc8d48fb2d8faeba291edab27b30b6eefa
random_1257	order	1781136546971	kBONK-USD-PERP	SELL	LIMIT	475.01213335987145	5382777.265294780186920906						47501213335	538277726529478	0x3cd436f197ea97fdd4966abe16e9e25382acbcd76477aee1088a9eb64f4dbb8	0x2159da40ca2c4ab4b5dc73c032eee04765f24adf28842b72888d3ad9ebd99e7	0x2c27f18480d89efb78555b25f68c4028701977b203896538df9acf3dcf15537
random_1258	order	1762939929559	HYPE-USD-PERP	BUY	MARKET	0.199599917234230737							19959991	0	0x50a55f130ed4d5d448619620a19c244a9b3c3a8b704a68963b7328cc4d1160a	0x6f85b5be61e4f4c3aec41d54f4ad6595bf32ef89d5e62f1b3a86c9ee62bd13	0x5858be1e4957156847435b3b3dec420289b698d292de381afdcc86a00aac084
random_1259	order	1814749115127	XRP-USD-PERP	SELL	MARKET	755.4066629616222699							75540666296	0	0x577dd0d616addd53abaa74e31fea834188531526f8f5f068ee88e0a30a414ad	0x429f3e575e35d1f731de4e7b5912fc16dc9a54801a768827eb00ec70fbe949a	0x3dcf2485c3f0e2ca5cc64f95d4c6a90fc9a3e1acd6cfaffa25065ad5cbcf6b3
random_1260	order	1873213089623	kBONK-USD-PERP	SELL	LIMIT	585.24453104932988765	218677.71220716014904433						58524453104	21867771220716	0x343344b5e7c82bfe9ac6d7b83ef530958fedeef1b4b1eb7c54caa886fd85ce9	0x36a4abf98a747cd65ed80b8cd6ecf836a496602d4e6d2b67dddee88c679bcfc	0x352b0cc307339cb7fe8ab4060cdc230eec2124c17d4298773dc0ea4a6eabe8
random_1261	order	1836217103552	PAXG-USD-PERP	SELL	LIMIT	59251.481936178367	65754.778325518534						5925148193617	6575477832551	0xc2d368e67d7a9983ab421f9cf6e0d09a450322934b80ff4d4c50e39a6e0ffa	0x49719ce9c767433fd953f1ec9377284c9699e92c8d022e539ebb0c3290ee24f	0x4d5cbc8d4633edb3adb0777f8541a634facc5e045393ec458eff9cc05043267
random_1262	order	1714810448290	XRP-USD-PERP	SELL	LIMIT	78.753598980174	186630.2568230550072733						7875359898	18663025682305	0xe9dc6c9bab6eda0123b845e9090947f58e0d6e46c5f03ad7f100465135ba20	0x3e45f1c119f850d41125d0a6caaed7c06676c9caf4ab5b71e1ada824ef53e05	0x1f68eeaaab59c81dbcf54fcc411365df148b640f0571084eaef692ea0dface4
random_1263	order	1737441674352	HYPE-USD-PERP	SELL	LIMIT	762077.22128458148795	3.604817193						76207722128458	360481719	0x323821dbdd290c46783127840b34e232ffe413f4e6c688e1b4cab71e539eac7	0x21fe391b064314b9f424537e8cd413c761d9392bac278c438aa660d616bdac5	0x7f34ea8a87f25ee19ac49da3f982d6764673d0fca165b8422122586d6c707a7
random_1264	order	1725054858872	DOGE-USD-PERP	SELL	LIMIT	59667.926709357489	3457962.0478015462666						5966792670935	345796204780154	0x3fa32c3e4c007bd284e9977d6e57cfbe26ff018acce53b46be836bbbe9b40fc	0x15bc926875c5c97ce815b5b1ff7a081ec3c3374f5fb39b1e8450cea4b4b10c5	0x1948776a29c2b8847a0259ddcd05ffeea4cc58f2ae3d268f2f216f06b185b92
random_1265	order	1732557612329	SOL-USD-PERP	SELL	LIMIT	675.39973503377791	92.361891090546816279						67539973503	9236189109	0x2e6daf4a40565471735cf79494666f77e5743e592ac90302f73c2e9887bae99	0x7b354958c1f750652595525048c50ab6fab736e8a37ab12fc59df74f5d855ec	0x21d6c600a3697bae6afc1d2c6c58b0f7d2f8f88559728207eaa2f328b3dd345
random_1266	order	1798275146378	SOL-USD-PERP	BUY	MARKET	47.4399355861746757							4743993558	0	0x7300cecf3318c2cea795b74102005e06ef24b70f9c7a2187340fc667cca12ac	0x1832761a9d82b6c4cbb3da2feda8de6961e02f3f40c814c3e22c44031895d08	0x5c0c12ddff84d1c1607de3a44e5334de9f0c993d222d2bed9b2421859d6b171
random_1267	order	1808114697761	HYPE-USD-PERP	SELL	MARKET	0.49837270208803							49837270	0	0xa3766174656b8cdd2a8e6e187b497b3f8ce569e23bde711b4f66a835c59e8	0x110dbfeca8fa87c2dd0124890e1f14fc0bf2d4dabdafaaa1db5b6a0a97318f7	0x14c657f4766f0a4686236efe299baa67ab8cfb98c11a4d443da55586c7bc33b
random_1268	order	1797252174836	ETH-USD-PERP	BUY	LIMIT	3.205181899898	78483.63805788664319747						320518189	7848363805788	0x61258b62f9d296a6d1fd19d2daf39af51c7b21aeba65709ce479183b2ab337c	0xd3b5a0c7b4addcdfa14d080272563bc70d56d1729857fe61b99b177ca6e88	0x14b4bb81f22f209a8e82f41e5d55ab9cf96e8ba054cb2fe4b06ed82f3ac4044
random_1269	order	1893557764870	DOGE-USD-PERP	BUY	LIMIT	543.41824367175	93.337824152199927						54341824367	9333782415	0x46fa38a1a1a7d925f938c51f49262ce70859bb490c09840deffe6b52142f9b4	0x3e72813f37a186f2c4774fb62dca38b6fdfdd38dffa5253f5919bbada3a3b00	0x76802007f25a76c9dca988e6cf90e1a4dc70154369c654fcea142e96ad957be
random_1270	order	1819339220815	XRP-USD-PERP	BUY	LIMIT	2.8091664561	44461.75917945039						280916645	4446175917945	0x3f535ad77be8d628d15a141f72302dc3770f06d9745d9e19e90d25b6699ba3	0x3370e47e914cc2607d87b85dbbeff7cc7965d2a3f2c104432f3d725d517e91e	0x258df9d95aae6f93f3a4c14a50a05636f89950b0f519cac8404c478723e61f4
random_1271	order	1728552902042	SOL-USD-PERP	SELL	MARKET	6.5965553296868912							659655532	0	0x1b194fa6edc197e2b373ef6aaadf021a193611de78f2c6ae6cd90b8c234d3c5	0x692a26989112db3b06cc466be7fa8053f1917dd7eacaa3869ec3945eb75f293	0x31826f736422f4c126f0bff1d260908272e1c58faf26a85dc581fc4699b25bd
random_1272	order	1758365659553	ETH-USD-PERP	SELL	LIMIT	0.1831500315864278	4.0235965909						18315003	402359659	0x1d7c6b52282352fdd94455a259c4abe4fcc5f3967e43070b4d68ddc4d06ce6d	0x11ac2bdf24bfa68de1ac8ee06eb2e75c6e059562f45687a08e02eb7a46fcb9c	0x22266929eebaad0402eb3eba4d4a32b8a43e8200fd80cba2699d5cc552781b8
random_1273	order	1887199572149	HYPE-USD-PERP	BUY	LIMIT	0.15614846610	713224.7421630303166771						15614846	71322474216303	0xd15736cec1308c7861cc08e8eca211db76af93f0f6105fac9d37aabda7aa5f	0x23b23606ace0017a8d4145fb383ee7e3306f2aea11165aa4d34c6f4c9b3b7a0	0x202918f4347c5cfc1e322e0a15bd99df7fd42251fb40d8960c501c1e519ba40
random_1274	modify	1739200945380	ETH-USD-PERP	BUY	LIMIT	0.859391756430590080	32710.7004566431610	7186804716999845351515846					85939175	3271070045664	0x4313ccbced889fee97855476a7e0335ce7ba5e5ca77f321ba85392d6c3a4d0b	0x48a6e9c5f640f000e857a05a1f8315233ded07d3ac11ae7394a5517d882211d	0x27e2f02ac3855ed6ae10de6083708ffc21287720e933f02791eb7d1866d2124
random_1275	order	1764612866979	PAXG-USD-PERP	BUY	LIMIT	9.617307567	313.433941917725838265						961730756	31343394191	0x640a963ecf20df7c59422f0541f6590bc5e8373303ee4d17e4a9fc540378e71	0x5745e7c4d1bdaac3947ca9ef77b4fa3e926b9059f698bff2aaa53c3cf8344c5	0x3bf8ed29ed095848bb113ab32e83fd9bebc83f657c789d6071d7751b57ddf7a
random_1276	modify	1756813689637	DOGE-USD-PERP	BUY	LIMIT	811221.987419183909	27.217132411241093	3852626241032217533997486567					81122198741918	2721713241	0x746762c92592cf4312f2fd131778bfb79cd78ce52b375085221dc97d17d2efc	0x455ab8e0236008b4897012a150b5d21585acae4025902d432ea33ab91a062ee	0x3f96a82e9636bc7f5d7f042b5e75a9f02dad1dd78079af0fa9a48d65492a0a
random_1277	order	1812654427342	PAXG-USD-PERP	BUY	LIMIT	15772.4928798248227356	3.6617197040676511						1577249287982	366171970	0x4b62a08cf0ec977f3c5d52fbcf58c145d077d6151aa6c88b3a93b08e72a0c66	0x450f14257cb55f84cd5f5ee41455985b1f93437a0177696fc68797957f280ba	0x3f1187568d744db6ff4bb2334a66340ea21e5ed80f6bdab2ff6de5abbd56f83
random_1278	order	1865125787898	BTC-USD-PERP	BUY	MARKET	159334.42055033323801							15933442055033	0	0x2c4d0d1733750952eb8a378ef6733db5d065c75a1ed950dfa64b14734acee16	0x1f0585ace5985f52a8cf38b498f771c83d6e818b2ac9b88bfe2bc807c6e90c7	0x1dea39b9ba849ba98227a2c85086f0b90c14bfc9552e1f44dae1ef5b6ac9fae
random_1279	order	1894296671927	ETH-USD-PERP	SELL	LIMIT	29580.52662578061675200	0.68848512689673973						2958052662578	68848512	0x25cace18e5f5a8a1fc70bc7709e74279f1f195a15393998122ce3684f7f7622	0x2aedc52de06023215b2ac6b0f9d8bcfd6595bcb28af2cc6cb3d1507e98eb879	0x21c26404f6fdade7d9ef5b581b351d920defe918f25d8d9d35eab542295b3fe
random_1280	order	1750368636522	DOGE-USD-PERP	BUY	LIMIT	41540.3466810404892707	0.75403589962579915						4154034668104	75403589	0x5ed9d2b0d028d04582f44f592cee191fec863f1508ed6afed445cf288cd6a6e	0x2cb9e6912e3d0254faed9976153b990a63dcc5d4429f9fa47156d7a27eb32a3	0x19254ef0ae1d5e6ed20c16e4e9ee8f19749c1e7e02955ba5491a546a42c4cfb
random_1281	order	1726452272349	ETH-USD-PERP	BUY	LIMIT	41650.2513462746865	8005384.642084027564980796						4165025134627	800538464208402	0x592db2893bade7da389e2b5d0e0384cf76fedc49834b0d77c4e8122ba34fea3	0x5b6d4bc60a771616237c23cc7d9c8df4237eb51fb4c4eb09a681acaeddbbeb3	0x7b6dea4acc5ff3d297c36be0ff1c3dcce6e212dce4e13266a8c8c446e71158c
random_1282	order	1840609460721	XRP-USD-PERP	SELL	MARKET	0.002794464							279446	0	0x30265eb6d41b44cfcbaa4c8f2aa32daff2bcec8b9af3993f801dd258dd9ab17	0x4bb1f9c97ee98311d423864919f9f27df78f37d4f94a06e398541890313eb79	0x33869a9d545b42d223c501102367818dfb23fcce67e8c2b038841947482fe07
random_1283	order	1857002246244	PAXG-USD-PERP	BUY	MARKET	970787.403341229							97078740334122	0	0x2ceabe021f0e13a5814b9e34c3d798a46871d44864848912267b32b68320fb9	0x6f3d0fe44c252d2c950cfc40cf5aad97d444404ef46a330301fd3611222bba8	0x25f9d26058b279d4c476c080714327cd4c2f296d845edaffa5047c770910863
random_1284	order	1847650411473	kBONK-USD-PERP	BUY	LIMIT	0.081027897	0.941501306						8102789	94150130	0x77b27ad4f1e1ae4c5e9122da1e6ebf4d02df88499e6821aade8c0fbc2af9302	0x1eb3c435d8f1c368630abbef3cbafa3aae8bcf286800d2ee1c199824c1fe89	0x492f081252f0280d5485e11ddbf7bb73ee7f95b5c7bfb92e857709be26f3839
random_1285	modify	1839248881508	SOL-USD-PERP	SELL	LIMIT	238.238987190	51339.438154605	66516125154119083075					23823898719	5133943815460	0x4c4dc58aead5f76cca75cdaad1559d294eebf752da576f858134c23c8817eff	0x7026c033636564a957a6419bcf04bbb60ab72967f53f797546db054c896e856	0x511063da8d5acf1d9bb37c29d6b867468214d35d3c6ec7a7cf8653fec17996d
random_1286	order	1743040922977	XRP-USD-PERP	BUY	LIMIT	9981.62927839482180	6.92855746800998032						998162927839	692855746	0x46c018a1435ae436f2402c14ccd22095694699d7b97a18b563458dda03a1cf1	0x171bbd6d9677845018ea945ad8b2667ad05e50d4e31764b136348bad7b0ea78	0x6f59aad04c4c9ad2b0e75eddcb941b02b39a124d3969c772b3d615fe37f9019
random_1287	order	1719109995715	SOL-USD-PERP	SELL	LIMIT	57.06950383424932247	1509578.989944420						5706950383	150957898994442	0x68c3825d15a037280af5a126ad3c3d8f7c60037c8389a3c92d73a8da894b0ba	0x603bea44615d680ecc9a336ddcbb98e4e4532faa55c3afc757d54c96698dcc1	0x45e65c03a92386723c0be9f6a0151f7432630c5a5a735475cc991197a70cf5d
random_1288	order	1704218228012	XRP-USD-PERP	BUY	LIMIT	101958.9995318955366	6893.79367748570						10195899953189	689379367748	0x22775373aaf2af35b1bf8417862c985b64d98eb2fcf4e15934920dff9b80a3e	0x7b48cc677053d66ca902268f72799e52dfc39d87ac3b368ef8bfa93b009d283	0x419f8d11dd0ec768235f9b8c2d7cbe39a6fc07d539b4523a5b31f72a3aee66c
random_1289	modify	1784420089491	ETH-USD-PERP	SELL	LIMIT	2.82958341857	3186.1844326357	212306568754214922721581332					282958341	318618443263	0x20d08f94680baf5e933be0b0f5ecb355ee2e51cb80bf75a718d91fc0b1328de	0x75625c00087139864fae21649bc7fe816202976062fe8db4401889daa4bef6b	0x504c67ae5349f4fa3151424e2af2ba401486bd8c1a79ca823f0d75f03e1253a
random_1290	order	1815786529711	PAXG-USD-PERP	BUY	LIMIT	828.836829117015985	7.2590523998132264						82883682911	725905239	0xe9d33cb7ea029d9c76540f1e306ebf438eb90269a6d8c1eb67b3c6fb77647e	0x2f75e1e1aa17cdea8f655478fa562b65908e3dfb8981bf13d53644fb478f7a6	0x34f35f727d0d41ee0e9b8f972c3dbf394e93d20da68cf1682ffcd998a6c1705
random_1291	order	1745500807964	kBONK-USD-PERP	BUY	LIMIT	23251.559674843441513	8425900.385840963545						2325155967484	842590038584096	0x74e7d66c62e8434274dc89c347704a1b0beeb264a9e36eeec1a0b3739ccf102	0x2ade78163505046c66d7925d8594c831764926aa5108ae32861dcad6e418ab6	0x4eac8c27ee5bfea4a9779e11daf7ef4687a418f5425418010e44e0b618637cd
random_1292	order	1749526586850	ETH-USD-PERP	SELL	LIMIT	68.98791990180	51670.149358042144642579						6898791990	5167014935804	0x77240301bd7afaa370a26372eabfc9d3812263a4aead1e8d259fda3ad3e3db9	0x1eb39de54f606143d8b83f8173bcd0e28b50926383629a00420cf500d159f7d	0x2ef8a3b0ac102c89e434f880e922fa9c02aa33b31b78a2b973113e1e4ab5c6d
random_1293	order	1700492399682	XRP-USD-PERP	BUY	LIMIT	630605.5823880106419	4921795.205737250066635						63060558238801	492179520573725	0x32b45181a306cb1e7b870726f451aecd51c88a6692ab8e84cba4566dd0dad53	0x596249a6f6ed3c735c1fba56d0616babe364f1a1010910801e3a16a0179f517	0x70b87d2b35fd19943f875d22680153daf23280059382db76f079f5af0c1031d
random_1294	modify	1731927548460	XRP-USD-PERP	BUY	LIMIT	0.41015898388435700	8.13144606198	58302277500402499989548814					41015898	813144606	0x606c9f6782adb119873ddfe6f3a75176aea1467dd026322ba8ec0af382505a3	0xd61dab35d57f476ba465ae4d28bec0d789034324a7f4fcee43973e200ce353	0x2f01e9cba1daee8ad409e8e88b548ddaa4f5adfcb07b6f95d2d25135987b2d9
random_1295	modify	1740226691718	HYPE-USD-PERP	BUY	LIMIT	975.2106203022192	0.1155631874859933	184831221619577956534					97521062030	11556318	0x1003ac924429a9eb289d5a1b27d146aa782d9218924095b9ef621d9dd47c0af	0x1ee051218de8285b325a259e348cbc45e74b177bb19a231d3b35531533a3bdd	0x7b8036b2cf51203f3d5cbb0a2a4083b14c4c39022e3c9608c83beef8156c03d
random_1296	order	1892599354410	DOGE-USD-PERP	SELL	LIMIT	83914.904620559369	12125.232365209						8391490462055	1212523236520	0x402d1718691b88195b836b16d5377766fd17933390e9b1e20187b46a95474b9	0x6badaa883baa442629322bffce9e9105e654658af0cb431e17f798ec84e967f	0x5c7a82171f1ee486a594b740b2d4c93429c39ccc3162bc276f345da9590b6cd
random_1297	order	1833132045899	ETH-USD-PERP	SELL	LIMIT	475.516697903344542834	4374.9505958666						47551669790	437495059586	0x6b9797d6155f2429696505c0502a6c5c1a533af34ecfec537bf3c1fc30fdede	0x62342c8d8cebe75e18f35d9ae1ffb436e5da6b80f784ff59f89a4484914f628	0x53af32e0d093bdcec14f3137244fe9cf8e1f2f9567141d861e38a51d1b1a2cb
random_1298	order	1844418754993	SOL-USD-PERP	SELL	LIMIT	84399.116519156	9.53992039744323						8439911651915	953992039	0x34db84cf83256849325e313fbca068ea037e0f79f3b739c4f020a9c158d07a2	0x1e5835c05ad279f55e7a06de0eb724cf0a2da11a4b780cb291aee9b97a099f2	0x3ed29386c8a23a180c9e62487ceb6cf2622be26eacb4698e152c531084c47af
random_1299	order	1724780795807	SOL-USD-PERP	SELL	MARKET	6.8649547070659							686495470	0	0x336552d2b5c5d6372789988355d9849eded50b10b3fcd91f5065facc5d20cfc	0x1345a579c2c8e746005e6b39d96c52b635448b6363ad54d75b39323432be246	0x2cf7022b7d51ddc076d370cbc6562006f53d9f276a83f06c0732428b4855a23
random_1300	order	1841250067129	BTC-USD-PERP	BUY	LIMIT	85739.215396962098463	3225234.1622925056						8573921539696	322523416229250	0x44c003b44225cfc75fe37d53f3046c1bec55cce7aa1ce095fc19594c6e0c184	0x5a9e785375a9f4ee908c8a10b7f6aeac123f6a2bc27c18d2a2e50827dab555b	0x31c757429f7b396ba4dfe58fb563a8824cbb8fafacd4f1107c302a0bd415dfc
random_1301	order	1851122062495	SOL-USD-PERP	SELL	LIMIT	0.570070581068	4785.788179395228						57007058	478578817939	0x1305b88dafa9651587aa846138f596965dbc018733df010e13730ccb25d58	0x6b4dcd5f00fa49c5e6b9175b4acb2590c75a5a1b06def807ca75267a7329c70	0x1fcf6ce9349f111af9283f82148983b3af90f062bf30e367560db4ce9880b96
random_1302	order	1728999974488	BTC-USD-PERP	BUY	LIMIT	1669.231037941871195	2.20780517480142						166923103794	220780517	0xd7706a743f10116edf412e80b94b2dfe90cf9d4a6c98cbbcb0708bbe411ad2	0x75635a51366edf09aa9521ee4c41e3187441fb89291d79ea789ca04674be92	0x5b6dfc3663d7c31ced61c07355ebb47469c22d583c02e73e326fe2b7e970b00
random_1303	order	1734104691708	HYPE-USD-PERP	SELL	LIMIT	407407.947284077112	590.168740564736						40740794728407	59016874056	0x6ce647e08cd9aadf890f97e1ae357b8844430de767bc7d839f450a730fde9b8	0x3e506bd405528112cfde1a85d0513492309167b30218fe6ec33ae95800b2b5b	0x5ca836a52eec909a1aa5fdf14008ff25b9b7d4f7748f56abb6232a9710ad3d3
random_1304	modify	1812748198523	BTC-USD-PERP	BUY	LIMIT	4594.94324116837136	0.5264589045	19827406760126861954755					459494324116	52645890	0x6134713d0aff193a9cf4121883e01ba76f9d191788f4d46830a529e099ac046	0xc0d26a8867a02bff9ac2b61d2b01b581f5b69a241a2f48f53165ed5d7185a0	0x1ac1c9840911d3bfebd5f9b7d0f39258d38d5d88c2f38bf8700c6da0ea2a647
random_1305	order	1707869121486	ETH-USD-PERP	SELL	MARKET	3.2736233155							327362331	0	0x7327805388e359a8536fcf5576f73795e02bd5f563e667bc8abd6aaa074b5c9	0x4dbaf364faa4cdaf88d6700da23e5a57aef11d2b93c9b8893f2ee25353b0e41	0x713d8209faaf809342f5088671947922cc8e9b8bd958116bfcc5f512ebd8fd4
random_1306	order	1862009553159	XRP-USD-PERP	BUY	LIMIT	2.188790833	77909.59065857054703						218879083	7790959065857	0x4f37213c2e2fc793cfbbe20629a3dde4109ea5825ddf185831a9a2ef608a9c6	0x2513271db4784aad531f6c605387fa3b75536f1a7e12839a361cb3c56fa1d8e	0x729f3d0d44c4cfa9b72c763b2c0e81670dc81180cd6f97eb4bdb21989db8ab3
random_1307	order	1773270003077	DOGE-USD-PERP	BUY	LIMIT	34163.032078815781	8296678.229327241225974						3416303207881	829667822932724	0x48b88302ac3d0dc031dfdcf96c5464472faba35fc90bbe632ea863099894c8	0x1446c356b53f7b013408138c73d0e437884c1630cbdb54968e1baffc2cfed4b	0x338afd1b91ea16511bed9cfcf1f228dbc655fb8cce01c85ab1cd9c8169215ba
random_1308	order	1767565849520	HYPE-USD-PERP	BUY	LIMIT	29.9491235123	2387.2419385991						2994912351	238724193859	0x6cc0ff401b63cce846db7931b169071bf7d5a2e0773095fa24c7457b87b5435	0x75fdb738c31aecc90a896137f92f4b206a6f81ecaacc0fb22ec34c848295e3f	0x5cf6ad1ff80f151a2974f5bc4ac07f3e099012b6e24a042e875c976fe4ba4ec
random_1309	order	1797806300561	XRP-USD-PERP	BUY	MARKET	7.720160115941314350							772016011	0	0x1bd85c97d64bdd1e0b4f3da3e59cfd15dabb27a72cb46b84ce8be22760a3a63	0x44b886143aac3a0e127a8cfa8870b6089fe8b49e79fa4b47db85e2f2bfbc490	0x395f196e76b7a87eae615d3ebfa38d6e78837ad9d4edd49511026372840faa4
random_1310	order	1848200178314	XRP-USD-PERP	SELL	LIMIT	976.0937022919755	33.3356837474247309						97609370229	3333568374	0x7cff78b5cd2e7dbc249fcf91cb1cbfec3010e8079be083a23c2ec5c8198831f	0x7f24009737a28600f6b42ac474d3fdb75608531de1e8c411dddef630eb7dcf0	0x19e8d28404c32e6d8f6031a0ca468eed2e3ef436dc97bb1cde29e6a36be58fa
random_1311	order	1755416530662	SOL-USD-PERP	BUY	LIMIT	465.7807445562021334	664098.642325734434956259						46578074455	66409864232573	0xcdeaa7eb945625b655e9f8fa17668a45e434f9e149132e72fb437abbfac59a	0x523d74cb9ce2037952bc3439e25cb6a86b6f35ab36eef218f3b317246ee5233	0x23806d8f4316bd93033da6a4b40d4ec5cd4a1506cd99a50e19f975ba64eb6cb
random_1312	order	1789627666352	PAXG-USD-PERP	SELL	MARKET	0.9929796889586							99297968	0	0x7cb8de10c45af48379a2d95e3b8923fb665d8d7becc38881570aee9250e2bba	0x3c1b647fb0968b146a617e9a61563c30bfbb6919b388bfeea5164e8c5334b07	0x70ee2d3bd972b48a6419885b702d53340e891c4ec0ba4a62df190a4034a92d7
random_1313	order	1709958162099	DOGE-USD-PERP	BUY	LIMIT	61698.084032813196	3421.916890093						6169808403281	342191689009	0x7b7b7310804eec7b85285813b28d8f743a4c4ba1fb6dec338da52e182a56c3e	0xc197aca8bfd76a725a62834aad6a0d0ba4d635ecb3a60f5392742a9698856	0x69e0922ea27c1036614ccac3e825b39028faa361f8ad2eb18be93787fe4d4d5
random_1314	modify	1836086458680	ETH-USD-PERP	BUY	LIMIT	3046.16560498637547897	9.82969188520	381351446986234313730724299					304616560498	982969188	0x57bfdf81615015f9bd39327341694ff49ce523d6ca112eeed580ff407b12cfd	0x6c2ae9469a6e9b6360a428df5be505ae4f41beef9cddfaa4fa13dc84a57c21f	0x28a425bbbccb1eb5ccf3cf8a4865945f0cf60da0628c6a2786c2239f453b6ce
random_1315	order	1853331184624	HYPE-USD-PERP	BUY	MARKET	670.478549938736667							67047854993	0	0x4c0f94fe938b9d8fd24849cd7587fbc4e1ce1a18e612de472ef84c1e632c802	0x8de4f4824b582ca72f8da2a17ab75441cfc0c58e9f61461a356994370771b7	0x756045db76480374f67c5237d35f56fbc0e41862c20f6e83c4ddbc7ad36e40f
random_1316	order	1779719015104	SOL-USD-PERP	SELL	MARKET	0.3557640867344							35576408	0	0x1e82aec4b3b181ecde8b2aecf4f372a6ff129fd6d46ce71c3c20d2478e0b5e6	0x152ce7a2ac604dbd47233ef4f277e62c47a2e57ea6ccf4b7a01b1e42025663b	0x7f2669af60f74d965de9648bfa67c5291aa1b1afa8cbe88d412c6655940e8ea
random_1317	modify	1728063058515	XRP-USD-PERP	SELL	LIMIT	5.669991547015081	722.16091938146009737	995906651996637763349					566999154	72216091938	0x12e531689365af7a657b7576187cdf500e54160e7f197442fc4745ba1918938	0x556793ddfd8ac3c0c91d3ac6745afa7d04ffe0d8247e9d66bb79105da652449	0x67a40837f617701db2ae18b0d0f598b0a0e67c64aa9613241e897225152b2fa
random_1318	order	1820988815562	PAXG-USD-PERP	BUY	LIMIT	3.38727970351027507	5470240.970177873412388						338727970	547024097017787	0xd281bbe979ea12e74e3fd5022ea6c60f467acd823e32521d615f8e6eab1537	0xf18b374d9a59bfa399a205b51bd3447193198cf34e777da4164acb30f62d64	0x73ffe7484a7e8cf254e2faa5c7038137989b4b156e1346644a237e3f0737edb
random_1319	order	1826487890069	DOGE-USD-PERP	BUY	LIMIT	673845.88511430029013	54540.1236382864691472						67384588511430	5454012363828	0x3782e6e8acba8861fadcf5c518c6d0b608b16f2922767714852d5ed514c5529	0x5bcdb08b04301627f3333560cb173dfb7698d0752abbbcc9759d42f9f9c15f1	0x2988205b9ef939e42b033a14c32c8b39ab33956e85516bebd13a25f479e2c6a
random_1320	order	1860649133595	HYPE-USD-PERP	BUY	LIMIT	0.978072629558422723	0.8267909712251						97807262	82679097	0x145497cf40078ad8f47e868654887a633795a537af2c53f61d07de86524877d	0x7a3fad56c4759e2c746a3b1ac15a5e2098e296a7ecd81a308f0bb306be83d56	0x1b6f20ffdb903930c71674787db5156a5e3268b7a73776e16f0360abdc21d76
random_1321	order	1837678725989	HYPE-USD-PERP	SELL	MARKET	0.937082065935							93708206	0	0x75f2ab5186a659b780603b1b402cb1fbd7ca4293ca81d04fda0b96eab14aed6	0x2e164c20c4f1fc9aeb66abf35012eaa868e798a39cd05f6008387cc19eeaa41	0x12eff246f2a49ff8e4d16acd4505d8a30d4b464e99ddc098d1b6e8cd2cb6062
random_1322	modify	1893064661419	HYPE-USD-PERP	SELL	LIMIT	3.5506943848399	1.15934662178404	23963479493518221214952298244					355069438	115934662	0x2c6cee4d8371b08ea8c656b052814a6bdcdb967598944ae81a067bc604f9bc8	0x8d93f02733adf363da5f5f22891b994e850504d82da7323bd5b4b7ebe8cfc5	0x62070d70d2ebda45b631465a9a9dfb8fdf7c8cb12e9e8be3fa1f281bebb8828
random_1323	order	1810552376075	SOL-USD-PERP	BUY	LIMIT	4674.386962601	9742.670699881						467438696260	974267069988	0x3d929a4287e2dfd9bf8ef4c6c1c4177ac68695a7943d339094b5a1c4a9ea586	0x2eabe3c981a175790156cee93c210e5b2ce115628777bb3aab417095cd817dc	0x2503b9368b499e11ae18145bcd38e4078cff9a1c520fbdc2024d3b8ad1ead2c
random_1324	modify	1841970610585	SOL-USD-PERP	SELL	LIMIT	651952.373877329652132	4005.756468976096124	65082629359992958469331660240					65195237387732	400575646897	0x49f12c96af97e276e3b6664c88f806533b24e48c35bda332c7f70555178d4a4	0xeb3491bb287839c850fb98d19f40ba236151a7648db88a31afa895e2fde68d	0x1804060b18192e317070acd5696d18c24b1a5a807a8e4971ef66a04c6b45fbb
random_1325	order	1823179632878	ETH-USD-PERP	SELL	LIMIT	20429.8138325106	161.92010123268197						2042981383251	16192010123	0x4c7b5ea511b045600f642ce03ec20c326f6f260cc13534874f9398116022d77	0x490c136abd6fb23546c8a66ef6cc13aeffb1df13ef8112f7745b7454609a5ea	0x7128957ca02dbd56986be53d4a0d4bd5143f8c54212891fb42d6dbf46e9e6bf
random_1326	order	1885605384644	XRP-USD-PERP	BUY	LIMIT	29.56828157161600	43263.81089354529142						2956828157	4326381089354	0x3ff4faae431b861ca42c30dc0e21dd7f673ca9f320599f0d2b0490759e94815	0x5204ed0e1844c12ea8633465080d662f36c8840a4a4bff66896c003e4a31f1c	0x2d8789f818b08c939f86458fa7892cb6b683d2cb3ea3ff923b7c77dfaecd03e
random_1327	order	1832885578077	PAXG-USD-PERP	SELL	LIMIT	41822.597750635433616295	7.4031054764344817						4182259775063	740310547	0x5b6cdd424f5f60b86810f8c49f013645a3fd4a6b7b5012ce35e058af0724a72	0x143cc304d6b179df75045d10ed8b3b54bc83ba7cb5b123559d1c99dbf9a66f	0x1135a0e317775e23ffb975879db44429cceeb49965bf0be2786d0e9bcb3eb90
random_1328	order	1775093321782	kBONK-USD-PERP	BUY	LIMIT	99420.45742904258	204072.244010073893						9942045742904	20407224401007	0xd18c278bf79e3b073b169b9179a0f53a6e9d698defc87d7c09287faefac408	0x3ab0992e5cc6f26e7772b70a16a601a649825f31d146db64b19b9cbcad6d8bb	0x7a33555eb0bb9c75e2fe366ddbe2c4af842d9c7990aa18550943f0a0220e7eb
random_1329	order	1877694365255	ETH-USD-PERP	SELL	LIMIT	85098.506823225338	78900.0940261596777244						8509850682322	7890009402615	0x733e0a9c005e785556875ee2a8259a0eb727abcfd917c8a519fcd3556d4e8b8	0x1ef278396464a2814c4fdc191984ebb89240861106bcd78acbe20eadddfa19b	0x1aa6ef461b8213ed657da28ae9cc8735634f072135048f59b0386f001e788ab
random_1330	order	1720771773111	XRP-USD-PERP	SELL	LIMIT	1.5978625059421	96817.736412949150948						159786250	9681773641294	0x3a224cf74a6405146885e206ece175bb4804dec867ac47b6e6b48ca7b083eaf	0x59315dfca78d41de9a5cc82c288e4dc602ba7de2b3358bc957a891aab32b7bc	0x17ccfa0022b43dbf0861317fa113aa4927d5abcb2f4f2086e1e0ba87ce4c199
random_1331	order	1709531720220	kBONK-USD-PERP	SELL	MARKET	8516.614811614299224							851661481161	0	0x374e8d1fffcd00b38ae4f60d13cc0c18a0073564838b5d146af7e2ee03a31e9	0x5dfcd6d0911377cc4a5c57984e99193314ab491303e1fee69d372b663b5110c	0x70a5b99d9871af6621d58303f10539d88afcc50a1f187425639b8531a044b02
random_1332	order	1796060239982	ETH-USD-PERP	BUY	LIMIT	9804.883827974744162	702705.32642162257						980488382797	70270532642162	0x7e656e7fe095b2ea02f6b172b45121007967bdf735eb6e20631ca2483facf43	0xe41670b918d983c593d8d09a990353bc4ded9bf2808a6310c68278654ef223	0x6bbe5fe6d2c5dcec2b6f53a0cefe72f47699d1d743e186e0e04cdd82d3e9b91
random_1333	order	1762040211997	HYPE-USD-PERP	BUY	MARKET	364626.28211664434252							36462628211664	0	0x4d28ef65735841b43d6875f7101e8d003c557cd0442cf7c5e8385e1f2b046b9	0x78ede101ddcb9a013f3b2af748dd71fc79367dcd133718b1f4df6bdb6d72d58	0x76be5937843c25ade12510968521db84f3899cc9902f469d4f5e005cd5463b3
random_1334	order	1850059660417	DOGE-USD-PERP	SELL	MARKET	82.4019553440							8240195534	0	0x23d9e40a68a6c33b7186f2f02012172bcafb2173fb9e09c5bf9f3997826b7f	0x3a5a927d3568173ecf767a2f4f4ffbf07d2dedd15e3ccc56788d3045fa79c42	0x4411d2931d9baeff80aaf2b25d7d271d670fc872abd66a568a54927b894101b
random_1335	order	1895100396561	PAXG-USD-PERP	SELL	LIMIT	31535.8155867350	61218.1700440737955						3153581558673	6121817004407	0x4443ed6a4822bee987dddec93918f7e62476fc7bbc372a11961eec1bc8b69ed	0x643e49ddef2611b53ed2076083ff8ab654ca4b3aa0f87b2090be789c1aea1a8	0x652b1c01a6a1a42f73b340c8c06f3072e37d0805e376796f4c7a4fde9a2d9df
random_1336	order	1812092353443	kBONK-USD-PERP	BUY	MARKET	1237.0087884003918							123700878840	0	0x4ffe4d837c6b78e41aa38a2b71f15001b4b724e892ccf440c0376759717bad2	0x1597183cfd6444cc8a1f3f412bfaf447edf9dd2bea3acf02108527373074b35	0x22706c1d64bb7e8fc413cefc0abf369c7637644c863cb1a5a5bd032357fa8c5
random_1337	order	1769328612877	kBONK-USD-PERP	BUY	LIMIT	16.961232791	682295.36150085024273						1696123279	68229536150085	0x33e6f5280f14c20e96ba3800449ec3e67885319c3cb6a943f231dfe2753ac92	0x773730e67a2c86ecf0a3a34946cce8d7ec7aee1719c02e55e1a47a264e94475	0x10b22ca4292f472f39e3ec165d30b352a22a82c51ca41631452d9727de87c33
random_1338	order	1724845259546	SOL-USD-PERP	SELL	LIMIT	26584.5284115597108	9670950.50749300619						2658452841155	967095050749300	0x3953be3bc8c8e316bbd4c6219f4c821be09eba65d24a83228a36f79743c061b	0x2b5d782bb77427722b0708d0f6001883eb4169572d77f5c2d873d5ba8040b5d	0x3aca5de39176cc18c350b9d206fd7fe5ef93b1b12600cd129f236329ccf1d49
random_1339	modify	1741748859025	kBONK-USD-PERP	SELL	LIMIT	43.689516507786003	68.7147310865708243	444138242032497792990375					4368951650	6871473108	0xdd53e7d9525dc8dd858905288c9931451f6884a6b7b384b566fc17af37dd23	0x3aa07211e89db88b44826cf56db317fd7cbee14ad5b84952cea0d5e7819149f	0x51a275dcdf1743879563500e8c88c8d1663955ddf16a03b657c4a0941a6ef38
random_1340	order	1737524710475	PAXG-USD-PERP	BUY	MARKET	891419.8543337839662273							89141985433378	0	0x1e2be3b0c3edcbb0b23a24bc7d08ceca1a29789a11625c8d742821fec9b5b74	0x12f3a39c38001e71c25f6714958f21bc89a7ebdc4daf7857dcc0d129f0103d6	0x2df6d06f6efa20f46e011a2a5b08922d9104880e6f765e39f72506fb2b64ccd
random_1341	order	1817902722796	SOL-USD-PERP	SELL	LIMIT	8.365457055535193359	0.32678706835						836545705	32678706	0x5965a8b1918f4639864246e8473ddb511275bca55a1ff7682b0b20924873a7c	0x7ff3b5c4613a45d0785ef514d5a4964e92c93ace6f630bcf81ad7b28ba0d51e	0x5659bc84be33aaad6d3cd10308c12b4ab5a12fabb4ecfb3af995f1ab71b3c7c
random_1342	order	1860487463871	kBONK-USD-PERP	BUY	LIMIT	3509.28659837676434	107344.066984154102						350928659837	10734406698415	0x2b7f5931a5ef7bb6f389486743e6b59d115386da3d490dfa89b2acb7fc26df0	0x32b81b1c443cb9c438cae54f8f38d820886be41d0564826f4aacf80011454a9	0x4eab7326e010c3ac57cac7a92beb7c552e19d7c9da1f159d69ab6136e9532c1
random_1343	order	1804957164822	BTC-USD-PERP	SELL	LIMIT	61.0233197439781	7.3452508726						6102331974	734525087	0x7ecdebd85c4470a1b60fbe6291a9750e4bfc221d0f1ccaad3de124edfb7b89f	0x5f6afc50866b318002b77da8f01735eb4a9b15ef881089265e39bb8118904ec	0x303cca00f49e7e0bfba93e97f5a60097f9054900d184486692dddccbb2dc2ff
random_1344	order	1730679281898	ETH-USD-PERP	SELL	MARKET	22969.149363852437							2296914936385	0	0x798a8c2786f29b122003ac63da9a3f5b42cf77cd10ad365dc15ee1908badd09	0x6e0c7924e5412bc50c6854b78a600cc8692297e31a2c2ff9ba166fb2d3a7e49	0x36b944a98ffeec240af604ea51dcef92270417825609ac7879b0e7b855b1d56
random_1345	order	1703075053307	DOGE-USD-PERP	SELL	LIMIT	842.6555241522819382	442.921797040471556081						84265552415	44292179704	0x7f5a04e173fa47d389a7ea4c7e366457dbe37439d4b443873295424b208914e	0x49c39c3877ff45cb8d5812ad587eb736a3911c56536f1856d258481b0bd44e3	0x49bade9ec7150dcda6fcd0670b80294de31146bb8bd2a42b35545345c9ee527
random_1346	order	1702004691817	SOL-USD-PERP	BUY	LIMIT	18925.690295862	9610196.345680493923508852						1892569029586	961019634568049	0x3cae65950898f08496992be9efb1b47b08606064d56e05c5eb02049a0e8acb6	0x6acb303b3bf5f162e7f1aa8d197afacdd612899152a82f09a9b4d7247ff00e6	0xd67431ed37a66cc198b50c3c6a3d9c221d000ea4758d66a59635cf75de30b2
random_1347	order	1885181554021	DOGE-USD-PERP	BUY	LIMIT	308821.304144661	264174.87676824181681						30882130414466	26417487676824	0x46e2627053656b909a6028435a8b7c12a38d9c8da2e7e20aec2f821811d3676	0x222a7f4b7b73a4cfe495acf0ffa3e42f819e7b731e7cd1062b6ceee468ac74b	0x5bc7afcad9e031a996558d834dad481f9690bd08e81fdf194213913ff563349
random_1348	order	1812323051141	DOGE-USD-PERP	SELL	LIMIT	958.8470704794887	2837.26202981440733						95884707047	283726202981	0x6d4b2cb22d9fb190c350494c5212aa9ccbd63d27ddb77283731b75182a4ef1c	0x26e779159683ad6f137ef3320e69718dc01cf6bb420ce2680dabd42f041cdc3	0x3b917d456a94f9adb25b470a8019b2606ab99dc6d4a53ca3901753a8c312ae1
random_1349	order	1864778113678	DOGE-USD-PERP	BUY	LIMIT	618.1280475464883845	158.3370685731						61812804754	15833706857	0xd809961f2f3db20928b5c2c7cd6dd6e1fb21cc8676646da349100282334e9e	0x6791b639b61f85ebf7d4f025f0c934e782fa3b0f2357e5f2568c1fc751ba773	0x428ae9a9c518c1129c6034dbe4071c5cf66fc9f25201182fd8f262e1ce7a713
random_1350	modify	1896711663174	SOL-USD-PERP	SELL	LIMIT	16.222302395	55737.4405026455525695	48736955818588033091637312					1622230239	5573744050264	0x1f6341c7f312f35da881912e48ad8d9b3e02f8e9de3c86e4cf0085e04fbbdef	0x748dc6a8725db5acfb06a25b8bc62b1ab15c6203abfc2412111af3aecdc327	0x677834a4a4217d5f0f3e3b9889acd9ce97fa2d49c1855f257ebe77f7283570a
random_1351	modify	1713768289250	BTC-USD-PERP	BUY	LIMIT	748841.65830079498898544	0.4454482394118	4785627191156117102666750					74884165830079	44544823	0x94da6fba844f52f8dd3e483286f0810f849fba96368d15d215d7928e51f7ec	0x548db6a0aead931d19f8466fc6257b447f8fb62c39cfa2128f811c51c4dd09b	0x30393521dc0106c1e062949a32b1b10db3917f51f5f9e617bd002141599386e
random_1352	order	1724166775213	ETH-USD-PERP	BUY	MARKET	46787.31497329443009							4678731497329	0	0x537e5ccac0aa5cca507bc616690fbb09c5cd2bd924249f92080673ddfe312f8	0x4747155b1b73cea155ed27f5a0e7f082ea17b091093c5ba190a9e908d2900cf	0x65eebc585c70dae2c46198aac17031c890d87ca8659de47f46aa8272d0d1645
random_1353	order	1793402632811	DOGE-USD-PERP	SELL	MARKET	0.95947908488							95947908	0	0x510178114f547ebe2f745c4caad12971eed849651f9fb351e9170fdfa8055e9	0x7b0c55ed202bd582d1fa39e1c2204cd16620d8420106b1bfd91263d621196d3	0x7343de7d73064b4ee3fbaf1e1a50d342f81a41a40db37db6666876b28e21b1c
random_1354	order	1798123240211	BTC-USD-PERP	BUY	MARKET	77297.635546907							7729763554690	0	0x680081ea87d24267b18558ac77d639f9482401bc933a5f8c9c8967b0573643a	0x6b3ee682aae6b61558507946eacb8274b238c9f7f872555c6a7fcaa25fa0937	0x7e98594c88ece3f8a37d7a92d38c2cf1fb1877b487add5ce0dabffc2976ce91
random_1355	modify	1706499303167	kBONK-USD-PERP	SELL	LIMIT	92692.511502049	338.0610225343	9245179935524164735401					9269251150204	33806102253	0x347d462c4f948a6ff42a6fb209ad046d54cdcd74c6f10e96ed6cc744be789e2	0x61d43035aaa118ebd8de994f4ce1250932c37d2ce047af5f8d20c32f5f03432	0x79b532f4ddea90127e9948d156c8935ec4e07c7f26e21de52877109ea115a8f
random_1356	order	1815734921683	BTC-USD-PERP	BUY	LIMIT	2.40728854858	692.86018778769478777						240728854	69286018778	0x62000f6744584cf66f28f2fd486c969eafa7eed53235c6cd446b112d7949fda	0x4ee680df9f0aa61a13ded5ab28a1457143e4c31683d44ea7e98d8baf659f8bf	0x20eb021c8f152529accd9a6e38e112cd4158ccfc084c42b985cc481cda316f3
random_1357	order	1713771181240	HYPE-USD-PERP	BUY	LIMIT	4.64945801439547	8.04223880262						464945801	804223880	0x7e68c56a96bc80ca11a6120da726ab2d8e0c582369742f7ce64b827e5cf420	0x71f83d7bd2b4641810c06789f41b2496d25ece6643ea317ef11f7051509c048	0x127bddb3dd8a151a116992f3fea08489d6cc6a2286b9c0f8b54f234b911517b
random_1358	order	1811781233770	HYPE-USD-PERP	SELL	LIMIT	50541.147170365573085591	725546.30277345035						5054114717036	72554630277345	0x6718f69342a1f9e19bab8172f0e54b2aa8757314615311b1bcf61bc682c3c19	0x156844eb198c00e6ba45f4b6d2408a4a6b508db3824bd4858bae0b8f85e46d3	0x22dab41b3af0aba78ce7a1fe3ed18fb108cf7b1874c57a8b60458f4f5912d86
random_1359	order	1762850257064	ETH-USD-PERP	SELL	LIMIT	11285.643864737	0.5490858659511						1128564386473	54908586	0x1befa9b05e0dcfa91a5530afc7f60a0edc772ac677f20481588b54d3885dde8	0x75e940d9dd7510f6d6330641c80ffd0ab63da7cf94b709b74f4d80860ffbe54	0x4cc9af3e91a9898fa661d0dc3a1cee5bd0bbc40eb22b4b1014a882a6ba78dcb
random_1360	order	1804601504898	DOGE-USD-PERP	BUY	LIMIT	960.7923672827229	1402040.721867446319						96079236728	140204072186744	0x5a608773b81164b298d9d15186751590daaf196d2c797b22498dd601fdd0748	0x7b7332a6601b6660c03e996e81e46129aa67e032916b4143855e7e6d5907f97	0x39acc02577e5dea82a3b010a74181f8837e6387085aaa417e361dde8ee55881
random_1361	modify	1718931859818	DOGE-USD-PERP	BUY	LIMIT	61.677227975	1656302.008516580468	8690113670060720429048					6167722797	165630200851658	0x588cb8fde5752966c1156332274deb3f616c4fa4905f99288f81cccfe8bbd21	0x494e3f03cec78fbbcf684b3160fe39a81923a4f2790f923e59de6738d678884	0x4c07bd7dca45900c86526288cca26056ff559d2144dfd98acd130ce0bc13606
random_1362	order	1867464333961	BTC-USD-PERP	SELL	LIMIT	3827.326468473598743105	6.778523235144						382732646847	677852323	0x27123c140625b72527c5c4817cbba37fbf58e0ec4331c705451516ff04d6d4c	0x23bdb96cbb9db5eb6f3fcc76e86727da6550e564e836dc77c2fdfb6bbe3f35a	0x61c2eddcf8179c58ff42b4c208d0b4802188d289ecbc61c75c91f9da77d9738
random_1363	order	1741698659701	HYPE-USD-PERP	SELL	LIMIT	88.477463072	212121.52894321989						8847746307	21212152894321	0x68d9e5d07d205acaa00a2a0f3832e66ed0b83e86d98399a0c7f4d2922fd0824	0x4da3997ea3d5060b58e5cc7f3431d5f7c2ddb8ea7136ae444826bc25ac3433e	0x68e85d38f22f0f967599bfb262a45457d2c579108b78734e8d3bc839661b0bc
random_1364	order	1775475891182	HYPE-USD-PERP	SELL	LIMIT	0.588263679272	51306.591207961						58826367	5130659120796	0x4fef33c3e52d57db966e05c9487ee5bee7e5c33e79a15e0ff7c5b5166ae56f3	0x51f2187c9e4c9b0469e34c0831bd5a7c5b1241a2b4bdcb83356ea2d810d5e39	0x5e95f87972678a8821d9cb430d981571c0f9869f5ee0030a87d6c6fece88781
random_1365	order	1815808145595	PAXG-USD-PERP	SELL	LIMIT	551.650056501874	1065750.393034819						55165005650	106575039303481	0x376469533afa1b5417515c5b295942e9c0f4cedb79a957f0c5fe1b8d15981a8	0x42428322513317f56de464159affcbcf6528b86edbc742a4caa376a468150f8	0x5b9da772ca1d861b75123aa0d686bca413dce5965f318dd842ebf342c6f46c2
random_1366	order	1811906336331	BTC-USD-PERP	BUY	LIMIT	6096.4670738419493724	7.8013476200937						609646707384	780134762	0x308b4c7b3852b55cf880384e287e15a74a9d55a16b8abc086bf296ef15ac35a	0x580a3bc229253db34fc479b3139f842e64cb946abb768e016eaa3b4f4bf335c	0x10cd48af4623b9b5185ab3ce8a1b87e017216a401875454aa65db4ab5e751a
random_1367	order	1841795685779	HYPE-USD-PERP	BUY	LIMIT	571.26692810499204	1465.994518651						57126692810	146599451865	0x3149ab9cf935ecf2dc991d7ef2a66cb806650babc44d62e3b480f2e54614300	0x70b89ca17e9ea60e9bb67df88a3af628c9fc2a9a44e5ac4afa6805baf978848	0xa7d851b86a269f28a908a89206400e16879b1c875bc887c4bc216a73ef7cb6
random_1368	modify	1842687002484	SOL-USD-PERP	SELL	LIMIT	6.944518923888799064	5822.80906273835449	5873648102392023718678908					694451892	582280906273	0x650f91f2efd36d44bf9eeea52157deb84339abd0b291f4fd23ff46d392f50ac	0x6f940823e615ea2b04208be81d43a0d5a2986b57024144ff2d1625d689b1d24	0xf3ba723d2a418b6fd8c365598ff7a40ba29f3c26aa291312ea854286255a6c
random_1369	order	1827386761786	SOL-USD-PERP	SELL	LIMIT	8.96477996935	687.52360841202916200						896477996	68752360841	0x7554d455fbb8eea0940ff576f5c02012d7b75158869f1249c4c19c524cf377b	0xd1dcef13a04db087e6cb0cfcd53ee9f9eac52fdebef63b99e009cf9c7d3d1c	0x1695da2c0c1f74da1c459cbc605fb69ed043029b88dfbac67279875da574f83
random_1370	order	1767674655370	DOGE-USD-PERP	SELL	LIMIT	0.3941079628091033	1051.02066877550372402						39410796	105102066877	0x189c5fd1e2882d0c99cf96d078bcc59422a60b7436e5d28a71ae2bddf027de0	0x1af47ff58459b793f1204b518550a8782946242392bbc97134b2c033bb8532e	0x17c3711f31e896359ea17646274db3eea1f6a733b1588e4974c4786e466cb7d
random_1371	order	1791170495202	HYPE-USD-PERP	BUY	MARKET	8314.11193724966							831411193724	0	0x4565047a872e7216ec485dd6b0f9b8b3369fdfadcd6015f051a1ecb236184b1	0x5ec2b7b6177bef623f997bd108dac0c3aefcc98317469dc3cf829ab2a34558b	0x16623ae3e15fc263fea079e4cc804479a2dbcf3d7f5d821971e639beacbba84
random_1372	modify	1803998169449	ETH-USD-PERP	SELL	LIMIT	85550.6366874398268	463045.302805264089	476877840085236940885400100					8555063668743	46304530280526	0x5ea337895de8910587275a79557d32882ccda9b6cb1a650affd23848c7b93f7	0xde76023c40faf115f98a2eba3520964860e2931713a4652f80fe0cffbafec	0x4f022b569f869cbb2e57a5edb869cebb7ebcd6ad8a0507b5846a20f61b2f829
random_1373	order	1815065854161	HYPE-USD-PERP	SELL	MARKET	80.735928794							8073592879	0	0x4c246f6017e62bd4dc38d50ec837f8165f62544b42791b7a84504c290d0f49	0x47485e3bf9946cc760c0b927a4d76de080d797b922341ee67d5239198f84c72	0x6e7995097c8f3a68ece9478c034fd9d4644dd5d8f80fe24c0253b7c68b76ec0
random_1374	order	1750478849934	PAXG-USD-PERP	SELL	LIMIT	29.55858914159261996	6048966.462436500						2955858914	604896646243650	0x4c30d3dd3c1cce2564ed58d32f177e2bf2686ffc6174823f4dbaf678a4893e2	0x380774cff5ec24b27195754e0a69e59ed5c150ec446a6cde88f9b86ffe4834b	0x2afd341a86c12867a5cfe51ce9f41bef1535d885d0e36a3040caa0d58e523bc
random_1375	order	1804578973558	ETH-USD-PERP	BUY	LIMIT	5.24804152721	2160.73130271523375418						524804152	216073130271	0x515d8d8e2349501833e20b2a698d964a702a757d135e474fe6c4d3195768056	0xf46ab41181103b055c4842051a5c14ffcabdee48d022b9480400bb121b554b	0x3e3225038a522c6ef33660aab5baa1546635aecdd87bc8a4aac2239116c4961
random_1376	order	1822270692033	BTC-USD-PERP	SELL	LIMIT	38.36773217944949	3.822562920430383516						3836773217	382256292	0x4c761c34a91b7336c6b1a3f30d42a152b489da98405b263a524104da73ce06d	0x31d7c21f090779b6b8344f5604d3e11859c6a225394a3f7e1bc7b9e2558165e	0x13908f04cfd1c312940106135b8d414eb368580520034dafb7292eed2a30f4e
random_1377	order	1880217273760	kBONK-USD-PERP	SELL	MARKET	6070.357212433688458106							607035721243	0	0x53820d6adf3364e481c8d52e80a17f5801ba397293e92e5ad582ef6acae98bf	0xc4acc10390c31291ddde07c63e5c579e84abf7a94b2081a693a6b2ada8100	0x246928ca8d7259695215ad5648ec2fbd7eae61a554ae8b26701317f1114772f
random_1378	modify	1747819373750	XRP-USD-PERP	SELL	LIMIT	696492.78081121973512	4547752.6398066964376	89463383958599632998348514400					69649278081121	454775263980669	0x244e637ece25085a0252cd27e2bad97d8281c64bb61687ea3b1884740ea200c	0x41ccc520d175dba876f00e0b8fa14d0f46756abe13db121997f9efa19a765cd	0x37abc23627d524182d566bc0edf9ca2dc53557892107d0f6451fd555a953547
random_1379	order	1888789773832	BTC-USD-PERP	SELL	LIMIT	6.037899752466951	466688.02879731498						603789975	46668802879731	0x476e788128ae1e0e65262615d13dfef5ce464466073a4a5d99d376e2f84c6c6	0x580d107f9f57179dc58f510bc59be9eb6edc852c17f74aecfd5970fba657843	0x341ffa1670406480de2c81b5f3568e5a53560807e3082512ea2561a6d20a646
random_1380	order	1889734067352	kBONK-USD-PERP	BUY	LIMIT	4943.099754136281	218.236591444						494309975413	21823659144	0x257d4ad3230ebfb641dc774b547626e09e631d060827684d2b9032747c7392f	0x447fba463e8eee37cdeb2b1d5c28917e67227dace67e10bfb9dd6ccfae4b0f2	0x710e338df5470767b2d6c5002ef8fb6afabc19f0c0dababc839bdd3f304b270
random_1381	order	1776595505950	BTC-USD-PERP	SELL	LIMIT	0.512673654	26.2811964810274046						51267365	2628119648	0x21c2d2b4be6cc7cf5884ffe09738d3a6087fc870109d3d78424fa5e8f31bcac	0x79043d0c8e05f6847b8bb4644d5193205da46f6dde1f12b39f8935cb037273e	0x48a32f28e96c03a028b672ab450b09be7009efe393856fe5c39c1b2657f2571
random_1382	modify	1874725419585	ETH-USD-PERP	BUY	LIMIT	9.932218904520368781	3.2053732437048	733037942854322091536323					993221890	320537324	0x40fbfa48cbef0422c557646e536dfe821c310ee2eab53cadcd200700e52d3a9	0x138d2b7f00a88164823985ec995fcf3d28b417e598580ce16e0a783eada6ace	0x653c3d9432ffef6209401d26b88b6dc24ae91c2a4efd78f0be359843d762c39
random_1383	order	1702898355410	BTC-USD-PERP	BUY	LIMIT	9601.1000680452	4805.090668695852						960110006804	480509066869	0x1d4e6f1471965c164a03faf040fed3872877aef27050cb544b0b0a7e73fb431	0x53b7a61c7b568ded8c85cafd254c5baa4e90f53b822089cadf47c4641893932	0x76c6ab5d45d11d06d3f160e3eff77af5756c9659004f94d35987a585ec1a7f5
random_1384	order	1776540036311	BTC-USD-PERP	BUY	MARKET	0.94224247019							94224247	0	0x58ca51d51b255e757735c1b5757158be40e34dd3e0bd3638032cb4009debde3	0xc576c5807d64937d5bd38e5abc1c70bcb5968cb27f3e29984235ee98980432	0x48ab6ee4433a01d414d184cafd559599cd01fcd757083e25c261cbddf75d5da
random_1385	order	1727580886221	ETH-USD-PERP	SELL	LIMIT	74.440167931002058458	0.84794823290						7444016793	84794823	0x4507ae3653037870c2d25fc9840f2e9bb20fe312bed9444c0a3ac8733e0febb	0x1e0eac667f6934d496aa7b895a7966bc72eb3d2c192faa26bf7ec6e910f88ef	0x4b9866ffd8cd8285d9f5812ec2bdb5670611df91d56af0fff60fd140fbff1fa
random_1386	modify	1879689299623	BTC-USD-PERP	BUY	LIMIT	19.79190015582952718	0.1028363768668831	8966831337325007491908					1979190015	10283637	0x9599ac073fd86075dd9619c75f07d005d498033c0022aa3e1c8b92b60bdfa3	0x946e34466e3747b468c07838cebe41e6fba9e0e9bfec2d75b9aa6753c409ab	0x69fd179b1a3bf631f18c23f8cb24e0ede819e63f355e2cfcf39d1862c827a0c
random_1387	order	1837113387265	DOGE-USD-PERP	BUY	LIMIT	908.344393933	8033.40234232894888905						90834439393	803340234232	0x3dc60ae790c3dbeb281eb42b2d4771a712102576a6f94f7b1009f484c5e3d99	0x212048fd29d8d7280aa5b500f92a633aff4dce23bf46a8c18e0e952b01672f8	0x5a7c871786ae2871bf28782f9327f9f20d788fcae225c2d8bed23946e7b77c9
random_1388	order	1747606077403	kBONK-USD-PERP	SELL	LIMIT	89466.03274256068	14646.329021726019						8946603274256	1464632902172	0x56727c5751613dba714b20104b7a2258eaf021aa2c91558156c829f2ee9e5d3	0x3d179a8cca7986e12d9fca4f29ae8f423332e1975572550ee51a19fdf97d240	0x74f12157cd956e66b45b0181b607cd4452ee3989800128b33a67572863a0a8
random_1389	order	1889787256512	XRP-USD-PERP	BUY	LIMIT	1371.2443705139	896.1866693351433339						137124437051	89618666933	0x656a35a20c860c7ca112222ec0d326327ddff1adca7d5cb9d5d73681b99b819	0x511608d06990fdb2ed90400aeb566c8894fc93c47f4a050650c9669e0362868	0x1d777d1c67d54ca22d620c6589d9238c358017b24d2b9632c902b0b6c21f81a
random_1390	order	1867026963650	DOGE-USD-PERP	BUY	LIMIT	202.88537407407485642	924996.57775058735069165						20288537407	92499657775058	0x736fe3e041db00773cafb4f3428c3bd68601e6c5a91a0a3eb98d9594ae84080	0x1039e2cbf3ce7058de86786d3ec458adadb26a86fbc742ba5e34395de1c03ec	0x3af388e6cab3b028151f062744df0899b485f8f7b2beda135c358645d4e4803
random_1391	order	1804161778277	SOL-USD-PERP	SELL	LIMIT	181094.9184001405824	1.514656246578						18109491840014	151465624	0x5a65706a66646fcc6e54f368d09c0a33204801712de23837c469e57ba6921c0	0x48da94ec7fa882fbe4408838f8cc6a75c046ebbbb951071a9fc6a53fe51f42	0x1beead698b249e77253083618baa34dfa2ee7f88aeb424082a64ccc43fc780a
random_1392	order	1724899178546	PAXG-USD-PERP	SELL	LIMIT	721.30344284295811	66.48045380698458						72130344284	6648045380	0x4a1b02f03e5d8db874eb70e1adcb8e04c3923d1c362bb143656d75fc45d4808	0x7ae9770330072b15e7e077432e7362e3ce73a3672903904290cf388ba09d9ae	0x2c59f0488d34538938126d95cf982664d0b2d58555337ac8463677a44775213
random_1393	order	1787826031223	XRP-USD-PERP	BUY	LIMIT	0.2908797157271078	7141072.1678737891						29087971	714107216787378	0x6e93e48752d4290f01d633d43f7a59a1afaca2717c36e1607120d2ea4584661	0x7b940543c206aec4531e372902b05dc3649d298ee2e5c7638742a7c9b6d8479	0x3063ba614c0252e1e39a9a76f35e9aca5720d48bbbfc7a1d22b402fc7cfca23
random_1394	order	1714157622342	kBONK-USD-PERP	BUY	LIMIT	5.254986951384690	97.491900104						525498695	9749190010	0x1895a305f898d78603b3e66303a50d3b855811471340ecce155883207f26174	0x8ec25fbd973b8c52464c0d0b658078668c79aa3f01bbe1fbfda2c6f866493c	0x768faad6415cd12fe5251250584a0254e09e23902565d43d715572ed476b23f
random_1395	order	1702444446913	BTC-USD-PERP	BUY	LIMIT	4917.39186406080	728.559071957330						491739186406	72855907195	0x698aa69a5a4849d632dfd4d467df0e7838b4fa0ecd362ab9246aa953c7a1655	0x115c615fc009a7bfeb70f4dd57c456f4db47fa15bc0fce38b2dca1913cd78ad	0x17eb2d79ac0dcf1aec35b7a67f1d668bb026ab3b5e11c2c946287cb25c2b81d
random_1396	order	1855676862727	DOGE-USD-PERP	BUY	LIMIT	27951.0506542103954	97.237187876						2795105065421	9723718787	0x37b771252f6ce815b8677e515f636dcb13cdd7b1fd6ffb0a5bbd3f896308729	0x16571a2a95400bdf0616e6132f8f8e5f8fb859306a15ed28de62d3939894b7a	0x483a79007cfdf3fcfd143d2c0572ea592ae82c2da593405d9fbdf30701bd08f
random_1397	modify	1735699522632	XRP-USD-PERP	SELL	LIMIT	72.164058309505	0.3343652392	51107946416265626745377399					7216405830	33436523	0x3bbf3afcaaae810d9c8fc8eaa02c368d2835488c38a97a4de08882cc148aa61	0x59681f348824ab4d7f7da096644a0c0fbd1d1ddc409ab0a52d131e157c1bb4a	0x2eeed79e75f222a12d7257be64c3d8f86af3deac884911d59890ec6b5bc8a4d
random_1398	order	1729902499852	DOGE-USD-PERP	SELL	LIMIT	22687.3505545009159	1784.796070421						2268735055450	178479607042	0x1a618116cab9bd6d3d5e0f7b03f01ae3db21e34f6e96cb97acbfaf7753ff57d	0x3b8315828a5a53fc87395bec58798efc9baee34968489ddec2ad771aa80d2ae	0x776af348dbdcd408dce7a7c4943788a029f57d2c243b1d0f7a9accc421d11db
random_1399	order	1799878857533	SOL-USD-PERP	SELL	LIMIT	0.4037021120618	0.80188297832967756						40370211	80188297	0x4edb5eed5e52035ae30dcb45f12cdd01cc6238f1d4bc75122568c0f9eeaa735	0x491c62bcb57dfe3ffe2b5e78618d6344cb547e2880fa81e059abc15f843c50c	0x1c3ac5e42a5fa148cfb7d350aaf78cc2aaa11d9640d70848211569d68985d43
random_1400	order	1713455343762	ETH-USD-PERP	SELL	MARKET	414.5508267450980451							41455082674	0	0x70fb166a15f88152f5cb1a3e1bb19be60d1b087640869466f9429513951f88a	0x25e8d1993effd1ffca0f2fff1a530518c01b3d2e1d4a72ebba646aa9a53c17b	0x7c38e9efd6b218df12f1910feb7b8f9e4f65ba9a0b56cf0700380da83c66cd4
random_1401	order	1882615036415	XRP-USD-PERP	SELL	LIMIT	72.839011377298	83.2648165182714685						7283901137	8326481651	0x3fd4da1e356bfd0657aa2668111455c9e7d14120ca536aa2284b2053c1c7fed	0x66eda8810184b35d32af445120221a64919fe26d1a39f079ea67abfe2e467bb	0x20c8d965899dd47b6fb2880fa4a6f79f4b165bd192e84074bf3cc20f519b287
random_1402	order	1834001085308	ETH-USD-PERP	SELL	LIMIT	851.373613585827	5861.401544445504536						85137361358	586140154444	0x4b82cab71989f84badedebada99b9d43f2a986ef12342c1c69287a0ec5d951e	0xffacfa719147b05f116693f25dba4b40922e1c9bc168fff3b7c07079f7a104	0x45079dcaef6362a7ace370548b97d7a3c27e10f20481264ce8f238db4b168fa
random_1403	order	1700433210811	HYPE-USD-PERP	BUY	LIMIT	2668.24861437889724	66.277721273997580						266824861437	6627772127	0x420436f4be35a75e9557ba662a3af6ff4e052c23bab9f22d50ebc76bd768a32	0x50f3fb8d10a598a4b7faa69f4cacff9f94bb8fddfc44524988aa4be8a74c864	0x2331b32b8bb2b4d486197ddc8a8950bacee77aa0947e6b3efe3cc12f57e45fe
random_1404	order	1828200829561	DOGE-USD-PERP	BUY	LIMIT	0.4597676406381628	8.601907171247155919						45976764	860190717	0x679fceef707b5cb1325bb683bb31f200c9cb3e947853724baf99a6b2b07546c	0x72c2da337012d847345f37e837f7306819ac6c4694e049a174a55ae95bbe31a	0x7dc9d86de37ee34ec63a3c6992ca60e992fed28534482e07f856bada3862223
random_1405	order	1801539579178	DOGE-USD-PERP	BUY	MARKET	1030.2887730602923902							103028877306	0	0xd3005fe188fed3ce6f2114c1481acb7b52f7d5ef5555df3dc9e377753d7991	0x29f6124a249ee7f7e0208ecf2b28b635a735719196fa187941d25d8b6c62376	0x4e0f27b9fa7082261d60d94d3cfe7270a1345ad92ad85eb36c54d8e2f6a3ec4
random_1406	modify	1800962351979	PAXG-USD-PERP	BUY	LIMIT	2046.96536687619762	980648.07608918577470133	53603911779009079793432					204696536687	98064807608918	0x67518737d9cccd7bf70dfb3a1fb583d09197168613b5a9509dd24ccbe36b5f8	0x2c7b237a5ea59e8fffddd6363a9724a684aeff7f985036a70956778687ec66f	0xd4dd9d5f578cf8a9c00721f449eda510cafd9a42bc0f8d75ee06e6ce477e7
random_1407	order	1817877885794	XRP-USD-PERP	SELL	LIMIT	76.185524403869777046	74.093166315125						7618552440	7409316631	0x6c20df3eb4ed986973fa98d9489bf87ef1cece28d0f0e4be58bbf2534b0c1c7	0x1484ca4d08038e1f6d93a22c3c2971a96d4cab55e35667644c5ffe0f4365cc9	0x718ced221f1a7de8edad8cadaefd881db09f10ff433afa511bcf39b520e35ed
random_1408	order	1870130898445	PAXG-USD-PERP	BUY	LIMIT	20.078793531	1.47439498314355						2007879353	147439498	0x6278abc5eb75d603cd3b1bc648e7d23877e41b18eaadd818648f9c58787b1e8	0x4f71246adc51e87c676839718f1e17c9b8c222db89aff62065a344bd3cdfb27	0x60e062e9375047e5c32317704e485b0b88ba68e1963220ac7e60a86ec9d5698
random_1409	order	1822929122970	BTC-USD-PERP	BUY	LIMIT	0.403317663	3833.816252375397884422						40331766	383381625237	0x269381b060aa70ccc9ba4ffab077a89c6491ab2f585d1a8edb2151ae92518f3	0x6df8682213e1f35891c9b9f2b05261449784b233623b38e53c88acd1dcd14c7	0x7b41492a44a8788e6c1efd7530022eaba85c5fd25254e5d9d3da674c2cde97b
random_1410	order	1828559923364	PAXG-USD-PERP	SELL	LIMIT	11002.03578114626420430	118662.15967451579913						1100203578114	11866215967451	0x7e755303c3a746a993c2f8275eee9fb453b90ac091bcc31f9e157d5477b0ca8	0x79304e3cfa228a8e1cbe66a5d70d5dc23c88918b8e9e7d1cfe7982193672837	0x3ccf7a85362959969a39c443321c4b00e61f985a6cc6425a4b25424c0efea34
random_1411	order	1890298490368	kBONK-USD-PERP	BUY	LIMIT	67343.948425198	9.10201176510462048						6734394842519	910201176	0x65405a677e5161928aa60ef2ba26a09f2f02f4364e48b02af579d0f368dde1	0x381f3325d59fec8dff060aaa84267c10054c20659ff8b194999efc356d0d5be	0x1dfcaff2196030b83367fde4f7bf254fb5d4d5260f832e2de55d3873d85c837
random_1412	order	1780004364693	BTC-USD-PERP	BUY	LIMIT	9.0937487838	528.766104598126						909374878	52876610459	0x354f718b51af746759a70024fcecc1cf14e7d30b5c8d9f027f86054d46bdf	0x1d3991607b5204b6e1124619375ea0fadc04e1da744f32f6f88a2e4674706e2	0x65fd055cb37d4b3e294c8f3e913e0d4b72bada1ab97006c78cbb586e68c87b1
random_1413	order	1708271045919	BTC-USD-PERP	SELL	LIMIT	22.618243220	29374.1519390499266947						2261824322	2937415193904	0x12b69509e1f42d6061d0f2ef7e1e4570259dcf23dfffee31f5e77c4a3ce19e4	0x2dbbc061aec991b794c1b8f8df023973fdede90d52f1832d08e47b25723bdcf	0x6048a71dab4ac862090a9fe4e3c7cd51878fd2ee6201d51ea96f7ad62a12bf5
random_1414	modify	1714061683984	BTC-USD-PERP	SELL	LIMIT	907697.343398325361088	0.599639355559	391119923704802181502928435					90769734339832	59963935	0x3bce41d6efaade30d1671e128c40c7d100dc246d16a63d418d2ab0f2c7ef254	0x76f4a42ec907c0c7a7251a7aecaa24aa58c956edb349f848bf86d2a9cc380f4	0x65d151bebcf99e61565e6caa48ba76ad1d2bc3ad66dbc12832bb29b9dbedf4d
random_1415	order	1764518544183	PAXG-USD-PERP	BUY	LIMIT	88.2180998158324747	873624.780241056						8821809981	87362478024105	0x45c3edaf026ce89a366e467f3f9e6085278c790099794c47b54d6b4053820bf	0x601252afff9247a09539703c0269682ae623747f24a6aba03a6e58a37a00470	0x1d3f115314bba9f1b053afa879da8ddab992b4e6c6c3bd02fd7333d0056d853
random_1416	order	1829963127042	XRP-USD-PERP	SELL	LIMIT	0.86239092565062993	573442.866397065						86239092	57344286639706	0x37843cf99583a1e0e3d6b7651e25c53ad5982207ffad9cabd9013ef88b1ad32	0x210da44ecb7a70c303308a6389edf3476983937bea3fb5ae14cee9c0c888718	0xceaa1565c2c3ecb834d291481d8e973b514756b6b6f53f73b5069daccc7e33
random_1417	order	1765062938931	ETH-USD-PERP	SELL	LIMIT	0.071551546296	2030337.4455520075						7155154	203033744555200	0x62757d5198bdb129ca13ba866eb60f06328c8e26b0da57159b0227c108bce0b	0x612e968edcac22a9580db7e171b399693f3cdfc838e2096c0cabf74ad8942e7	0x4e3a11691ee95c863b0bed5bf1cde251626b05bf13d66bfcd3fd895f2921cf
random_1418	order	1823460408042	PAXG-USD-PERP	BUY	LIMIT	86407.2026510280179	549027.31467764218						8640720265102	54902731467764	0x2ffa102cb5224d8e8ee6546be35eba01965f780284adffdb23e7041dc150d2a	0x1294f9ad1807c031dee253da92af02ba627e6b23fdbacc88f731eca5a1b98eb	0x574e2d16547ac97740dc0e193652b27d63ed06846be3f4c0aca9042cc7b512e
random_1419	order	1727024160117	kBONK-USD-PERP	SELL	LIMIT	41542.2944076869660664	65.1319604956832851						4154229440768	6513196049	0x18d92b4fdc4aae78c19a28f9c16398edec65336ceea2f021c7a256ec995b5ed	0x65e789e600a982fd1af4d0070cd93064018f89edca98947a25c32a85b431fc3	0x61f6f10738bee32894f5e353df7ce59ee729d4c8a14dfeb374631da197831cc
random_1420	order	1896646449707	PAXG-USD-PERP	SELL	MARKET	1.21747164117391075							121747164	0	0x6cc25556c85ed9d8463d9a8f97eedafe4c10f87b64cc4e7d010c4e2eb8e5e30	0x2f99c5356067e82cbec501260eeb9d5108f221da76396f91a4f7215a977fe3	0x64b95c1d46633b6fca7b7745094b6be72f2485c7e9180845cc98ab5d296c487
random_1421	order	1879650905077	HYPE-USD-PERP	BUY	LIMIT	815.912052437308509598	933260.957312209						81591205243	93326095731220	0x2ddb6107e619519b9e539f08642be0dca95f285e884207f357094c6bb2a0dd6	0x1c0be81cac785ebd84b373c3100bd51d50d18ee4c390ba213d73c2871c1a961	0x6b37015615527bd0563642d1e351880c8a5489ba6ae2229be64c92b17ace0cd
random_1422	order	1714078136870	BTC-USD-PERP	SELL	MARKET	80.5908441760							8059084417	0	0x4da39660856ca98e2d76a3d8724272f2647c04940a489590d9e7a3cd144bf2c	0x12561c01788ef51230afe920bc52c1f33eeb64fbfb2d9d24e9c80935375d33d	0x722c0a2e9ca90f9e396f874cad11ebe3fa446c4b572d916599f8d39103a6ae
random_1423	order	1732991518294	ETH-USD-PERP	SELL	LIMIT	0.4671669496655	51775.699775746315034096						46716694	5177569977574	0x239be045a085c98ea52bc8245f376a854549063ef37b44b0116a9af82b942d9	0x486da33b4265b9ab107aa8456c02e6d0034d2c2873a0a44ace40db3b814b37a	0x5c134fe9ecbee214cbf818d52ad20e1da4f339bb3b199153f9074cbc5203ce3
random_1424	modify	1723641638311	XRP-USD-PERP	BUY	LIMIT	651.218420985782371	67.646179671028161	643432267474332190270					65121842098	6764617967	0x3dd308a5d5ab9fe8880ad849be73c4b8dedf9c30f203f38b37fdc72c2efbd4b	0x142d6bdc990500f7a337be1c7638cb1359c05f1b0022b45a11a17ee9512b9fb	0x71e010d01527df7168fa95a83067d225817976784966e9693eeda94748bfec4
random_1425	order	1725347658460	BTC-USD-PERP	BUY	LIMIT	50.487885131	1450.39788304816988						5048788513	145039788304	0x6375d2b97cc47d35d425a52c1a0677bda9a74ec59a546723e9b9cc94052662b	0x5597e30eb4a2e74130b8a893e11c5cb867719c0f4e19468ccde239ca5c05f57	0x32b8f26f47c75818830ea89dc2ca802f7a58268fc7d5f8bb3488290a99e83ae
random_1426	modify	1710785062041	HYPE-USD-PERP	SELL	LIMIT	848.29699043703475	6.21703473567880369	1606082135523311694578					84829699043	621703473	0x56697ee0f4770dee5900779a049ef5547c9afa63c0bae23cef9cc942f2e3920	0x7f07fcc347f1fd83f2270511363dd3ace3526fb6c502fcd171c10250fcaaae3	0x5e78bdba7d4b1374b4d445f99a8f4b0aba6f415c9dc103481a148058ca2f57
random_1427	modify	1783489792870	ETH-USD-PERP	BUY	LIMIT	0.450589165635443	1.84837913146684182	73076492246369997942184966271					45058916	184837913	0x3101f6b321423cd904f77bff20bd20ef2997beaf9ec491369516654b0dabbb9	0x45c1658c1baec155478f8613fc82633214326809d124e291ee0be85c5507987	0x63bcda85460e9ebd7edfab821101e354b518097f14b44947c32dc297232ac4c
random_1428	order	1748020905732	HYPE-USD-PERP	SELL	LIMIT	0.60184112594946	7.07062650833087						60184112	707062650	0x3df9a0b769575de017a4872ec7bc1cf2eac03ca1131566d46b7f2e3313dd923	0x68d25d2758fb2ccadba7a7f3439d3bacbe893ae1c7bd17d7ff6f3979b2b08a3	0xad6a31b6595cdb4a9e6e391dbb2bd7e20b8a8b6a8508d02e4d5e37d82ec1fa
random_1429	order	1726067731785	kBONK-USD-PERP	BUY	MARKET	69886.7087853225144							6988670878532	0	0x45de9c4a3092326dcef54ce242e6f95b7f7e5268a0ec0a473f271eb63d2c166	0x52da7574c31d124bb8cc3d6ea06c555dfbc33005b03260326fa412dce58b2cd	0x372cf0c915df1c53afd1f4bc7654cfab28d2a054d1b91d1656c9098077c2cc0
random_1430	order	1770145405604	SOL-USD-PERP	BUY	MARKET	53805.8514538253							5380585145382	0	0x6729f42ee69ac0fc8218f074cf70e7e7cc6471f92d3f23fb9237f317e9c294a	0x336b3d3a0e0d98e6a65f460bb580c502effa2f79e6ca70bb81e014d88ca4318	0x56f12a32ea3426ed7a5b34affdbe89e81e30aebd4c836d449c103531cc99c1b
random_1431	order	1736817771960	XRP-USD-PERP	BUY	LIMIT	2.19371203936	66684.95173711997455						219371203	6668495173711	0x6e2ff234fe0d55d42d5d6d8b9cd097746f75b23907980db6085d4495b3a3eb1	0x44c6c794e355d2da65da062c55b5b4394d51759dd7cb872ee88c873cdeaade8	0x7e8c9b27129535c7703b9d409d45a31671d23f316833d18f500057ea6f6198b
random_1432	order	1857894264762	SOL-USD-PERP	SELL	LIMIT	505361.23331640550	8.8477157924666413						50536123331640	884771579	0x1f7a111145d72a411110cd42cb9fd07de6bd6cc23a88b05c8a537372ca59836	0x7ff07c9437db2d5343eac832f5cc68ee07596e5cb0ba2a4b3da655fe6b7b983	0x4bbce6b1f869a31e35493d9168f4ef47b7eeac5cde6b9acd74ec120ea51e4f6
random_1433	modify	1886859047408	kBONK-USD-PERP	BUY	LIMIT	0.121383848891747	38.7151974519442	4606402258524450915756					12138384	3871519745	0x7cb3c37ef96d1f9273d7c878aa793a55be08b3da31d702f33ec274b45650fdb	0x192fc0226642ead8bd831a5bc42e09dde49cdf083163b93c5d0cc4a9301562f	0x7d42d9e2d9bdc2f3f6eafd02902557e909ebd36b2cdc2a0ccb2a3d84efeecf6
random_1434	order	1761971456083	DOGE-USD-PERP	BUY	LIMIT	6863.99189598402159	13.07190209099521264						686399189598	1307190209	0xea8960141b884a26dc528655de8a741530c74ab9eb14ad93a50c37c625a34b	0x7130cfca8675daf716cb1a6da1f422060e55aed5fe032a482278cb65a289df	0x3c5db2d58c56054551489840de11bff23a60a1e702c1fa5c00ef4f5142d7f92
random_1435	order	1807382268311	PAXG-USD-PERP	BUY	LIMIT	0.595482883696930	8003.52367121393973						59548288	800352367121	0x3a921130ffb4f004748a04de6f6fe73597a4c719657d9aad2989add0dd3d2c5	0xc905ff04a5d13f2319fec4cbc3d39d938c849467ee1969ec83aabdb54cbd27	0x7a0c3c01dcec358d51621f04e1c2f142416463a295ed3d20a2394f1e203e54
random_1436	order	1812696376375	XRP-USD-PERP	BUY	LIMIT	0.93695039144825689	5447.90984653317312						93695039	544790984653	0x2a7e5cb16107735bf9979eaf32de7251ae1a0d894528fdd0b06651be2af65ba	0x1ea50e87d12e77199d900ff78314de3c5836d0928fa2373e9147d0ff0b0115a	0x47450ec03535afc7019e8d2659f05cb420dc332503979c97a3d13e749722486
random_1437	order	1768758061002	BTC-USD-PERP	BUY	LIMIT	678.5186015356611399	1.6839377025301904						67851860153	168393770	0x71ac87d4c57c70bf43d20457d3f85dd8ea87e3919385cda919dc786c1605119	0x400ca62fef3cd6794cb7d506079d70e37f94d1ff81e43cfe464ee34e8791ac5	0x7ae2c0f6da3fcf0267fc8e8957cae191fcb65ddfa48078b9e78f093499d9814
random_1438	order	1736595712484	ETH-USD-PERP	BUY	LIMIT	686.051217743851	0.4015204011						68605121774	40152040	0x9727575c78b8e97e2a3445e197c70af6cd5138b06207a1318508c3b82c1dd9	0x612b53ec4ef34cb9a1b1c7d72ad2d0ce490e37ae59e14da0a4479994a0310bc	0x195df3de1af4228433ed5d0c6fbe3f28ace3f4e3ed2dceaf2a97ff1530dff81
random_1439	order	1809924005245	HYPE-USD-PERP	SELL	LIMIT	0.26076290229276814	195.401498687549						26076290	19540149868	0x69b31b95d054d89bccd64ff7f0280bbd72709c8e6dd0a4e17d66342708dc27	0x54cf65f00f8f3a7d48cac21115e6bf538e9981f42baa5a6de90c63d1a3d9dec	0x19d1f8153b7ce4a8d2db6bb3526474ec5e2b1c35ad09b076b5bbfedc1fa5cb8
random_1440	order	1704543230190	kBONK-USD-PERP	SELL	MARKET	0.124032259297241							12403225	0	0x2787a6fec2676a6f205f02336eb93e599c445b52f7acdffe35ab5e0d18298e9	0x74f6b87372253421928dd8c976121e9457240d3327d0c9a221f45bfca288ebd	0x496b8ec27db7977bb82ac129f4e9c520116284f54201095b5bc88328f1596e1
random_1441	order	1715812865419	DOGE-USD-PERP	BUY	LIMIT	331715.190754338792982	1.9655630889138279						33171519075433	196556308	0x20f4763e2b49488271b0db2e0872d4f0691419c2ece274be38c1dec23131edb	0x556b081a31b78bf3eec29fe785020094ecf8acb15b3241cdb66aaa4d7748475	0x5ad2d03b083877d32a02bf5309d9edd930a458c72fd9d2e8e55a6dca2f0009f
random_1442	modify	1725648068587	kBONK-USD-PERP	SELL	LIMIT	8.7467736226547	918424.511786704080	25275404508488741381149376054					874677362	91842451178670	0x494595cae7f994af7eb69b17bf0222ed16783079162d68e321780ac6558d7dd	0x3201b85254e8de4ed0d9227053bfbc9e999586fe3efc94cbd3182d71065ad57	0x1b3d82412f7093c0858ddb7d9ca0e5a7781de73a35b24bcede3071d58f4c9f6
random_1443	order	1797892578740	XRP-USD-PERP	BUY	LIMIT	0.321169435634292061	17.531660789148281776						32116943	1753166078	0x5aca90bc527a3fec865dbeb6107b830dc8501983c5b54f16ebd502b6c1f83f8	0x38a1ce4f2512ba7df0b7045a2f964932d6898cbe58acd6b1d8ca1c542facea3	0x128af9f53f18e92377cb82f87f5be17d466e7fbadcd2c0a1f9c2927b6c3e470
random_1444	order	1782303464091	SOL-USD-PERP	SELL	LIMIT	79.9818183297	0.10000845988						7998181832	10000845	0x33e4a9ab826f368d25c0bfc7ced455a82dd5fc038ff895f28292d4a7cb160a4	0x2b4f45971f79d1e5d85e8563f9e288de4624c82830fe72ce7726d79684bb4b7	0x57291b86476c860962347fe46901e2132122a5d8cb21b2bfca6d84e8154c546
random_1445	order	1828313343935	XRP-USD-PERP	SELL	MARKET	9.8584625934							985846259	0	0x1e5d168fd4fa711081cf42bd6a5b7feb2e830cf227ac2120e5ac90b4560c995	0x3ca0854316d6ad5c3c222607a2810e685079189ee7ac0364f0c33403174a50d	0x61b47de72819ff769ed2c5cb305881a26cab45f9f5583cfcc3963dce6b22fc0
random_1446	order	1790765695632	DOGE-USD-PERP	SELL	MARKET	166377.43530820685861							16637743530820	0	0x622609b1dafa62b3411dddf77f7bede31066c2d1e12200cf5eecf73429d485f	0x56d99604d9e963dc1b5be77aebdf8dd23922e3e3b9a074f9fb9509f325235dc	0x5181f148a144a2d18718e389c564df1b7f929c6a88946e2183ba1f646236840
random_1447	order	1778716407148	PAXG-USD-PERP	BUY	LIMIT	29.96307152341044472	53.982046222787552						2996307152	5398204622	0x6404a1bdc6a0a022cb7cda4a7e0463c7de745a7e62e5d32dc529dbc7483b91b	0x51698bdaa08fd73c7d4ac6f44b1cb8aa472c96ff8c12ea862c06118b5eab1af	0x680a13394c1969b67943b3b30f02e522398ba4ec25e0e708a6e0ab929eeda91
random_1448	modify	1855818326400	HYPE-USD-PERP	SELL	LIMIT	915.74189077396556869	4.3696703482	7105430963813060916224					91574189077	436967034	0x264e6e3f84feb46d692e75d9215d4470968ed07deacd9dcfd7d4e000c146bc1	0x38e67f58e8cef3df8c25db2825e45bed49f4c2f99362c45525d5d1c81246452	0x5df39c9d8eed15f5a9d673a131e4f22b96a597d29d6de1afcdc68fb924aa0f2
random_1449	modify	1896839566969	ETH-USD-PERP	SELL	LIMIT	501205.775040112151	5454.141441284371	963508507570460945277759					50120577504011	545414144128	0x5419b19bfdebb45581427df042d580034247a5852bddfc5cdbe7dc4d3e7920f	0x79cd5eae54c64e5ec382a82cecd3c10d008dd451205d7ea94fa6b0431c213cd	0x26917d8f0b65377266e9111530f0e82d4b32c56510df61896278659c218a990
random_1450	order	1824579262567	HYPE-USD-PERP	BUY	MARKET	344358.4921859067250379							34435849218590	0	0x2c912a62c73ee51362bc7b7b53aa467562b356a3138b08dafa5ed5adf7bae13	0x7788b67d0617d526051af0576f1502f8a6cb9ec802f26a27be3b78e8d02d355	0x3f0cd8e8eb4ae147a64e409f9264f9440eb02e5fe853c72b2ebd5bb5a19c302
random_1451	order	1768964768690	SOL-USD-PERP	SELL	LIMIT	570249.099120433183829921	87607.657314967048885858						57024909912043	8760765731496	0x4cc4dc7391f55607051c3760d9c6774217495a16b56cd3cb50e1f039b3b6c38	0x4f386b391baa9127c71ff322c9643025880d177e8899032f58dc85a5063a31	0x3cf1f3a49d0f8415183d2f297fb7783e1041f225efbf56542721af24c2a8718
random_1452	order	1841820893382	ETH-USD-PERP	SELL	LIMIT	34863.89708376767	1.33789586623						3486389708376	133789586	0x40f17cff78e04bf5831f93ca599fa03affe4c102bf4dee5f16a1d0e55df7c72	0x6e921392c68f3c3941488e0b8cf6c0b1ec856339f358ab6a513b3a8ec0e4f60	0x7d0bfb6db92afb889cfa776c3caad316e2ce573967c34fc997e1b965259b8d2
random_1453	order	1835840083544	HYPE-USD-PERP	BUY	MARKET	4.33460319565779							433460319	0	0x257252a7bbcfb17efb0ca674c5e788d1fddb91fe48ba235bed6b325c32e4c7d	0x32089cddf719a1db84a8ad314700a19caf87b26e51eab73c92594f00f695c19	0x593ec5fbc6c8ebbd830939bebcb9e2dfa989a782fc5909cf14f6959c43fad34
random_1454	order	1702864074599	ETH-USD-PERP	SELL	MARKET	98589.4288237130661029							9858942882371	0	0x2c5d114ebcbdbf04c150a7a7770be3078645257a610017d88f02f539538a238	0xbd0a103758800c8408736e917714e0da45092aedff6dd6a5c78848bb93b8ce	0x24c6f7ef9be23e5784185a1e7fc53c5349f6605a6faa759ab01acb635ce2638
random_1455	order	1710126716075	HYPE-USD-PERP	BUY	LIMIT	4765.97424394925475	7.584896097527097787						476597424394	758489609	0x27a1e0a112aedf063fcc7a52962d6dec6da6db3af3b01d294674d9fd53eda11	0x3d05727568580be0cde4b7d85f450bf0e2ace3cca5577c25f7cf0e1fe008eb	0x73b23c5f7a7b3a3acd703b843eeef353e15a3a57cc2abecdff6890248cba1b1
random_1456	modify	1849527957902	PAXG-USD-PERP	SELL	LIMIT	74.546552341209303	1.0296481905848139	1938083318136957758045					7454655234	102964819	0x5a18e3a47926f8f31d05c6aa72f078a598eaa81a85bd3327fe245dbdadf5368	0x701d55d5258ac2f1d6f0b0a721daca84aa2a1b685bc3513ba9ae0b8157b792a	0x1b7a53426b986585b9dc245fd9c2eb0e0cb792fcce394e51680174b7848f454
random_1457	order	1888664801839	ETH-USD-PERP	SELL	LIMIT	4.6955804400729919	4150060.59093092907556						469558044	415006059093092	0x4c3687a6abec7253ca24207ac2fd2a4af216811499f403ee8e6776a30afe675	0x1ba00ae4654ba8b4eb45115c30def911e1bbb4be840e1b8625033e8399742f2	0xc90070af56eaae129d945ef9a79d63cdaea2cc1fff176fdf135d2165e4aae9
random_1458	order	1713742379054	kBONK-USD-PERP	SELL	MARKET	0.59658274591781555							59658274	0	0x655a1f8481ef325473c8b3c56856b50d8666f259d83bb850d62c9aa773c76db	0x3a35a09ad49e1558f2e8ff51904f5511ce70676308cf936a314b04eb453ccc2	0x324b3478f1c9f38f00d9cfd7898ca82f7b91644539f2deea58f0160fb8ae8ea
random_1459	modify	1727378297463	HYPE-USD-PERP	SELL	LIMIT	670076.48001075689362843	8.1468267405942	6359119483111106653146716120					67007648001075	814682674	0x5a909b70830c13348af6017f9bf4e518174191acfacefd7f77da688a21d11de	0x5f27ebe5ee0d5e17ab7b926e53643f37b811390cccfa66843438565da62ac9a	0x47650dddf735cf03b80e7014df64b562d5d86e253ca5379a3490ef25417ab8c
random_1460	modify	1814350804295	BTC-USD-PERP	SELL	LIMIT	148234.741850054	44896.5107258597	27824582619115249592625190749					14823474185005	4489651072585	0x2a8ea43662cd307eea20605bf875c62efc033e0d80023205fff3df72c13e7e7	0x2f106aea442d7589fbdd422eebc40732cb94f73888ae9d4627a0064e459a28b	0x56f75bcf09781a1989d4aa2e24c935c79911e695dc4580e031208be0208b046
random_1461	order	1892904424385	DOGE-USD-PERP	BUY	LIMIT	41442.819990937011919672	0.1725623867653						4144281999093	17256238	0x23604d3a316efe7fe4a8f65ea7beac2feaea10c2b861150215aa106b107776	0x327e63ba556f0d412ca1221ace368e028b977988328eb5747a6087c8aa5ac	0x14f3baea7843246f662f473e614931faeb02493a7871edade59726df7eba4e5
random_1462	order	1742059137449	kBONK-USD-PERP	BUY	MARKET	740016.9132691977391243							74001691326919	0	0x648ba2d0637f34ff14c85868903449b37363129532a481c53bd3eb8dd1de136	0x1580afd487cec6697c72896829b413535ab3f392d3b92bb8c298f859be5edf1	0x272c498cee0264c05a991f38a51c76b45fe20ae31bb4cc204c35e2258445d18
random_1463	order	1870823279546	BTC-USD-PERP	SELL	LIMIT	430905.179892540369269095	865.1213277178645541						43090517989254	86512132771	0x22db6ff726debea171ba4247e882eabf9c7c13f760b80bf7c63a337843de6db	0x50895f750518556c644f1157cb56f1d82e13785b0f450e78f3e0bc40f88baa4	0x4306f52b206354964846e8ece40839ba1f4a636af54b94bf80f228f3da1949c
random_1464	order	1795330225375	XRP-USD-PERP	SELL	MARKET	67615.810831003230							6761581083100	0	0x342c383b57f0169acbcc4d95c191f763d0b0d69ff91b23784a4618c2c5dda6b	0x2589f1492bb71b3dce143fc200783d76f040cb5dca496c084fee524a3ef8b0c	0x39ae2eca4da019ead0e4614fe91309f13a8ec49131f92631e54663c889fd0ea
random_1465	order	1768658189704	kBONK-USD-PERP	SELL	LIMIT	269694.03928259664	7843.842300682971						26969403928259	784384230068	0xa62b91712bacbeedbc32a0041b8dc43a9705578faf1865c8afd80dea128cb	0x4a290521ca36092874e01f0e6387ae125abb582bcf369bb64185d2c6df3cd14	0x5cc8c80818e5926a70817e63fa8c7df84739e20c64d8365559124c18ee991c7
random_1466	modify	1820794512417	kBONK-USD-PERP	BUY	LIMIT	798687.05100795596805457	47687.3289614142810350	139850792584615170024					79868705100795	4768732896141	0x144a450a050137c262a27abd522cd59a3e279d247e2d606fbec67637e66ecfe	0x689bd19f1f8336ba6db30d71bd0e73f61d1ee0c20930f095bc0a0c07e3a96f6	0xd8cd17185ea3283f4b365bbebdda3aa5d16cc9f4d2450e07b873997679acb4
random_1467	order	1863114631575	HYPE-USD-PERP	SELL	LIMIT	693452.1422776038144	5.59193507439						69345214227760	559193507	0x7c9a481429653c4c198d647b27fd150b70625b81f288806d4144459bc156446	0x6ec4a5ad5e9cab28d4004d8e3c74e1d0c47cce3e21b75094838ff537908d40e	0x9a51242a7c071feffb33ecb38d8a6d64e9d4f2794c1081943aba11a1ba7e13
random_1468	order	1834319730903	XRP-USD-PERP	BUY	MARKET	9541.3054846673							954130548466	0	0x2e77613a4a2c8cdefdd280be841d15e604237907a723ad84d4ffe278500929a	0x4cdf54c82dd592fdb54bcb09311112a1369085adeb1a3341582a7681bf9cf8f	0x43d5d1786394b7086916bace317f1eaa8cc1d4a73fde9098f13a8825c433433
random_1469	order	1798236107599	kBONK-USD-PERP	SELL	LIMIT	456768.940183914332135571	5.8498374835						45676894018391	584983748	0x526133f816c79dcde97d021bee77d86ef0039d258a65f0de4020e7b7fdeecf0	0x9dc20fd419af320f60c9c3c4835ee43b395781f9d6fbc790795e75b77716e5	0x3f9485c67333aabcde02138920bc1e40b8959081479bac1d1a1193b60a11a1a
random_1470	modify	1845527901017	SOL-USD-PERP	SELL	LIMIT	24.759474678	0.3701461019	35485333054310314498610					2475947467	37014610	0x4eb0d9dc1a45763c985736b7611a2481edd7cb12d14e6da4b912aad12b119f	0x77b28f51772bd5dfdc1a4eb82cc20f74caf0b4af2b55d173137b1640cfd975d	0x27d76049c2520e18317ef7f167852abf2cb04de81fd45c8ec7b792b7cb95689
random_1471	order	1877138329865	ETH-USD-PERP	SELL	LIMIT	15415.1280829399283	898.49363082670963						1541512808293	89849363082	0x6a06e7c5bda28d08a229f43c5f1d931349b741ac582cfb965da8071f1bcba4d	0x43ee1f6269460227d37501c519b79807ffb7b7c965b322583251e1f40cf7b5f	0x6a5865ef0e45efe734ff79e30a711cbcf347e2c1e3ef234f3073dd7251f17d3
random_1472	order	1702126947972	kBONK-USD-PERP	SELL	LIMIT	0.53855340559	0.5010823080396511						53855340	50108230	0x5e36327273b899e0b8be52ec491ff16638c9fafa79be446a30e7d1df806141e	0x4a3efb46e6ff9832c51152897b6861f2832c95dcae61b11b8581ebb250f3da0	0x214e5712dc8582489dc13f3fff4da3cdb4de681ab98aa1fe1708fcebafb6a9c
random_1473	modify	1726236163293	XRP-USD-PERP	BUY	LIMIT	599225.05992233510379519	0.5717452398438	83282005143591158931503925446					59922505992233	57174523	0x26d6ca2e0e344a7a1b25de01934464f1829c30f169669e4165e4faf60b36ef1	0x4ab957000a94938a68a150c60cb0a15085f4b9527e0e7bc32bf34132cc9f9b5	0x3da7b902161e6e7b701e310d5962fa633531d5b71341ed14fcee4338f985284
random_1474	order	1726315960428	BTC-USD-PERP	BUY	LIMIT	63941.8607144300345	0.171482661998378						6394186071443	17148266	0x55fdacedb4f2691104c9836e8ebe8325c638164bb6b659aa531e9ddd14b688b	0x3393e1fd11b8b4728e039eb8626c451d7a87273e883f4a883de27ed0bfbe3b3	0x762b40ac0f4e83add15e51a63d848f24abf691e2099d5c4fdb51294747bff54
random_1475	order	1799907357686	PAXG-USD-PERP	SELL	LIMIT	7.4822311766	2679014.416276101934708777						748223117	267901441627610	0xa78acc1c06e63e77d002411dd25ba469552a7f54cbb7eefb321b2a5e6d06bd	0x72bc8b9c2482e03b86dbcb9e917d2ee5d3e4607ba0588aa581a836e43370c09	0x17b4a340365b2d7b8e3ca44bbb0fbc4c7b21e2b270ce7303e6f4ea5d2d1ade
random_1476	order	1718219091549	BTC-USD-PERP	SELL	LIMIT	546.82591350616	662702.243826177943476						54682591350	66270224382617	0x5d9b328ad18d32562f89db5fb18298eead5bf82356baff3a1a949518c43f113	0x6e4d9dc8fa0a0cdcb8de996cfb87eb909dcdbb17b3db201faa526a52a2f0b83	0x51e557f91c4af9bc96655e77d523464c2e6edeb7ec2efddc71156642ee977b1
random_1477	order	1899584732252	DOGE-USD-PERP	BUY	LIMIT	42.6224291240233	86476.608521770270						4262242912	8647660852177	0x68f7fe42357b762c80dee7e479eac7232f0c203c8c2a655c91de73236ada81e	0x337f8a80428bbe82b1fafe6f12a846a8d79fc046ca6f8dcf25f37b459eef8a4	0x4647edf328bc18534873c189fed8916ba6a8c9a47985ce54c9e242ebe4a34d8
random_1478	order	1805253871520	HYPE-USD-PERP	SELL	LIMIT	8096.17203295483272782	58.62150011471867						809617203295	5862150011	0xcbfa748dfe2a17ffea72e54c97e3e0c752304380a52332e5afff100185e9ba	0xe5a15ee762c27391ad7220e550d8b889038f932452a1fdc22abf3ab7aaa07b	0x188bedd0e54ff00a987e4fc73bd15166d5d46de6084acdc6ee6042282d007d0
random_1479	modify	1898737868963	PAXG-USD-PERP	BUY	LIMIT	4.5407795363011010	2091849.661026512	75368767425496948258428233008					454077953	209184966102651	0x42e61bd850adaed8dedb71ed316381fbfa4dabb4562497bf5ce5c92ca9ec455	0x6b7dc402273da964074122fcc739ade73fb435acc96cf3ef78ea29ecb8b2d34	0x4bcf6c09dfa19fcf677a255e021ca58ec85b8393f900835a3a8e3fcf85e0228
random_1480	modify	1717617158600	kBONK-USD-PERP	SELL	LIMIT	5.042049882269939207	6489.7737106584291707	167456301219191434788903710					504204988	648977371065	0x324507364e787e52dd5111fa117aa4634c3265c1aa2966b95e8d8f23e31e29d	0x21e1726d3b71c98e0bcc610aa694c5dd44c44959ec14f0f446b86f0648af9ee	0x144b0f85d31aa11158f38a0a6ad91119bb33e9789653e306df92e5a217e7813
random_1481	order	1832367464904	ETH-USD-PERP	SELL	LIMIT	0.490307833	34.143936629759665						49030783	3414393662	0x64b8ec54e9dab5be643eabe1f90a3000ff0158f50c7f0cd9cbb6c5ebb7b525c	0x1f04bc56e2a19fb72c8dc7aad34d753e723b5d1fe2996ef0245d549a8999528	0xb54263e5d72d8908d8bfa0f484c0e76e7832568daff2aa006dd24a81555ea0
random_1482	order	1755180935818	DOGE-USD-PERP	BUY	LIMIT	543.168936125459	9888.116891946893682						54316893612	988811689194	0x36e38e679d20bec6665bdf53e90c8711e6c1d7a6c01e492141eb8300648de7c	0x4eed4f9657f4732014cfdbc522e01e79cdb64d3ddd881d9c46ea91c709982ae	0x7c87693dd3f0eba65df44426912b30b9944f6ace29e0367cc296bcffb738278
random_1483	modify	1747513114360	XRP-USD-PERP	SELL	LIMIT	99327.7891252024807608	1.6501009668340	170294431447352261944					9932778912520	165010096	0x5ea6c29ad529aad95347832f798e4e4b31ec7e8b7d53a59bba36961ed804aa7	0x5bfb5bc4ccc4edd734f2b4f6950f150cb1d3d67e0f0e929c9f6245e58ecf07b	0x2465882a408c7efadbbb1496a04bb17e604e01530f6abe1b8da12a7a49d60c2
random_1484	modify	1860679947246	PAXG-USD-PERP	SELL	LIMIT	0.521808053677	577.3794853720314436	626316776390637550647872					52180805	57737948537	0x4f72d7d08ba457c852fca473389e4f3fabf49d6a1d4c1ad2fe1ab378d15bc64	0x2be5369a41c8f34f6bcb2c7e8ad1ab2cb9d66cc90195d75d63402aef9948e61	0x60adf73899df0e064bf49e6ea33d90d75a8338b8dd132249cd4ae70739b3a26
random_1485	modify	1736725994689	SOL-USD-PERP	SELL	LIMIT	673298.399681795264	5797.40219038831776345	5887642001668448003232457					67329839968179	579740219038	0x2c94f47af95097500f23b3e4b634a3cd57d85452dd29600589f2f43d1c2e4be	0x79f701ef504903ba9bfb2b11de55d61ce333a4d82ac0f91b46f76697484463d	0x79cbb88a8859dee4ac01223ff67e7c705deaf61bc8bf7648b81d835864f3002
random_1486	order	1837259469066	XRP-USD-PERP	SELL	LIMIT	5493.6159895535	5.891446638						549361598955	589144663	0x1476a90bb5647844aa74d23af6893eee34b9d9165a411d1cd193b4884690966	0x5c1f0742d137ef6d6fc86fc0ae632a7a88a18321786ea35b4fa56fc42c3f0a2	0x1c57c26216cbffe2e684452fc02d5fc2e3c04ed0afe94567aa5d8b4fbff8598
random_1487	order	1836467340324	BTC-USD-PERP	SELL	MARKET	15435.381098791352							1543538109879	0	0x3b7bab5a074806081249b47edc4784065c52df88411bb72a10d1a84933820c2	0x2f3fb29993285be1f40dc4cc096c931f28dd29d2db327e8c355bd9582f83e59	0x40bc16d91c5ff88f66f14c6b390a7f8957970bc00f26b5f10d6fc46847c8874
random_1488	order	1727619985116	ETH-USD-PERP	BUY	MARKET	5809.38418934379510086							580938418934	0	0x44913ec50cc9c868854ae0742858cd8a177264483d84fcf88e012a8c11324ce	0x7121dc19ca4847ee12cd918340b5b96f5d3d333a48dbf9715faa24a35ab7d53	0x53304107fb3c535e12b451639d8b2327217c54b97a864040715ff202c9e494f
random_1489	order	1823486109080	kBONK-USD-PERP	SELL	MARKET	358.527812424437							35852781242	0	0x2dad60eecafb7047f4f0644842a0200cc3d9d800f87120790322d701fa7bb86	0x392a5980ddcfc9d08a4bb317dd15f568cafc97da675e51bd908b2acb850197c	0x13836ac04cbe8944ccd930afbff9bb9c42579d42cb8417689390f207caaa55b
random_1490	order	1740495738031	XRP-USD-PERP	BUY	LIMIT	1.704727596967	0.36455955850						170472759	36455955	0x50568d6b99a980d64a83f8804429144d741334145b8b0f179326787ac1af6b4	0x6ab4621a7bf5ae6c9be1056afaab1c346662eeeb1b07730ec2f2c8337e2594c	0x30bfc0222adae5e3bd323000e369dc55237d0d43b3a5807e4fbc01a677696e3
random_1491	modify	1795897343061	kBONK-USD-PERP	BUY	LIMIT	8.901436512315	465.413688374778714	837905740091620005843457794					890143651	46541368837	0x3edabb77b56f4e586aba2eb16eca7abbfb00012b0fe79360772b4592630ddae	0x78554fb696dda765c44d983184bc5b60d1a6c1f4f1d0a6f80971233f5a79fd1	0x3e260dc74f3639684f1ba73f93e203b626db27ad2784ade0ff4a3b1399bf74f
random_1492	order	1722924212585	XRP-USD-PERP	BUY	LIMIT	9773.198195909470985	646998.515168849						977319819590	64699851516884	0x1c24663889e879d44eec7a52be87a163bf2f085b45059edaf141a5b1c6f8ff9	0x659afb898412f8abf763377b636aaab47b58ba29c7b13cd8ec50aca0d38cf1d	0x7f59916798c7986a3c7b66158ee1ded60245490504fa1267995251bfdc2583e
random_1493	order	1821817543871	DOGE-USD-PERP	SELL	LIMIT	14643.125947833387394	7067.5687637167832						1464312594783	706756876371	0x7d6ca1dfb4474907266f2fa614fe6948915455dc5947af482ef7bb4805086c9	0x5edd2637b4a318e7cdcdd36579e2bf9569f38e606986510d3ed7e7579bc1918	0x5eb213aec88814c9f1001a8d014b9d0aab189edfcd39c5189cde5e6cf18a4cb
random_1494	order	1865773728546	kBONK-USD-PERP	SELL	LIMIT	421.1738765840	294.55522862326993						42117387658	29455522862	0x6c9421c474871130909c8eb8d5c5a0d375bd64480047b1624858676a4517d78	0x4c6dd6ff95783be1f6877f42bf80390f5fadc702a045eef74d4460f73f23e73	0xc7dd92bf6d08211ca2cf440e613f6b14d63290c6d37654a79de26d39cfb860
random_1495	order	1851008015381	kBONK-USD-PERP	BUY	LIMIT	87173.32377663168562150	0.7050448414						8717332377663	70504484	0x65abbbdae18d15e684c1292bbd0cd66f905fdfbe46849619e1488d2ee312528	0x2cb6eb50ad5253bee3ad6e1d24672146177d471033842f9703cca6c01f746ca	0x1bf73b5c82c961d8f9cf03e219cb82c770ac808821d671e3a1004842ebaec83
random_1496	order	1883032696314	BTC-USD-PERP	BUY	LIMIT	651866.36255157939442	593.71209630021026						65186636255157	59371209630	0x172a1ffbae5c5672a85483eb15da82d71ae23820ae85851ff2141a088ecd13a	0x7eec79f3bbadd6910dee7decfa6f23226947716ac52248207d789135a0bbead	0x142e9cc30dbd54e13276b74dc2b74e4a6aa66ce4aadf3bc4e87bf4707006232
random_1497	order	1877774897505	DOGE-USD-PERP	BUY	LIMIT	74081.96499535354506657	0.487336443822293480						7408196499535	48733644	0x4888d108c24344d541e95313a7093a8193e68454c08a77ff2a7b2f473252e77	0x33e98534ce273d0caec51f187ab6d95920a02ec16158dc40fd4f03fca4bb40b	0x16d92d2d3c60b211a122e62bd3057478c4d548fd07790f19a7693a39ba0c96d
random_1498	order	1781339693608	HYPE-USD-PERP	SELL	LIMIT	21.4243441613596887	250.083034217385744						2142434416	25008303421	0x21f069438c227e55d83f12d6a12d51cfc6cbb49c28e27ce9a4c4e2270e8e549	0x775d0cf3879724c1b576d3a0f30438d9edb3f520a3e402b12cb66d850d96646	0x4265657c55d9f6b7879fe06f391820872a3863b926d3393b6a08650fecf75cb
random_1499	modify	1756846113903	PAXG-USD-PERP	BUY	LIMIT	31.0226765307310	8723.17980610745	528112039371447198893567223					3102267653	872317980610	0x200d881bd6d4b04bf0e6ada2d9566f9793caf3c89532b5d7f0f60f2f3604045	0x4d46acf40fb8cc79e5b3c6d197f92cef8ee668dd58eb373fa0ecab573524e6d	0x5ad53fa9f6be8c945efde1277425e3ed1c122ad7cd4bd8628bf4caa6533f3db
random_1500	modify	1708846212836	DOGE-USD-PERP	BUY	LIMIT	5639.1781155611553432	509570.2178304166179	916159693484401356945433065					563917811556	50957021783041	0x73a633e4872f84f5f3c99284bc080443ba1ffba929871800dd4eeccdd6fc741	0x4e822155ab3f5a5596b9680282a84afbff1800d7839967534ecf4e51cf7bcde	0x155d71995382fad8a3ff72aa73482695c41c493e75680f72a0364778c5080e8
random_1501	order	1704207469408	PAXG-USD-PERP	SELL	LIMIT	2.3090349423861	763987.7114692337						230903494	76398771146923	0x8b3ad696c4c5e8f9b63833e6f7c171ffadcd286a4ec5d1f428500865f4c052	0x884eb4fd81dc93bdf817d9252a44e4701c819a68669632868114e33f2da954	0x6638e49c0089ff716c533543d95dbfd99bc61ac7ea1ee50b4124c49b25b60e3
random_1502	order	1777720883456	DOGE-USD-PERP	SELL	LIMIT	0.470069541656691	67.11656163407688						47006954	6711656163	0x6d3d0be84cb09e6145f6d85e402692492a3200a85799764941b501a7896ac5f	0x40ca4402967ac0fd773a14092e0806095ea13c403557b74a6b7760a906c437b	0x5373274a5e2b753cabfce9686a2d1b9acfee98c8b8a3742693b7ac9bcf971d3
random_1503	order	1804020851481	ETH-USD-PERP	SELL	LIMIT	2.57325209436540	845419.1674702038						257325209	84541916747020	0x5a961e46a5a2f073c845b658ef00e5d33b792100b48d6197a9e614c01df1e23	0x752e73f119dbae5a48160cfc1386d306eefb49bd035c8e7be917001be905ca6	0x4de5d333dd51c1afb38d26b95cc54a3a01d4461e8f1bdbd842b345c06d22701
random_1504	order	1710397620073	ETH-USD-PERP	BUY	LIMIT	0.9600819275637270	78.98057692865973707						96008192	7898057692	0x614393d49a292c1e96761c8b7831a4655ccd0474ad7775d8e54448f1a3b7963	0x16436da82fc4c3392b7871557699dfc6f656277ec87decd16121399f8764e8d	0x77d3cc4f936808560d4dec1947912d87154de4379dc8f0c523f48de5959a306
random_1505	order	1735862498105	PAXG-USD-PERP	SELL	LIMIT	435.43833900773474	0.777274209626						43543833900	77727420	0x36b1ad4e0ba69f21980870e6cf7e67ed331e71989c24be4de8bdd6bffe35808	0x2da00d66949513e4eb0fadd07de96ec6d472e1ff736428872c86514a7673b7d	0x9dc7cc1a3644fe317c8ed739641788ecad88cd91f9d1311db3a029a1ff066d
random_1506	order	1712781770369	DOGE-USD-PERP	BUY	MARKET	6452.90534581171160848							645290534581	0	0x27e16099c5345e995afb9c8424f9d9d39083e9b5122abc206f74d06edad0214	0x4e8f5529a29d5419db15ed04d8a5a2e4c71662f6d028aa2420cc5da6851d5b3	0x46dc5a8b53661dc6fcae58fd615610aa10df33474de6daf8b4dbe26450dd864
random_1507	modify	1883636899939	HYPE-USD-PERP	BUY	LIMIT	87.39879803517	0.0875871233	27315349162936947340197					8739879803	8758712	0x3c7811a20bc9240ec5e36ab4df6d1d1a9386b83b9e895ec409b80c89945cf70	0x11018a00ae3d42a0a08f7b41a7f8f5bbdcdcc61ba558d6be410db788aae9d26	0x2153c24ee4cb0e79828939468d839b846f4cb740910306ec4764df8d21873d7
random_1508	order	1812618269669	SOL-USD-PERP	SELL	LIMIT	792.1515936543	8186.6984376309						79215159365	818669843763	0x3a56617542e67465f84a09fda20c03b6495d981481165ee1c5157632a4c8779	0x2dcb6632d9d799aaa3e3c4d2f814646f5fea0c32a29ddd1c474f0333eae8d1a	0x5634f00bb8fbd3b445ecb0ef6dc7a04febd42032e11d76081d8e3d98c5f927d
random_1509	order	1855312725142	XRP-USD-PERP	SELL	LIMIT	233.482708452353735423	890199.00562288173476765						23348270845	89019900562288	0x291b8c52e098b2a2566bd87b2127b832ca71d2de7b933fc108f12f6455931a7	0x284f58f58ae1d27586ed1f1c9275a786e4f79b39bd607860c428eadcf68b626	0x3f3078879d085d2a6e58c93ff1ff1beb840a4fed63aa6544c3d5d36c31553e9
random_1510	modify	1857408593146	BTC-USD-PERP	SELL	LIMIT	8061.034675774492	61.3966837424792196	926180778019592547200588515					806103467577	6139668374	0x5025afe8876d70f20d3fe6b3190ed4203be0db419bd1966832804420f7b0cbf	0x698150e10ef1421f72852ccd9577a083e7fc73c1f0eec4bbae4a0abeb9183c0	0x76fc034dacc8a45c5d98f8d0903aa0989bfd9ddf02d37e14f4f77d2f5f176f
random_1511	order	1842379810959	DOGE-USD-PERP	BUY	LIMIT	9838.40636849297885799	146.224670704263						983840636849	14622467070	0x76fe21131817e587b09583caa52c5708997e427fbff1d2e661db831e3c386db	0x4febd3919672410991b3fb7c4d681f66a135d82c5119e6d64e7573cd5dce94a	0x1caee9b242a58dac8539fe0e471953e0446bbce6c6a59aea871b13e9b6a5ada
random_1512	order	1779149316282	PAXG-USD-PERP	SELL	MARKET	7.701328316418							770132831	0	0x4e308886b196595c6d8e88372032aaa72975bd62b8a1cbd53f3fa3b1332d8dd	0x15474766f90ebcb9bc2138dc0685463c59c5a123e8b0e91d65261fc6626f7	0x6df931b4222a168de78d11bced7a18247278250f3d49476a553808be97ea199
random_1513	modify	1778261484567	ETH-USD-PERP	SELL	LIMIT	0.750372541091666370	8732.9875556819	39253809048378354728355					75037254	873298755568	0x6b327f5fb4faa222e7d251284c2b3c804c24a8df0ed4323c987f0e223fd62ca	0x785cdb39d95194a4fd36164d1d16c4e5296181bc2f5a9e654f8121c20abe404	0x511d5524526736ae86bd52b9f854bcf87104ca401762f6ced9d26ec425db1a3
random_1514	order	1753462155185	DOGE-USD-PERP	BUY	LIMIT	451.5615947849907	2.0188407908						45156159478	201884079	0x772ec91387c884fa5700248d813958672cdef7f62e86b6bee7685ca4974e137	0x51fda8a3db1d945e5e7c1e085093143390f6ca3f5c3cdd68bd35fef9dda1f4e	0x7c0534360e633557b39e0c0bf31cb4fae138836f98bcf61f49bc82cf30370d
random_1515	order	1748525192885	XRP-USD-PERP	SELL	LIMIT	767.3826504229	1.646720918322						76738265042	164672091	0x44b09236f6e055acb1bd17f7590e7ddac4913d47e6ea3e64a10fe76c1166b16	0xe1f65d9e1c3e4915a75bfa0c5168016d9a97e5c55fab6df3046a261cfd2c5c	0x46c3d8e5ee48b0f194aa3a91f2c7f4ea39369c6320dd2020286a37d62a9e60f
random_1516	order	1793103043414	BTC-USD-PERP	SELL	LIMIT	8.17768440609	9053398.430642005521560						817768440	905339843064200	0x59a40ebdcc86f735e0c10d26e2311d06cba0bcec1a49692fead49683803e6f2	0x37156ca8d1a49e09fa2ebf3c1c15a21f421a7b4cfdb6c64d926e2385982bd2	0x6bd5a3173e2efdc31c766479288b73e64860d09e96d00c518a41099a9396cdc
random_1517	modify	1834615650692	ETH-USD-PERP	BUY	LIMIT	3.92671449454	6993.25088732078	48641892102802732841083					392671449	699325088732	0x34e6dee6178e911c602fcf2477c89c75b8a2bf776849e51daeccf24ba43e65a	0x74d14443c5a80d14bd48b6e863c7aff4c8b8c492056d486c29ff967d50136dc	0x74d0dec46d9cbc7884da21c5a0f5157d25309b62b7cde39d2ae9ca464c5e1e4
random_1518	order	1747137293048	HYPE-USD-PERP	SELL	LIMIT	26.7133726361	9485135.11522389777764						2671337263	948513511522389	0x52f8caf5f765a06beb8ebe63f050df57f7d75a884f119586ee96544982bc49f	0x4fc4585a00863b85154894804934d016ad005305877e2333fd9c9e20f8b5019	0x49b1b2a29af0f03b222a708adfbb7237977e1bf0a752acf08b81f3941c9f007
random_1519	modify	1732945916979	HYPE-USD-PERP	SELL	LIMIT	7.6327728899591	0.34526366952389	42350769027733497275					763277288	34526366	0x1b616d8750423fbbfe57d496acb2ad16c9952ef9555c441418192be7d13d78b	0x47a8af6210f7e9812b251c46c523d4f46f3413cf1bbd17ed7642316967476d2	0x74657d9f5955e168969094e1afcecae8692d42fe7b41a2e0aab19ae79a797
random_1520	modify	1869525386968	BTC-USD-PERP	SELL	LIMIT	340.55321466388042759	1.5264754225845343	508852739677716950534068034					34055321466	152647542	0x4075de6ae219cebe3179fb013dad4ee9cec687a96d0742a2f2cd8983bbd0d2d	0x799093e60647697a45bdfdfddb3b2dfbb25aa2d4426e749c3b06d5b4efb0316	0x30276210fb07c7d383887f85ccd7c22af58f82540e13329652d6bf74bacc6b6
random_1521	order	1827726327636	ETH-USD-PERP	SELL	LIMIT	6.6248259846928	4.276305120303586561						662482598	427630512	0x16d4c849073afb53b859cd382988e9fe0f43efd2ce2765ba3cf0c268d117626	0x3d72094bb0bdc621cf504d45b7dc7735769b23abcdc24d21a4031ee030c55cf	0x6fabff38c2eba69d52f0f15855e9de0f0c82ae91e0dbac1e75e1dd8fe34a969
random_1522	order	1767362071664	ETH-USD-PERP	SELL	MARKET	9087.89060923386285724							908789060923	0	0x2c15985989b3b799d11c4cddd152523929ae0f16464cb42d61e3ecb9430de45	0x71c326aeb0d40435960d03d692981ac560985fa954bef18ab5a54fc92584340	0x54954a23c5a25a33b4919e5c760aabf7118adae862095d938be6b7fdecd956b
random_1523	order	1822862600246	DOGE-USD-PERP	BUY	LIMIT	97.829186520676	58910.89671940893064						9782918652	5891089671940	0x4489ffc182da99aacfe86ffb19fed96da3ed64d78469d1bb3b55cd2ca437453	0x3831ebd0c6b8c4a8be4b7e17e83b42714ba23bc3a51be0ac5b0d7ee03c33f	0x64613d1dc76a4d9385251416cc14e10a905874279e0b6473ac2d7b80d168b1
random_1524	order	1778637819765	HYPE-USD-PERP	BUY	LIMIT	0.660969575141	4106.819254035664726050						66096957	410681925403	0x271783d2f54187faf21bb2c2d3b91ffc3cb900ae4762384a39a7b799bebae40	0x30d2b466ae86347a3f2197d1855fe2aac534ee07703249cccb06fd96152f817	0x4357dfb687b7c9ddec04c891bf2f45594c12b8ca39c69787e30f77aa76b6bdd
random_1525	order	1748300181980	ETH-USD-PERP	BUY	LIMIT	277.1512265661	8423089.825324378671265						27715122656	842308982532437	0x3012d49e614917421309f4a203db215696fc978b2dd800bb1f80df9e86f4c48	0x65faa090291a0883bd29b0b6b3bf45abc27347e8436b5557bdfc648e9827bcf	0x155e6fcc6cb55eacc85d69d819a928e4f06ec1e11f66a70a4edb5e032feee3
random_1526	modify	1726203139944	PAXG-USD-PERP	SELL	LIMIT	28.7852564495164744	0.48531748896	279360392797736453624308					2878525644	48531748	0x74fb3faed741cca9dd598db917c7189e3649d6a7bc34efe35a481ef7a786201	0x14f4e9cea62f47d4a2597c0bf7d52e703dabba008a8774ba21a97810149a379	0x3730d3f53dfb7e29a1b4000c9b805ce60d3dfcb19844feb97d5f5dcae9d104a
random_1527	order	1810552892938	SOL-USD-PERP	SELL	LIMIT	7710.1766345084057219	363.38906123696403079						771017663450	36338906123	0x1340f66df6215c9ec4bf52bf4ba288827059a5ec8d5934dd4b58ba6f5fe48a4	0x1e9dbe1f1b4c8770a689ed0322cacc628e5bf78c007954374c30af121dc1a90	0x728156d998782be31508e2fa0ded9ab86d3053e6792e4818c9822728e287b58
random_1528	order	1708046215104	kBONK-USD-PERP	SELL	LIMIT	96.21300609823957056	3222562.55747132019						9621300609	322256255747132	0x73c72ff30ec09464e7025422000ea48b9bd0543208e611be7c659339c133c18	0x53d33dd9fc98b1429699bee8b067b84bf01e86af1fc0b9e49e178e904ee917c	0x4e9a12fe2fe5d1dec0edced0c5b51c9c24ffa391e8533adf476f50c565d3f1a
random_1529	order	1895775799227	DOGE-USD-PERP	SELL	LIMIT	956.19172562017	1360.17731611644						95619172562	136017731611	0x6c63c7cc98725e64ec62af157f0cc79964a50bb6eb165db49b967e012a0b773	0xa4b8ab4cabaa0865197bee5fde4090e3ec6661c796671bd7fb212793ef04cd	0x681cbc562f753ef4fa785fe15702eef70d494d0d22860a9054136e7f171258d
random_1530	order	1861830287024	PAXG-USD-PERP	SELL	MARKET	0.263079783326530							26307978	0	0x5465d83df0e9541886057aee21f8142c5c509e319b5a68df33728984f01eda1	0x6299773c265981f3779b9a1f7d8badadc664d2f5493278b7a1f1043dfae2392	0x7d54e5c940f3620cb00fb34845725709f50a1be63d2eb03bfa9d1c29112274
random_1531	order	1887991371261	HYPE-USD-PERP	BUY	LIMIT	0.689907587	280.2246686073302						68990758	28022466860	0x5d78576ce7152e1bc089c0471ed153c7fc5182eced3f10f5c339b1233649e08	0x49772647a492b99886137055add9b67dde27ac276706bcd6466fd0cee8890c6	0x2d0e9fab422f4bcfa106a65857ec25c694c9bc661bbd2b2c40610511e30166e
random_1532	order	1832884192150	DOGE-USD-PERP	SELL	LIMIT	0.12483093212919	28.18249105330449						12483093	2818249105	0xe618102ad63d07beac7112586152a3e03e2652ee7b96eea703b43df067e797	0x1106f3cc5e37207b292910a9bc3cd4da513ae63ccf4dc3a2e072bdae4778923	0x1d63f18537d24ba463b4cca58304d09f4969b97bee66efa1ed881a99b5f9aa0
random_1533	order	1830639400512	ETH-USD-PERP	BUY	LIMIT	598846.87334322858295040	8.2179844264448						59884687334322	821798442	0x6febb517180b4c5f0ee22b263ff7c94ef8b25232c243484838ed3d3874129fb	0x6ca871f9728504c85ec12e63d634f09bca82101178c911a965be0a841d302ed	0x76ac51cbcbce5efa0000dfa91e9e1028bb1005159795494ba4451848662c1ef
random_1534	order	1774747472720	PAXG-USD-PERP	BUY	MARKET	3.675734887684186912							367573488	0	0x486697569083eee5c921cad5f5e97d40f709f28241604bddf0f4708ed7578e5	0x74be5670437f0ea264140e442ad3e8a2866e573236442f4cb70bf907a23d9ce	0x7d14e2ef78d328bdf76ebb219b9a91769f8501f6739d3c00f16f1278cddf440
random_1535	order	1751494923533	kBONK-USD-PERP	SELL	MARKET	1.5889385681297196							158893856	0	0x753d939f797090c22ee8e7b5e14cc04e618583282bff9ac5872465e342747d9	0x34bf6d31cf82a98704194b8dc308078e91dbbf93d76e2393be63aa5685ec1d5	0x4febeaf10b747bfb37e59b94201153237be21bd5a3eca410d475f82763d8239
random_1536	order	1898905633843	PAXG-USD-PERP	SELL	MARKET	17.5423798447007522							1754237984	0	0x2152a159a83549554ad89d95f81f838f4871e7152de1b08c97028dfccf352a2	0x7d37c68209a4418f64a0e679ec4b74ecc619430337276e48f39c7a26c46dda6	0x6227fcdb18b0cabf9ca74e6b3cd2f1e013174e3e81a5d0dd25896f236be19ca
random_1537	order	1717148939304	SOL-USD-PERP	BUY	MARKET	332.77648009542594							33277648009	0	0x1943f658402677f590696b9413b9ec8f7407254d0e06b94af2d8921d471e2b7	0x15421fb42928e71db8fe4f91adeacb0d579e331ab1e1002474389e0c7ea51eb	0x787095d4a208fdfcbf448e633b337b0c4b6b214c4800a0d155fb58f8ab4a41
random_1538	order	1751937689065	HYPE-USD-PERP	SELL	LIMIT	0.8785314248425	634179.54373735858218						87853142	63417954373735	0x6d911f6d0764d8b39ad4da1437ec4733dc1f69f311c0b5bf8d33cba72ca1469	0x646705ce82ef70169eb8553f1338ee1300f9ec5c66608f644ae334167140dcb	0x7adbf5034014ac1da0a75453318555fcd744ed28f2d3b354ca4a9197de4d833
random_1539	order	1749533947302	kBONK-USD-PERP	SELL	LIMIT	0.04576371332627707	95.19012871426483						4576371	9519012871	0x4d40057a25b402334f6240b3f37d45e5576098153a5dfb3cd2baf841d0b02e5	0x6ef37c0dd7354770b36c0465fd3f4740bd527a2e62199773389e29a14a0fc46	0x1beb50667fd943806afdded784828a32ac2a701e044290dc9604cdbd2d071f3
random_1540	order	1824349951392	SOL-USD-PERP	SELL	LIMIT	996580.355568767	89.149359972486518						99658035556876	8914935997	0x15718687d2c034ded850262de6778852101a01806c2bd2612a52a4a69e3d335	0x64135d828fc9d1b573e015526356fe572ad6762338127ff8ee5a457d818fa7a	0x3ae7636069b7d54ed7bf953bc6b99c78dc473cfba2bce56a672d17522a2d69
random_1541	order	1738868094661	kBONK-USD-PERP	SELL	LIMIT	232.9891942811707772	91.64465865091						23298919428	9164465865	0x1b6ddb11c76286eb1cf3f9db99f78c04085d43876c41d238f077045942e36a1	0x20db50b83c95a241054dd306bb4fdca47526ce148e00011725c677021350c2a	0x18a6a11cfb28028dc953e3af7381561bd4f471b006a323576c475adcf38566f
random_1542	order	1702684166632	BTC-USD-PERP	SELL	LIMIT	17.05965946074	9608360.250816912026700359						1705965946	960836025081691	0x5870256cf68f04ce6af95baf7fab3921e347af4670c19a7af990a5e7b8d7f02	0x3ebaeccd220c02fdb83ed805936311aa35dd6bc520eb6c4d4afdfa116c5faa9	0x1d579adc4fbde447ca72ca0f41fb2547e732fc9ad93ade0af0900236d830d2a
random_1543	order	1828549179296	kBONK-USD-PERP	BUY	LIMIT	468.543478020810441746	664789.2571341694						46854347802	66478925713416	0x663bc46d1bbc02e16ec46ae6599ef97e059abb195bc587f6edb07f0e932d680	0x32a041ba80964a6eb3dcbc86799b9af4028bf81d22a2f7b0f336844ab4cba66	0x722ff0cb2a9a9588116e63bfa4cc514ed8c999e86b7c8a7d66cbec01faaf272
random_1544	modify	1745946779593	kBONK-USD-PERP	BUY	LIMIT	0.18729558208500	588023.64635125539180770	6984671960866327030730					18729558	58802364635125	0x7771c73cb336ff9f561256dc7dc80a3d3fd48c95a707a4c3eef09a2d2016a46	0xabc6ed7433e9b0991272a8ece9a69f2866fbd543e1fd1861663db0a1516d0e	0x2a9ee6206d71c89735bb08b829aa958e3453579e3ced5a2785c1ca45fdb17e2
random_1545	order	1868232166526	SOL-USD-PERP	SELL	LIMIT	93.81601801307466446	0.33132346062						9381601801	33132346	0x12c08cbdef63437de2adfad07d60f6aecb6c72eedc2c3b139f8bf348a3979f	0x28a10fcb926b74fe5e1de4d5f77f22bc4db90f228a29ca18c07f6949bd6f9c1	0x3f37e9666fb05b135b6c3f89b5b49e962312737a1a3bed6dbe1105e2efd680f
random_1546	order	1813048448541	BTC-USD-PERP	BUY	LIMIT	8312.742832548	4451586.80360269588						831274283254	445158680360269	0x72602604490e43c46b6d88f77ddae827ff96b27de04ec1afc2d1bda59579a39	0x31e25b35701febd537aeb50bc92bd199cd6d5c35e55a8849b64567b2a8b82f9	0x2f2fd3b578818d8374c941a747b79c23cfdde161693af833cdc05dd5584ddc4
random_1547	order	1846487802862	BTC-USD-PERP	SELL	LIMIT	399.9067564743129	979.3147113225						39990675647	97931471132	0x6a97d5053a402b7031590275c5ef7c933a2d1a833ea0b465ac6a5234d7c9c55	0x7ac29ac4469a201c89b0b1ed19272b2cff87ea9ad662d27a0808d2180e102c0	0x263514183d10243f4cad1e2a0d81dc35ff9113ec2724e26526ea5926e056777
random_1548	order	1707315566945	kBONK-USD-PERP	SELL	MARKET	43077.123257624							4307712325762	0	0x3c0e902d2852986340d52caf65c760ede0d67976e177a6c110aa45b7c56ae7e	0x30b4d1ec6705156bb9cf7fec71032075e378dda54bd9446885af3a5a5301aed	0x686e20928f18e9a79f099ed0821e3d21a0132fff394c91565ac13b141b9f0c3
random_1549	order	1717589540290	BTC-USD-PERP	BUY	LIMIT	9.183357170912	732138.83386471221464227						918335717	73213883386471	0x7519211aa8ece4805150a3dcca4d53fbcdc38e7dd1b9da7940f1f74c1cb1af5	0x16ead29a79d81e10ff707f07dc0cac9eca4a79423e8e1821831ffe1382a2be3	0x220dc9d6c32f6483e9327f9030ef9b0c4bab277126c37b4370175811202faa7
random_1550	order	1788539308683	kBONK-USD-PERP	SELL	MARKET	0.869055649006812							86905564	0	0x2ac0bb6ad01acdc108d61df35cffa0e46edc918353e6363a362962263de678	0x2c52fb3e618140520ad26d7d9cc5c1408713dc3717290465768a16d91ad5d15	0x8b1db99b729a4e7e23b3f09181367c01a250097571d93cd0b0bf4545b37cb0
random_1551	order	1869704762728	BTC-USD-PERP	BUY	LIMIT	606.47762013145	892.81431868139						60647762013	89281431868	0x65dae28c3e6a4ec0b492db22b359923cd33de43949d43d3acb89968e66116c3	0x16265a40f177c06f8eb86e287509aea16f3bd108a70ac6f2f6776a4daa9daf	0x31def64bf2a9316730113ff31fa94b6e661f9f5b64bb68769584f0f4996035d
random_1552	order	1831529380803	PAXG-USD-PERP	BUY	LIMIT	7.43675502480	11.011517314909						743675502	1101151731	0x128d5906d0317d791537769acf6bc556cc0a0264989d25eb4bf4f1677a7eeb9	0x212d6b34918c64e644abd92b8af69d188df381e75a407518f31933e8835b73f	0x6ed5005e5bc0f05c48bbbe4bb40af30724383646242cf0ec1787ff3639b925f
random_1553	modify	1745652569808	SOL-USD-PERP	BUY	LIMIT	57554.69907878821	0.900308490349086400	50220442361556167516349					5755469907878	90030849	0x52588c515c88529db8df66fe01b026b1a08e37d6632dd833820a13f86289af2	0x778062b0fc4b3f1ee9e938686ef2536fc8c213eed1533640307f19c63d36b1	0x2012ad9a1a2fedc9c50cc380967c30bd87d37c67e098f1c3df0226952a92117
random_1554	order	1843835864994	ETH-USD-PERP	BUY	LIMIT	35.19259560653402	2157008.5169554658789217						3519259560	215700851695546	0x10751d011901bb444db0f8ca2f9db0e8fbaae256a40807521226222582c343e	0x54dfea243c0ba2a3a5bb8428e91ff6984ba6c8743f20cc032f0bd813b6c3a00	0x42a78022e7aa89f4b6d5172ccfa8f6c51ee3ce1641b69deed6396edc47b5013
random_1555	order	1785254098825	SOL-USD-PERP	BUY	LIMIT	123510.881192368858181026	3980816.2940713655870						12351088119236	398081629407136	0x2f484b3987108a264765c702f1ea486e7b87e286b2304360939f5f766b59e15	0x2ce8fe0cf5b5c84e593f7b569d673b63544cb4097e70586a61adf6dd656b50	0x1a06f8a866385e47fdb09bc52b37bd7ab3ed8cd800ce882206d30d551f75943
random_1556	order	1753898133490	ETH-USD-PERP	SELL	LIMIT	140.04576867772883	674840.91360645684705						14004576867	67484091360645	0x4b1dd54ec03ca2f4fd02f1dbc487061129c04911df9cd16311891ea2b7138d0	0x1a01e6311d0e31972767813a64c5e246e8aecc79f31388a29c10a46a1eebab1	0x78cc84bb26ee056f634d488b31fad8e26213ddc7cc180864c48182c2875f867
random_1557	modify	1810222223374	ETH-USD-PERP	BUY	LIMIT	20310.89868544910450	188.87603226142	683847009094233106929					2031089868544	18887603226	0x699e8793b1d60521ab872a764319c2bd98cab35d2020e130778f6f94747f6b	0x5b01c7b254eb67309ca8d4aee7cfd6fb07f59494d99ba0ef4758bfc01b452dc	0x3ad2613ca15445d080a0126ba4d7ad41d7744458f8d6f13d9e2bac5450ddbc4
random_1558	order	1818815997176	BTC-USD-PERP	BUY	LIMIT	295273.737990534144740670	221.52091560150728602						29527373799053	22152091560	0x7cfeb5a7e2d930587e51fa7060615cb085ad811422954e2ca6d2c23d0ba7c23	0x19079d1a0d3035ce25548fd84bb8c47df6fd20a41ba0e27bda6724bb902f21d	0x3ba18190d4bc6bbda48898b768f3b5819de0729b5d084c97a205558aa08e805
random_1559	modify	1794221268582	XRP-USD-PERP	SELL	LIMIT	0.9518785344677	3637132.5534391785469451	1262377667420168239566963					95187853	363713255343917	0x5a8df072af0145a4fad8b2b716e9ae3aed121d5848792aad4df890e08e16df	0x5a326f5e80d94816aea53c30854cb54089d7f981426d75cfea764fc72634b74	0x4a4ee815c3740632f83f09679e94f600b0ace46e21a703c7c3d27585034f8e
random_1560	order	1898421080475	DOGE-USD-PERP	SELL	LIMIT	61435.05250253152	2128801.598331845525						6143505250253	212880159833184	0x34b77857aead0a3a381b9cc8127b94fcbe237f7a27bbf2b7bc719c2beb91552	0x3ac0df75832427204dd726a45ae8bd0ceef5c9a50db2d71d3b84fd74757fd73	0x690d9ef5eea1d549444feba22bfd6b34a42be0cf85dd7528f36ccf534470e1e
random_1561	order	1884929132167	DOGE-USD-PERP	BUY	MARKET	2190.0190827163044							219001908271	0	0x3aecb8c50a72d94c6ef8a6404392bf712c104f1da9bd626f9d9e6432d37a09f	0x72372c75ce5853ac1e61ade1f0f85d43e5def53dec3258d0908ec0274e5fba5	0x6e3a65dec6412100d065e3d841ec7f50834461288388e318d4f056f62ce8586
random_1562	order	1852577712926	SOL-USD-PERP	SELL	LIMIT	383.79807161564689628	9.3604594235						38379807161	936045942	0x2d72b0b5f926c5a988aa837102ae067e7e27b3870f214ab471bbc000733443c	0x483888d1d3c8be739ba5c70e0f72deda339ccd2bed2561dac9d8adf6274cde4	0x28440a746a0d30d30de3efa8c605e6655f1d10b1ffaf588e44d96c65df3ed8a
random_1563	order	1773759731446	XRP-USD-PERP	BUY	LIMIT	51.281389721172556973	373.9179511193290342						5128138972	37391795111	0x323b2e26309acc58f861c39fc1e37f6c302cbdbf9d2b5dd630087b079c867a1	0x11983d768c5aba921114e6b6e9f24ccf4192f3929fdcb841ba5be1b67a9ed9f	0x15a8fd7ab7af8aa59b8933abee41fae3400286008d03a26c0d5472f92b993ba
random_1564	order	1820878721990	BTC-USD-PERP	BUY	MARKET	0.310290232193							31029023	0	0x5c505ee0efde035d1aebd47f85ba0953ff3cb6baade9dac61019650cf458fd	0x7a51a8b16c609cd0a37c93b89de4da8b2fe3efcfb1f08d05e6beaf32a5e8acf	0x4ce92afc1194a42fd9c9bb716de6945d30acf0bfbc967e8c9d032940e7cb3a5
random_1565	order	1803881297850	BTC-USD-PERP	BUY	LIMIT	63549.337876314941	0.08648126697						6354933787631	8648126	0x6b0d2961fb584f22436491db63db66c340b7a3ca798653d851bd3a26d04bfed	0x6d96a078954a2a5a1b718e32a4edc9edc49a7a3782a65f5bce078ab25a8a40e	0x78ee3931c0b6cd7ef13882cf9581c74ace1ee466d8aa220b7f2ecbf703fd0b8
random_1566	order	1740315690775	BTC-USD-PERP	SELL	LIMIT	10817.074878270291184	99420.85341033442508188						1081707487827	9942085341033	0x43ec6e5e50baae5c16971de29094366020f27888bfde2e0a6a498c5e484f8b	0x337f2c80adc503cdbd5532f46ef5b4dfdece7bcdd4d5fb6141ac17a4ad57f0c	0x3c034ce486c706fe88da9d6aa1c64f878b992dbbfbe078a6eecca38b5592123
random_1567	order	1729172716397	BTC-USD-PERP	BUY	MARKET	23862.782115307417570677							2386278211530	0	0x2708eba4eef625606416f0a93016bc7300a9d78baae1404769a254ffe36d608	0x64cbae113aadc2dc49ec2fe61bca0c8eb2f05f06d8f3af47847954ee92bf2c4	0x12e8931fbbcd033c02e34d7f9e394b89f59198ccc6057faf0692cf8a23b3930
random_1568	modify	1891083674395	XRP-USD-PERP	SELL	LIMIT	329292.961832057492788849	2275.9763331804446650	523262699542465123125689177					32929296183205	227597633318	0x313a624043aac057629c64903c8b861554217697cbfc1f20d560b1a4c10037e	0x24632561cfc27571b63b8f1465aa067d79020156871f161f47ee0ea0836e031	0x259fd3d5e88416b04edc212048923b604d248cb0e051edaae9d4c51dbd7679c
random_1569	order	1895159546571	SOL-USD-PERP	BUY	MARKET	780.176761148441108							78017676114	0	0x19255e5b839286024673fc952db6a2c4b77275fa04ee4a187a20eca99cb0471	0x7ae1a709a19a85961bbb3f66bdb9c07e4c99ea3267eeeeef1512e128592379d	0x1d4fee299fa493cf4d0ce70811c852cdf3305a22af5b5803990e8be7e8fe898
random_1570	order	1729274057441	BTC-USD-PERP	BUY	LIMIT	48703.9795372225025	607507.175355724833069						4870397953722	60750717535572	0x48da5cd6c8027d0d7c16ad4ccbff327f08b5dd0967c06a9fbf95d328738c610	0xbc27ab5b1acce5a08a63613a4677e535df6e18456c92bdeeb32d2f307b9d1	0x6171eb41f22164cc31b5a9b6db060bf6f9d969572b8b6d72aff3e17f31ba978
random_1571	order	1747868939458	SOL-USD-PERP	BUY	LIMIT	6.9743843876966	0.96080430463029						697438438	96080430	0x4fd13e4caa7899036c195a3022b00fecdd8584057d645bb1102707ef8979ad5	0x46efec79eac46cc2d141b8d427eea156237bda2c0a9957de04d3440a6cbc6e1	0x228876d07e53907054e6ddc02cc619c53dc15caa5bceac0299846d66ed5b1a4
random_1572	order	1721609541676	PAXG-USD-PERP	BUY	LIMIT	65205.09974435173598	2656.7777340369683359						6520509974435	265677773403	0x4002952178359fec5f8f86f469c80af3db1f0500ef50a3df5333125f7abc381	0x783a3bad672acab47403927d07d82f61ec18be90ebe2fd4f682a056d947dc36	0xbe258fe7fcaf24f4abbc7f546407c015e8464733810cc34ca76198d7ffa3dd
random_1573	order	1890649853317	BTC-USD-PERP	SELL	LIMIT	576099.490283251	883.447001200						57609949028325	88344700120	0x16f01ad712bf3e7f5d0761d31da726a2b1dd985524d8f6e09fc253bd7385f1d	0x157a914a1de4a41c6bb2c5f20bb9c47ad50f7a9f401d23c4acb5e56ebe25b47	0x42a53a12c91df95c0b6713ef1ef8088a326c3bca3c660027ada042b7747985d
random_1574	order	1770847841589	kBONK-USD-PERP	BUY	LIMIT	0.46610368489432562	1.48288815615066171						46610368	148288815	0x128eb6db801d0e9a9110c38771a7c51c05883d03bdb30e4eaef403bbb633874	0x31792b815dd0e9f9189ce22f862ab8ece61521949ec03563b52188080917136	0x4b5cf8c8fa674c984229efb7f23f3abc3de35b77c87d2633ead85c158cc8dfd
random_1575	order	1764084239423	SOL-USD-PERP	SELL	LIMIT	0.937599757679	4.71359890013						93759975	471359890	0x6ffd28f1d0d4af8c596c86e68420d1b81c3a1c5842d3fdf9f3650137624d125	0x765a11c26f20d334b9c5a7ee727b31289a7a41e9abe8321e69a8f8afdfa29be	0x36d7795a232f369b4dcd7a24fae72caad54fa9ac6c52ab9461237dff93caaaa
random_1576	order	1746228583225	XRP-USD-PERP	BUY	MARKET	76.26740830918180							7626740830	0	0x38fe93077c7d0443b8a559732e4499c94a433734749e83a59ad8df0a35f89d4	0x3b867c5e7453d870ca4eeeb4bd6ca64b7a67cf33b38709fdc9f5e6c42dd55b9	0x40f127c01f944c1e72ff41fd01881a0419e5a3d4589ce1ab5f838f1a5621b7
random_1577	order	1833224530285	ETH-USD-PERP	BUY	MARKET	88.801856823							8880185682	0	0x4709c66b3b56c4edacacc23104f8ad578d2af1d90e72cc38a28568e0fb25dbc	0x555e8815347d32037df120b04b5d4bc4bcf47dbb74e7efc3bd613973e44ab77	0x2b5c4a9ae7ee86316ed1be3bda3e36c67136cbe0b82c0b040ddd72ae8df7fe7
random_1578	order	1894720822350	SOL-USD-PERP	BUY	MARKET	0.93494256058							93494256	0	0x52bac93f85b4dcb08fe0f34dd3d07571b2c4e7af227cf032a436d4eb32eeb29	0x4c8dc810b4be8c0683df90977eb485de770668b4c50aecc35f894b7d72f845	0x1d71835eee29d66e1ecd510d77db89a8c5673d851dab625341383f8168834c4
random_1579	order	1881077999989	BTC-USD-PERP	BUY	MARKET	58.68575121946879018							5868575121	0	0x1e0939f8e6e0c3fc385dae8531e4163668df23401dfc4c13d4a0268e3ff60a3	0x4e317162a7abc5288b8c9d04c1601172b4fda54ff11d4f1dc1f3a70a808b2b3	0x61424722a97b786c2227c889b3e19d64154f848fd0d2923655f91490b3e09e4
random_1580	order	1782748347033	ETH-USD-PERP	BUY	LIMIT	314400.203289556943884	556975.137262228327708843						31440020328955	55697513726222	0x11d6cc9d8948cd9a3e9cf6e087ee99f262eed8b3e0e9b64cc4f9fe304f4594f	0xe3f68ec22cfe516bbef97f1d621d194fc0b6f2c696b52ccd60d2e01f114435	0x4d667a1acb462a007962db86e367297f8f758c69ca46337df21d153eb1082eb
random_1581	order	1834247345055	PAXG-USD-PERP	BUY	LIMIT	77860.184832953049113	59.444939220						7786018483295	5944493922	0x22a5cb7f49ec41c271fd2952e989563aa7f4f83432540b110b355ec64ce6a32	0x535ee471251ceac95169fc5a871fdd1d05f6857d40eddf0471a0d9ea4e74f09	0x4a2e02e33ba0071eae0626bdf44d1b94df82872eaea1e2c03eef45e41a6a5e8
random_1582	order	1704506069796	kBONK-USD-PERP	BUY	LIMIT	84014.16513533062592501	8.3057974968						8401416513533	830579749	0x2fc1a77c3c24af521915c834b48a967defb929d20b9b44fd91fb0af00af9aa7	0x6f75a865ad5ef5f784fb79340a0c25728410495c5c60ebacfcfbd7b297c1b9d	0x60359211eb3115ad80401da6b171fdda5f76db8f1a0f144187bcfbc4f60936c
random_1583	order	1742562079959	BTC-USD-PERP	SELL	LIMIT	92.04963782117437	86.573749153						9204963782	8657374915	0x3b4258738a4e416ac78108ef924d993b8ac84adefc386ca0af0b1dacccc8564	0x78769088f9c8b2f5bbf54e5336027de37c20848968a30fc844926b4911c9e	0x45ecba1ff799d8870b24fd78ac5d10398296aea329a8d7bf76ebfa5b6a41562
random_1584	order	1751044516450	DOGE-USD-PERP	BUY	LIMIT	0.727748879351879692	41.74726528476						72774887	4174726528	0x2596e15c9cee7cd93dadb0cf7aa1ad3361c0758946e2adf9ac523eea109c4e2	0x3e0f4c44b91f04c4a78bf62fa3368957e4bfb002229f4413c031f13df8bc604	0x76cf929f5c0a7cc5841ba597d108f450a42b57d826bb42a0c5787ba061fc54a
random_1585	order	1886284481367	ETH-USD-PERP	BUY	MARKET	3072.5034283097							307250342830	0	0x6cb5d9c8dac04efe2127ad41d9d8361025b528d4f6241cc28286157273f6af7	0x700c7383c5bebe9a3751d7218eb7e7d5e2763b4287db97f7e8d41c196b25ede	0x5d861b7c65d84f8a26eb7974a1a47aeaca786a0cc50bd34c753991e5aa8261c
random_1586	order	1845355883988	DOGE-USD-PERP	SELL	LIMIT	0.73580914059540507	7735854.254267462585102						73580914	773585425426746	0x64b875fbe199a6401429b484a43e8a69a8fe12ef4e9d94dc6448128f861ced0	0x315530e7cd86caf826f910a6838caede6aa3333b457ea7271e818ab74e2a7e8	0x3e048b5dde6fca3a6d1608072bda3c74d590cf6a499acb9d69165fda589d8d7
random_1587	modify	1782178487544	HYPE-USD-PERP	BUY	LIMIT	32953.436074683725259	304213.3087479737	5067363809712924539615411					3295343607468	30421330874797	0xe7d1639b4800d1c528aa628cbcfd20301c00bc79dbcbef8e830557d12fc835	0x7b90f6837a083a4a69760e01e411f86e8aea7c0a8687f8f496b18c0165dec5b	0x47df0d717876e005065f6242c21dc36bd721a116b6e49cda2685cf16f2b39af
random_1588	modify	1808263548192	XRP-USD-PERP	BUY	LIMIT	18971.86513168019125	27.933134614644180	80197210239334603790					1897186513168	2793313461	0x34a5e1e647cba1cd3edcdb4d4d879cc17e9fcd951616fe49e9a0bc808600b20	0x4d878fd4da319049124fae0e429023d55b3ca684cefa35502ef96d8409aceed	0x6c5a6ac5bda9dfa4136ea5218aea76757dc2296d4723b7563de050d1bee7bc5
random_1589	order	1743999857919	ETH-USD-PERP	BUY	LIMIT	93828.128350239162727	36254.4479761225						9382812835023	3625444797612	0x291b6be556d291bd727059d3703a84916548d1d6bd89a7d9a2babb05b16733f	0x770b150b25fcdab474dc9fc792f0dfd1a20d56780a3b7450ed346ead9281b09	0x71fd41667f40a6182c5361dfcbf7f253655fe68fd4134e463855d234ca341f4
random_1590	order	1899540626177	HYPE-USD-PERP	SELL	MARKET	963.490536025564797							96349053602	0	0x575a5395dfe1f149943e5a67358152832cf66fbbc681a7a4ab09bf94b8e5042	0x5cb0e599d1070b9369324a04ae9c587e3a3ddf3851a7252f2c7f3d00cd22678	0x61373bd78029061408ab9846670de8fccd2c09b6fdba21011c9222c7dc26cc5
random_1591	modify	1837402340986	DOGE-USD-PERP	SELL	LIMIT	0.730136676949948950	4874.687586955841838647	77750419242852785482					73013667	487468758695	0x10be61a4abb44e9392b9f4547d0721e7a9a0a987623680299a0dae0b192f9bd	0x7e557e5e0ffb450a846e67b205638c80c0c3300973cde06c6753fdf9a16d006	0x531cdb5979899eaaa4cc4a6ac472019e154aaca5acf04dfd0a7766fc30452d6
random_1592	order	1793001042955	XRP-USD-PERP	BUY	LIMIT	0.7241183800	96.707350823576848						72411838	9670735082	0x4f84e6c071eea05eebfbd39228b2664ae0b910c41a91a9f17cc6f29240c180	0x493490978b1d97a4dd6de0a2d3b9cdfda4c44045edc3d0202cfd3b5f79d3ef1	0x3765e99cc4815075910045592a536add0e76a61d516e1f7e70042d74b731460
random_1593	order	1816564882912	DOGE-USD-PERP	SELL	LIMIT	8.054725058223362566	545755.41929057563						805472505	54575541929057	0x424af5e462dbb2fd94884031c51202307ee80f9a620d730912a1e66e619afc9	0x3977219a249b336b4626c63876b181a56719676717629b9bb0bb2f4816b8711	0x39ab5af1ee2cf70623fad2f091b502d1c9bf4cd91d635811ada6f9d55776cdc
random_1594	order	1761234813386	DOGE-USD-PERP	BUY	MARKET	5.33090416525546							533090416	0	0x6bc4de08e65c5ca2e2699ba38b7e4010075b305c641f1ae3112e5ca842ad761	0x63d1ce61f4d321e1f76f1145002b280b53507c47e97b4f606b173f96a2ef3bf	0x6866af26018d981b3cebdb667252ea797e37a8a1010d646deebbad5a2c25efd
random_1595	order	1774130022468	XRP-USD-PERP	BUY	MARKET	6.42605970932812590							642605970	0	0x725dd8c57f20dd7468253e3494987124ca35508b00f46ef3b69a92db3ac03d0	0x4079d26986207081b43f27434ea488f772b99765c36186f2944a6ee84160516	0x5232e14f8f89eaf7d9299b4de4ad0dfd40dc9e57b01f27e6085ac75ea5fd218
random_1596	order	1816405339074	ETH-USD-PERP	BUY	LIMIT	9779.0572565149889321	6278.810696839037						977905725651	627881069683	0x4a429fc3fdf381b10d0b6fd8dc7d02d313d67b0ed02c5b4bcd9426cf3b2717a	0x20d3202db65ebc45ace27fe001ecf00e7a9a170a254d7b5b48db77d885adfff	0x1f615ac4c54f26959c169d03c34b1a9e67c56e7aa4b65fdd27a3f0d4f5f813
random_1597	order	1766107513864	HYPE-USD-PERP	BUY	MARKET	813.551864875517							81355186487	0	0x6b9d5d6c16ba9e4420ad060a934c02985b5c308e41881c6a4ab8d5cf3099663	0x746b0f2679e170774612e53925714019e56a267832dfcc0e1c4db4cd72cdce7	0x2530ce622b7faf0a8a40a87b282a8f1b020a5d7ff45d1d2816e0766a8be7213
random_1598	order	1733579725285	HYPE-USD-PERP	BUY	MARKET	45641.060517039							4564106051703	0	0x6dedf3e137f47546dc50cf57abe433751316beed76e313bb4f5a5aa8d2049ed	0x5a195330fc76f9f7c764b81ded43c098d816bcb1c01e2f4f84e8c12391f7c26	0x224703e0c8ce6d278f2a6fed18661eb80549170386cb6e60bc44ecb19d8e0b
random_1599	order	1885901907897	DOGE-USD-PERP	SELL	LIMIT	317.11579747278	8.671292774723102						31711579747	867129277	0x7efe0009e8b990860b867af1acc44d45b809c13c0a7aa62cd93a7ee39c25c2	0x1044697c1690c56e3777635e42dc5d0f462dcb211bc9b1cc77826a3b7e75e7d	0x52be7301875b5115af4c6e23444b4a9ad8ec9b07e6e21f93dcf412357b0a4ef
random_1600	order	1871393925764	PAXG-USD-PERP	BUY	LIMIT	89.04293262483	23295.0670912413116						8904293262	2329506709124	0x26e23ad2d12f0359e733e92dd4eb7e0aeb300e5e133eb926f6d1c0c99b03b70	0x1c8f605b52488dc58d1e0f44daa9c96570ae97fbb7a2add2616988599f3fa34	0x46bf9b62739699ee6dc17d832de2c3b47b0a490c2a6823a752fa1cab67c21df
random_1601	order	1768090654411	SOL-USD-PERP	SELL	LIMIT	774.62613510001	6664.957194742111						77462613510	666495719474	0x41dba8072f5c0f11fb5be9a2c566d168098ff745f82d66c573c4d9e433fdd9b	0x7c7651c531895a768f90837ecc31feed78b58309338dabcad6fe1bde099e792	0x2b2567ea3a7e7ffa477de8bda7ef7b80b9c1bdc55c8e3b0ceee41c5babe410c
random_1602	order	1811320316560	HYPE-USD-PERP	BUY	MARKET	0.31035797729153220							31035797	0	0x652f6ce224bff3add5842cdacbc889ba872a52eba5eb1c67fbbab762d0b5fbf	0x84789c6aab6f39a97b43165af994224bd66b101508bf6e975daf83891483a5	0x5b80c8a69e71afec53711064c392e4ce94a6a97277605dbffda7e68be2a9dd0
random_1603	order	1763998189617	DOGE-USD-PERP	BUY	MARKET	50580.03622146911240408							5058003622146	0	0xaa5d9a49694eeba16f74d2b7c6dcd728013189364b09bb9da6dd8de08d1e2e	0x5e88af6b2093d9f7d011ac5d938a5442a654e7ed9ac2f34783dd17317e0d84a	0x24b68bb7c5072dd1cdce56e2972546b46215c3f9cd6b782b21680f0f593e80c
random_1604	order	1863432061358	XRP-USD-PERP	BUY	LIMIT	19731.02696615960	0.7159709642420974						1973102696615	71597096	0x2fbadb1889b9666155b020bc26dec187ef06bbb4caa66f5dc2e317de644ce68	0x15e419b635c89da16614c8db375863b4ff2f0f141a88af2bafe7ca2336535c8	0x66ffe0bf506bf937e56babc64aa2097aaa8d19d3b479d4a8d113adad7e16e05
random_1605	modify	1891463084990	XRP-USD-PERP	BUY	LIMIT	4610.446459753927971	0.61280318017	35133660108873774301781091718					461044645975	61280318	0xf3cfecb8a913282ae0ed84c4eff18458dff33d9cc77c25b2abf226a6ebe4c0	0x29ae00753c9ef482aca574c08912d2453bc62f027879fb51cfaa6928f729851	0x2e5568f83d1298e8ab7068798abd1ce1685eeb93d895deb3d4b97b479a63b04
random_1606	order	1843387796075	kBONK-USD-PERP	SELL	MARKET	6024.502942990157							602450294299	0	0x26c557fac4b5abf3808c6b27e100679610e513708c529150fcd98ac8451f231	0x36ca8d0b82b3d958eaf9f54ffa02c7b869fd58337e25c8a3765d85bb17718ce	0x2bb0cc69dae024d3c27960e73412368887a13222b682e84e2999fea4f0d8d39
random_1607	order	1829484541086	PAXG-USD-PERP	SELL	LIMIT	1.273983063	7156.4891751100						127398306	715648917511	0x3158797ebc0077b24e651dea4344718446526b77d62f1470fdc8a4511e6f31a	0x7e56ebdabbb2e97831b438d8d5b5590853110d179c8805889f22102d7cd5c50	0x2b17046e2ae977c11ea446d35b8369affb7c312b83518e354bb8ab87129e663
random_1608	order	1787486712073	BTC-USD-PERP	BUY	LIMIT	5511.795137189654619988	70.985431679465						551179513718	7098543167	0x1078779a04a32cb009784ed6c8666b3e0b02510be1199c75e8d0070cf72817b	0x1c4b6bfdc534c698681f236525e5fd3529082a337f04787e60bb99cf5590a5c	0x7a26bf83ebb6800e72bfbbd628885b8e246f273b93a7318ba2184b530e83202
random_1609	order	1809038764711	PAXG-USD-PERP	BUY	MARKET	8413.72154533032902							841372154533	0	0xab7de0805d55bf7d95dfc0e43a7055d073e4e15d1fd7f108583544a1b6f378	0xc1f45fe91b42ccf74eba2fbccb798e40bea7303ef07940ac8534345533b09b	0x436addfbb60916ed86adf5310e4a192f1efb88b9d021ba53f1903e83eaef9a
random_1610	order	1774544718162	DOGE-USD-PERP	SELL	LIMIT	76.693494578	984186.70830697359758315						7669349457	98418670830697	0x59448311e53558a6e5e469b430bf848cf9cf78108ff734c874eb24194037a9d	0x12b39ceb712bf97b135965ad31fed1760059dbe335feba6de98d6d092e0cd37	0x535976e3e61576c88afd0ae4490cac35e2bce320a7e295247d4f452e6811be7
random_1611	order	1724157295999	SOL-USD-PERP	SELL	LIMIT	9.9160603816	2039769.6790743383227						991606038	203976967907433	0x10bde3f7dc4131db4d0b3b24f831caaef5d2cbcfbb2d0e64158a608b6883674	0x5775104f966977c8945747c48f816faf948464f3853591b90a5e8305592764b	0x2e1196e8932e89a1bf05212a9a375975a85912aab4d0a70482030ca78849299
random_1612	order	1788080163890	SOL-USD-PERP	SELL	LIMIT	6.7135281829927772	28.95537144476978396						671352818	2895537144	0x73c3bbc3f526a9965b293f8c96fd623075ccf47f4580942bd01d2d97ba85486	0x4adf4a3afb7969bd114411b0adecebd21d542ee49f31936028076f5bf98cfa7	0x56963be3da0cb531925b3ffa3c7ac03695b8b3cb432dca02e746cd668e1b859
random_1613	modify	1869529376287	kBONK-USD-PERP	SELL	LIMIT	48747.47583422256081966	8473.101896326935683260	4362895588077886032265929					4874747583422	847310189632	0x293b2d5fef020a859929d83adb540380e8d351ecfd24cd6bacecd5c8c1a6600	0x69b27b4710a91f368cf7de88a40a078bd512c8183a9eee3a7be1c04f9ccb44d	0x7764b6d4db1270ea206a75ec2f563e91171ac5ce88dc50b3840179388eff541
random_1614	order	1804364216585	ETH-USD-PERP	SELL	LIMIT	57226.3868415524275474	61363.326543776362922						5722638684155	6136332654377	0x4d173de569b10856cf0548dc7800382589518463208a1fa6008449d05349ea8	0x36e71a9a309051a5e7864c8d30b44173efc46726a83f2ef8cae9b52945a1a36	0x471ac76862ff5c24e7002ac728b0ff398a1a7d39de0ed088452989f7a01d3f8
random_1615	order	1762087730853	PAXG-USD-PERP	SELL	MARKET	10299.420561035983311078							1029942056103	0	0x1149bcaa2c909303c495cbcd977ae431962ebe91c1024a63a9493ff948dc37c	0x78a074de8f62f7310d568ac801b12f5b0b27ce8bb37b2fcffbad9dc4e816d9d	0xf466ad7580bcbe3eb47c03d57d454a868946b6f9baa8b4592e6f426107e31e
random_1616	order	1792615159561	PAXG-USD-PERP	BUY	LIMIT	37.344065238883852	251954.7390132487						3734406523	25195473901324	0x191283066014b45b760eb3c9b8488322b28736044cae0cc7fa6a53819bbf944	0x7d8035e7d8777479e4010a6c02729f11e4cb32dd5f694c64bf5cdee736cb982	0x495b1dcdb6a8b77899fe95d2d2dd70343a4a29e4848d9662e1d7c6ee64aa692
random_1617	order	1804690845706	kBONK-USD-PERP	BUY	MARKET	157133.655932261							15713365593226	0	0x37b2e75174d809cdf481f72f102757db9c0a6aeec5b26cc377aaaa544fc1405	0x1fa0fbd2c27e1172b8b1dc8879eb54f9e119c00321c69af1ad527171fe4a95d	0xa8f65e29fd2df965dc9d54df4302cb6c28b98f7ba436ae23bba3d22431f17
random_1618	order	1780710203122	HYPE-USD-PERP	SELL	MARKET	0.9025608463208416							90256084	0	0x4431701c46cdcf2f0978823d6f50fcae932176ddbcad7a6ed5f951ffeeba745	0x7a9ab75fde519e832680f904d4d1c7e51bc95b6714925768c9dbbe936c7d781	0x1a1654affe58066f281745a7406a723cb643f0761f4404a70003da054861353
random_1619	modify	1753893517995	XRP-USD-PERP	BUY	LIMIT	773855.813138063943684	257.755733049264022	23562325340149563873936488					77385581313806	25775573304	0x697b4d535e7ab19259517342d97069760448c826f713cef1bc88d63bbbab297	0x2da9bd359658c827a80a22e9cbafb4508bee8323076305fb99cd7c6ac3d447b	0x285f6db49452def625107cc4ab3ffb7f9277a753d45047636daa7d29afb4215
random_1620	order	1838673721130	kBONK-USD-PERP	SELL	LIMIT	554526.2528341546	90.29925121462093246						55452625283415	9029925121	0x2322071fa0b534cd8a729f0a5a2b7df710b0f5d4fe98e032b99cf05a0ac26c6	0x2ad7dcc67c592aa8f03194c19be84a5323be2e178c2270501603474b4da6e0	0x626f860fb4477bdba043b57f2ea10aac10e339881d40ead5d68051f3cb6afa2
random_1621	order	1874318436977	SOL-USD-PERP	BUY	LIMIT	8.118124211816011270	147649.462107160						811812421	14764946210716	0x664a9cc4c0ce6c7736b4bdb254eca1cb94ca9f6f1a5cff96e2d071fbb1fe4a0	0x4a9265002ad738dd2e66bf9c4e0a075935d90ed87f792a13141963280c7f8d9	0x2237d5b26b857532eb61c80de4871ea364802e8aa6d049779c2d0f965cfec37
random_1622	order	1702522250943	XRP-USD-PERP	BUY	MARKET	36.499008338							3649900833	0	0x459329751e992830afeced9d22b84c44990a5ff58dac0ac950ca1261711df5f	0x23bff88318065130c60a3234e578201a18999124e9af5c1d5a2b2fcee2832c8	0x80e28e5742304c4ada175a40eeae08499a9b80121034184408a0638620f053
random_1623	order	1824107196808	BTC-USD-PERP	SELL	LIMIT	2053.06070208865830858	946.27000356702588						205306070208	94627000356	0x687bd190aaceffca67061a5801b8ffe6586cfc249533056cb5e8a301d69e849	0x3bf01bafca7a7475c37aaf6212b8c48dcda404adc5f5ded3d0c1d171593a571	0x6c31bacb71173e69f6e43f2aad1b2beb2a8fb79ed4e4a77d8a7cec5b7ebc8aa
random_1624	order	1701323671891	PAXG-USD-PERP	BUY	MARKET	64186.8477884376032							6418684778843	0	0x593a55e4815f56a1c328db679c6f916f7283894ec0f94dff496aadbccb69f53	0x21c26602ad18c682863b1c5396efe960970ffae6fed766b8ab494a5a28fc449	0x56a25530f3dbfd6278532b210028cef2b34c16a9c8f68c97c3d028c5fed9ab6
random_1625	order	1831996840593	HYPE-USD-PERP	BUY	LIMIT	220.854463795501668	5299.39135137723						22085446379	529939135137	0x278dc8c9426540113aac5cac0c6b474da6d42417d1b9424e61d74f32a9e5c81	0x2c3309986e6e7236b8d41b0783396c1c32b2998ab13f12c3a3dfde91924ac47	0x74ff83d6e113ede4bd80e710faede20158e79b4a6f83dc127bf53bf9f613421
random_1626	order	1893536775322	HYPE-USD-PERP	SELL	LIMIT	1.337968425	4.182460430051492						133796842	418246043	0x9becb207fa0c1aedb5741387988cd58d61f9a5cbb0f8b5c1e1c5f368995a89	0x335adcb9e18cd669ceb78bfe20f7b4267e06b66f07a1b8a1432a51719499b15	0x63d5ffe52ffe40eabc1fbe147c81f239e7f309b871f9d59dd206d38dcec5bb6
random_1627	order	1808069456309	kBONK-USD-PERP	SELL	MARKET	676.9101058336100							67691010583	0	0x28e06f186732d242d362c560db3f55a09c49b2c14d0b5d6a1ad78d20e8392c4	0xf38317958c124e42f81ac0a8e426148fac6654fd60b626eb3bc8655cefa69	0x6b717c877b5175a7125e9629d66a8c4e4a7438550c9ef3639f39b9b48551eca
random_1628	order	1732656069398	HYPE-USD-PERP	SELL	MARKET	9.81491404855078944							981491404	0	0x6e44b8e05c3edfd4ae16bbfeb5924f5c3c322c0747eedca0791547f550dd440	0x500768274f57dc0b64329991f9c1f7d8d989f54dbbe5958c7df18fb06311fb0	0x1a05ac5e7d5f529099ebc06bf1097d0db7f7370e2a788ce3cc005dee5bdf5f1
random_1629	order	1810028149302	kBONK-USD-PERP	SELL	LIMIT	667197.382351782645359	9.4492616692						66719738235178	944926166	0x32cae3a95875f717c91781d98b4a515d8ad01b48e6ea3f852739ddd93422b1	0x4243c66805274ea2ab13a27ea08898216b06f5e960249646f9ac7cd4b978398	0x3882dc29726733f0ee15102b2e7d9d697577090c490a90bed7ce734611370d6
random_1630	modify	1800882440991	ETH-USD-PERP	SELL	LIMIT	822.8186057861071089	164.26838419052131	19868614950659880999315461314					82281860578	16426838419	0x24f8c182b02cb87fdc2bd47418cc0653bc5c9c148c9ea37e96572d1b63aacf9	0x3f21a33db63681e8103e26c57c6075b5da1698866585fd74cda797a84c69c99	0x3f88749d4c25f4f679b31e2d8190b6343d77bc1a60051e1b3ae991765576bab
random_1631	order	1898570620989	HYPE-USD-PERP	BUY	LIMIT	0.29000586142	927.223344916						29000586	92722334491	0x5bb45afa228e197ef95c4e08d9aa9a00c223048b4a4fc426aee1a201433652d	0x6c03623d14e917fdc08f2f61e1594f44f2a1a8ebaf1740c407bcf14d23fd23f	0x41444f1349409e793125af89ebf0c05a4865d47de0ba6d3cfa51e5f07e62121
random_1632	order	1783652378078	PAXG-USD-PERP	SELL	LIMIT	0.68712304660	97240.38999733186362						68712304	9724038999733	0x305982507d52567c87c1563e747ec23f25c0ae87326d9bd7db31d9256fe9b5a	0x49658bc574d0bf94e80fa121b7f2e26de3d7759cbfb8f309e7b8520e97340ed	0x63eb2e1ac94df5d32325406407a1598306dd6bb6bf591a99e32718114a9c342
random_1633	order	1813491324369	BTC-USD-PERP	SELL	LIMIT	74.418389237718517636	0.707943488883401						7441838923	70794348	0x6e35da2470e8058623a3c7ddc4da74fad97e10f465b0bbc36af23791e6d3d3a	0x67ed7edd5b7536a877cd6f06ca72b220d62e5fa6dc5e31efb00a011e093c4f0	0x6e83cc121b285ef03944eb713d37a599e709a3742136be474f9111270b2d5f4
random_1634	order	1772789945462	BTC-USD-PERP	SELL	LIMIT	443.64898798644908	9.96509347512844						44364898798	996509347	0x1e51fbfa52a62fa7cd9a3e7c5859e9836292258ad66d54220e1849615a90ca9	0x347e1246e94a6060ccc502941760af1ee52d409df19ba078f04956ad0604841	0x384190b3df2f29c97e6e8d545b9957f4f84a8bfca1499329fd0ed410956ff82
random_1635	order	1745992698004	HYPE-USD-PERP	BUY	LIMIT	57197.441527205744	50045.694444811679						5719744152720	5004569444481	0x33c6069677e4a278e91aa5d63877ff514337ac849c5f5cbabee679b5815dba3	0x4cd51eaac87bfaf7131982a833e8acea347f224ab169675f9739313f3e6e5e4	0x5a7d357dfba1c2c3771e3a63c508a5f068ec72c01c5496090868b555741c640
random_1636	order	1891180152469	HYPE-USD-PERP	SELL	LIMIT	76224.8862889262950	575007.3953737685						7622488628892	57500739537376	0x37fcb5999a0101460e30aebeb40d154a01762cf5da687f63d5b943f8f53f4c1	0x4fc0ca2d49f91134624645ff4a1430ac5763e57059edee5b6a51272456e95fd	0x428a6915f42c1e38e0bea085a3ffce13d5c556c2b3db072a1f79615958a69cd
random_1637	modify	1752208379926	PAXG-USD-PERP	SELL	LIMIT	43.927325629297770	51214.18827498738822	67313219348738349618922					4392732562	5121418827498	0x75b75b453aa0ec6c9d248ae3c057f315594ea84609e500ada5ae79f20c0a29a	0x78013d2ff0e2c09b0b65c1516df784acb1460749e03c61d6f427fa4d95ec528	0x5ec4dde7e1dbee75a7911fe4fbc2b5cc22a18a7a21260add94e0220deb1c912
random_1638	order	1729287077744	ETH-USD-PERP	BUY	LIMIT	87.33068836704	84587.41476914480						8733068836	8458741476914	0x242afd4fc3607a769f8aea4bfd37f6e25b88317a063c734e562ecfedc6c71e8	0x72a327e9ba3fb9854295571ef206be167d57b86c369d3bb52e58b857cddb4a5	0x2a8948b8d2a55b0fb51aebeaae3d407996a18c2033fcc43ee5b555d77fd85ed
random_1639	order	1785503094990	XRP-USD-PERP	SELL	LIMIT	542981.903187191924491	8688192.9180060899						54298190318719	868819291800608	0x47fe7d49378f8b3adcf681612586bc80065b7a966b0e6e94ffefc2cf833185e	0x189435205bd11882c5d84c20e6be995e899c5f4ca136ab804f7444802bf690e	0x6243ed6c052b82355def4174c12a4057473c879f109ef612aec92fa5a78d40a
random_1640	modify	1748365942841	XRP-USD-PERP	SELL	LIMIT	2.859834434	630299.507952067694326270	33518033744476514159799328014					285983443	63029950795206	0x59bfa51ba9a9da4ab2170e2c933a429283e333be435b45086bbed382bbc7e45	0x77644b5f32f4cacb5b292c47ebd81208430d3c49da71477ca513c820d8bceb	0x25d4643edb9e27ffbadb7e1795b71ef6ed7a4c6efdc77f28e4f098b0c0243ba
random_1641	order	1858546833788	BTC-USD-PERP	BUY	LIMIT	88555.1859774154628	1559743.259198286973285517						8855518597741	155974325919828	0x3a83e0148767ee5049a8e50b2516ce82b19236c9184fdbf6acd78391de86534	0x7b1b4d9a57b5f76039e86a42e1fcb45ea25fa312c42d810e00fb6f65bffb45d	0x13f35a73189343f8a66ca177c7552a32e489f3547b4712ff6a7236638a62d50
random_1642	order	1767354026052	SOL-USD-PERP	BUY	LIMIT	4210.1127458642702281	9.4170843990349035						421011274586	941708439	0x882898499ed29ef121836769daf72ba9dc3a218d11c2ed4798d090522b7d47	0x700ac9c6816c348c3e8b6e31a66367450658813525636b14cdbcb1f1d0ee666	0x7bba4a3af91d6c3fb90838b81a69d5fce514ef9ee46b8abc692500cd0616feb
random_1643	order	1827927712740	kBONK-USD-PERP	SELL	LIMIT	1275.58161764363310	9851082.78753982345270						127558161764	985108278753982	0x31e97fab9d04bdd2d34133b1a9b74ec39d30fa42a1bac0d48672e804753751c	0x1be357e866e73ec92dc389b8cde41e1c78b94f17a83c56426e8ef198ebb3d9a	0x754ef6c034c7c562485e525dc92f8bfd2a3784d643fac0b398f64f4c426e3e0
random_1644	order	1803186533734	BTC-USD-PERP	SELL	LIMIT	5.5703012846346460	476946.100182101						557030128	47694610018210	0x1bdc386937ef06df292aec779e41a5823a310d7ba86c99b09281a07b297bbab	0x2a6d3a75d20a4a52c430c49444194a3d4b31efbec3857ee3b43c72376126dc7	0x3b777e63b6d8582b001114f8102f9bb6165ef7a03e172de917a032b3ec8e7e4
random_1645	order	1759670550484	DOGE-USD-PERP	BUY	LIMIT	3.7568788267601	4414.2021623067759142						375687882	441420216230	0x2d6dfb8e23c756463bcc07c2d2ad29a6c4b61f31eed8231041cec47651495b7	0x33e38756f4440f4e8c24e78a0a721842221904c94fbc8ba17e4b26870a2e8e	0x2e874740afc78ffe64725ee1d674bbbec7a079dd3fdfc8cd981a05fa388fb41
random_1646	order	1735014979861	PAXG-USD-PERP	SELL	LIMIT	230819.50709019120207	6842494.3431188068085						23081950709019	684249434311880	0x343a088e35fb5881d1dd7438214ca340d4fdc55963cd0ae8331eb28013af87b	0x5ed222147fac1150e004a53ef9f83ca92c78db41cea12586ced693a4445d5b4	0x5d17c183feb0adbbfa78169742fcf9d121416162868943cb56ceb29c81f39c4
random_1647	modify	1765609546065	PAXG-USD-PERP	SELL	LIMIT	3869.03242070360008	0.787239499558	991426867072324592253071799					386903242070	78723949	0x6eabb9975c30215bbd8d4a0a0103faa3497fd117076e00f48b6b197871e2f18	0x291b8e21483797e43e762bf82f0f1387dd57bb33efebdabb274e9ce5e50618b	0x5b4193c66d4984800f12312eaf0ca6614da5769f8692382ec73933da98b9656
random_1648	order	1872924613714	BTC-USD-PERP	BUY	MARKET	0.860706601587							86070660	0	0x15cf1bc981184ffe10fcb7bfc1e3b037316111b3b857647e20c5608a75e0337	0x164fdaeffc258d9a75895eec582167bb6b5d347ca02c90838c257ab43a33723	0x65989e9cb8aad5cd68736455b48f279a926a84814ad560db69c5c414fc71b20
random_1649	modify	1744045525681	SOL-USD-PERP	SELL	LIMIT	43.667183422785	0.92881906987734	3643958489631914412850					4366718342	92881906	0x21d38dd185c033e369d931d79be0873d5bf15e07bca6ea2827a6a296cd1420d	0x6ff24c52f54b063b4a6270584e5832df60250c94293812f6b988c3cb58f91b6	0x350112cbb3c37893bd1ef2dd5a3ee29517516523fb8de522333ac19ec3d2632
random_1650	order	1756363031258	kBONK-USD-PERP	BUY	MARKET	3.161183822264487							316118382	0	0x7ff407450bf9c94b3e1d1d11a351cd0bdf037ac4ab5e26c1d0e3207b13e8c86	0x2c4f3cbfa1ef527b6874931cd2174c9ff4e87ad31915fd1bcff21feb9420d08	0x540d89559449dea573f0f0ebff61d0b04d604bdfabd7599d2bd04d9dc80f19f
random_1651	order	1878285020623	SOL-USD-PERP	BUY	LIMIT	6.198404157	62.3211512645412						619840415	6232115126	0x5a47da3633fa7b778b7c36a4705c6357a1b4f4c347ea9853e1678edcbd51686	0x749f8b6862330a9e9e4a8f005ffebd5eb841e8997bcecb64390201304e7cb88	0x6779cf077881b04a90a1c500e8ebbace77f2a5a94649bd3f2bbd00ed63c9a7
random_1652	order	1837179808383	kBONK-USD-PERP	SELL	LIMIT	14667.682196821	3.53040956996						1466768219682	353040956	0xa2ca2983ff55a67e21c8176a14238d3aa8c64a595c4d3384772d9b7e817856	0x5404a76bd9849cebf446a2647e678d3385634569f6c3b079699993890242e9e	0x5b36ff76d19a998cf40bba02cc69601ba127bb3c012a5dd8de1ca4aa32d0ed3
random_1653	order	1771137235572	SOL-USD-PERP	SELL	LIMIT	44.2984124082206885	82.508256416198						4429841240	8250825641	0x2c824a58349ffafccccce944ae63f26bf90fc58869c99ad522229ef1071dc29	0x1078d73a2374f943bb9cd0b5f52e3a9f015677cca19e0f5cff2e33defd34e97	0x66f1cf01e7d6847a70e9a1f9a47ae5b252a5c390560acf805af29767de76ed7
random_1654	order	1859002741767	SOL-USD-PERP	SELL	MARKET	3.425162804451636							342516280	0	0x2957fb40933b582e3f8832e00c528d5a4bb1ec6443081ac2c7e6641a871cd23	0x799c8cdcd4f0f3d2017ea9671c310894837fa3966f3db116b73d9df936d7c1c	0x2fc049df02233094a04ce45e1141dca8095532719016297fbc8133701ce5326
random_1655	order	1790789692097	ETH-USD-PERP	BUY	MARKET	1.149027840132818							114902784	0	0xa63cbd2c8d12e1fec3f9c33d4e956cd771027be77cc7383b0d82c2b1d0f1c5	0x2598cc9aea0cce66a000afb349dc372037502fdc28a9f7e26f39576ccea6c6	0x40568ed15bff930cbe5c30d92dceffe4aa2be04c9821f9d71264ec72df1ed32
random_1656	modify	1793622251442	kBONK-USD-PERP	SELL	LIMIT	75.0925576875252	402.24741615994178	842520164185340256718706950					7509255768	40224741615	0x2ff8a66eb33a80ca978f94d20a01a9a6bd1aac52abb1d81f8ec3cd948c2eef8	0x1c832505e5812727b3bd1057f3550e2c85c11255fb0be43adbbfb5ddc1663e6	0x49eedb91e7ed174ecf85c622d66cad3bd98e0195e17dd52163e91fccb0a34ef
random_1657	order	1784232771808	SOL-USD-PERP	SELL	LIMIT	9159.917086255	0.5038076225						915991708625	50380762	0x7900afd7d8cd8404d5c82d445ed911b4f2b34f8927b0129f9af2a34984e8a43	0x6a0ee98575661f6a4ce13842878ed89f2db3f9c0ab7302303a4e821f35b49e	0x2d99b7532dfb65415cebcaaee52f48e06fb5bc76e68e679cfb39042ca24b344
random_1658	order	1723538943442	HYPE-USD-PERP	SELL	LIMIT	58495.129987311351410	76.78958918738						5849512998731	7678958918	0xc0113a09a796cd0182b37c7beefb44cffe4d5ba6c80fc77c9874012f9a7a9	0x37941d8f172ca7d8f34a7776e12c02d991661fad3b80a9af3fa5bf9821d266c	0x5b34eb873950337e9d7082b770538e7ff4ea4a1b69599b6d74ac9b056664901
random_1659	order	1853519220195	ETH-USD-PERP	BUY	LIMIT	3956.975970647258377	2.8961014179673316						395697597064	289610141	0x28da45b1ee34cb20994b7cce66290c37868ba263e43b75e4ad681d8f095991f	0x17e24b273cba12fe01ad7aee1d3c268874f473afefb9eb5726f34a7a39548a6	0x239a68a65a03227497f390029a2016648a2e0560a580126bf4276417a993e3e
random_1660	order	1738870947060	DOGE-USD-PERP	SELL	LIMIT	6492.485439536	8.912375231347						649248543953	891237523	0x5c1e105cdbaef2c2ef7227beb809dfa3701f71f7fa868fd2144c188e5f23f8e	0x498da1fcadc719168e7a6621bbfa35fddf1f582edf5dc2202ab6112e561880f	0x2f64c918463d78a49edb75bed1e5842571f18e61fbdf7977c8bdfc16757b727
random_1661	order	1732888406148	PAXG-USD-PERP	SELL	LIMIT	2.42083719619112622	66.979260038524444381						242083719	6697926003	0xf2944983396fd6776f63c4144c1dde9897cb2a4df876440b1ebac1bbd61c95	0x4f8b751b79272f5ab632dc9150d6207c1d1750b921a7b4211f8dbe0c96c0e42	0x74d096dd1e0982987a51cfe69c57ea3734511e32fd995a188b750afad6f53b5
random_1662	order	1708148311816	XRP-USD-PERP	BUY	LIMIT	8373.37935447947810	247.3764332620630						837337935447	24737643326	0x4b819a0682d3eac9928f5aa95bc87d5ce47f781d11dd7dbba83364fd24b173b	0x7628d13d0aa9672d1bfe4d8569e847a733defc99af82e54a0e1d89fb00de062	0x7501f4b3fd50e64f3916d88e63a7e37e0ea58b0261acecd1b350d5a24d151d3
random_1663	modify	1883955668401	SOL-USD-PERP	BUY	LIMIT	264361.396442680188	6638.92302364918441723	274697691058403134269					26436139644268	663892302364	0x113682fc27aab538768f97ae94564ccf232db591f4d7a267161553b3ed7c5b0	0x1117c17a43e7d9372375531d028fb8119d1e5edede32101597c936e5027954d	0x2584370cd760a12ed523bbb959977d0e3bc4f117014a786bc29be4157ee7c39
random_1664	order	1871517634613	kBONK-USD-PERP	BUY	MARKET	3190.0511088297							319005110882	0	0x64ba1850c130f5c10b378160da76fff7d9325a520863f6eee755b39207463c6	0x1702d5648f81b09fbce55acb369acb40fac396b8f01dc7d242b840d7b492133	0xe6bcd2d5b26c919d1a60fadedd1c1846ad453d1c931d56617f55ea0b2bf5cb
random_1665	order	1789530111088	XRP-USD-PERP	BUY	LIMIT	64.65895061086711	8239.623589255653						6465895061	823962358925	0x32e330ff52a4b182d4448537b3e0d9cf01384be8011f0053e7250223b9b2dc2	0x7ae6f1c42bdbe33e6fc966fd75a01f781876e1f9a95c2f62002198504b5ecea	0x72a72e582a2f3404f25cda73b45c37d166aab028821c4a942b747a1bd5fefb
random_1666	order	1892582967944	HYPE-USD-PERP	BUY	LIMIT	30341.34091075953123043	19.89667532893612390						3034134091075	1989667532	0x30cfa56f459195c3f2f94596aa099761f3ee459b38bb44cc938796c405bc739	0x2b63050d56ece4b586c3ba6cb388b2d186007007e3ebc42044c5179975a7f7b	0x5f98a8eb7d6051131f3698d2046c006d796ac54bde805a4a4ea666ecdb2edfb
random_1667	order	1894720567424	ETH-USD-PERP	BUY	LIMIT	93.8663590868390	0.651054663						9386635908	65105466	0x40f2c1a327c5e8796ad5486c74c391290350a47f529be8539cecdd87af1ce84	0x1019d09125d7a0e13a6c1a42a14735b18d32f586a40866138a8f2b92b139a70	0x440a493e8cfc4f12bc61ead60b9260b53f6cf7097005105b73334f17c6af9dc
random_1668	order	1849036786459	PAXG-USD-PERP	SELL	LIMIT	5.353444378720384	2105.0809671146						535344437	210508096711	0x16f2c5eb152213eb5c46cb50ffa6832fef262a2d38989280997f53027996558	0x3622cc22cff266eac116526e043317a724651a2a47b136a1b432b2f8e2b17f7	0x68554eb6e80722430bd83fad7622c79d085c0ae9e526f8883acc339dfb1bf8f
random_1669	modify	1798192397285	kBONK-USD-PERP	SELL	LIMIT	6553.709812624590	0.20764875064	23947122087811683217887					655370981262	20764875	0x29b6a4e1869aa494003b4b00709df7ce569483db667e48723f457ce04ccd1a0	0x7e8699464219b73f13421f5b1a50765d74945f0779ade3e79814c9838713cfd	0x5b8a575923a320a77c7b36f8646f6485700a12fc4eb4a485797e31c3df693ec
random_1670	order	1730927905897	XRP-USD-PERP	SELL	LIMIT	53425.300442626778394721	1.0232688304949876						5342530044262	102326883	0x21d85f9a6f668069de83a869deb817e636893b987ae1ca45c0c5c08c6f2dd3d	0x3b137613206e709ef392217d8d46cef9c4e60b2e35e6a587114c5c670e10ace	0x5ca425319dc7c2af4484c9f2401b55270ac4b5af8db33f100fe5cd9fc0c6a75
random_1671	order	1865471982516	SOL-USD-PERP	BUY	LIMIT	3700.21961666875183	4603928.6609756735288984						370021961666	460392866097567	0x8294a9eb10243b08d2ce5109ea8ecd8317941268322e9cf314f1f4c056c4c	0x4898d94a2ff5a31d10402ab51238de9ad4ccf7bbadc918f1acfda9e36f28f9e	0x316b30bab64af43a95b1dbbd0b30359c65445f5adf07553a726279572064c38
random_1672	order	1730988257496	ETH-USD-PERP	SELL	LIMIT	98.039870283821244187	4659.333058091080497						9803987028	465933305809	0x1f092366c9ae3b3f44bbbdeca8d46d84fe68808453e93dd22d6088f3b29fac5	0x3f603d5e77a8eb7e5ccc381489bc676b9ed16fecfb26a0a3f856dcc0fbaf762	0x749c0e15dfe577a9476bfd18376f6f911541860706abb0d7708c1c6a0f6091c
random_1673	order	1832731396810	XRP-USD-PERP	BUY	LIMIT	1640.9267744582239	95.97808990872851665						164092677445	9597808990	0x161d4c799987657b185956b2aca48e7bd9f5e4eb57f4a3e0ea826368781a8a9	0x3c638c98b38b9d7f0f5de42b55938c3bcc5b945928079067203bc9f00dc9909	0x4584a6f242eccb52ed8a318ae5f1b37512b88b97af2d7756e277440987fe36d
random_1674	order	1836335294231	SOL-USD-PERP	SELL	MARKET	0.4955530566673050							49555305	0	0x7dc8aaadfc4020b88273015b6d83345d307d7f3231d6ae5edd58b942a03d591	0x4e0f1da881a953825ff161c8138919a39d15194333f620eb2a4bbb8c055c90d	0x6fa5f56364e701e634f3651530c25da6a8152400cb248601f8c2ee76dd1e46e
random_1675	order	1774520176275	XRP-USD-PERP	BUY	LIMIT	993.6556962260947702	385.3661696657						99365569622	38536616966	0x4ba6c9deea982c927319158207bfbcd97436918af48cf20df8f46e259f1ee4d	0x77e8ae995c5a7f7449a7ddfa52a98beb3d811a64f817c8788cfae5af2afbd30	0x4c112bf79f6b6ce6ad5512489ef96ccb2c2678893a7e0d9070dd94721ad80c9
random_1676	order	1838195909516	SOL-USD-PERP	SELL	MARKET	9.191283664957223							919128366	0	0x54144665f3036f61c43c8ee2ce3f48dc87ddbacc636bff7d2c42e05852b124a	0x59beba054fe01683dc3a08b3798a09404a4ad8a2a05a5646cad1c8af289a053	0x6f7c25c922497d0c45cb9d32d3ed6df871c45c714238e31f1a39998c85f4112
random_1677	order	1821902427570	XRP-USD-PERP	SELL	LIMIT	0.97264114730474363	21.802620975						97264114	2180262097	0x6c0343434715a9dc148aa2d6c2b91006a6d8b46f624f9ec6dedccb655403474	0x955f89494e94f2ee27336aae6d3ac0794479075df6b4c76b647ce7df81696d	0x5b948a6e59080cb37d443530cab623d09fc660fa937673e5fd29f84f441bee9
random_1678	order	1783012530760	HYPE-USD-PERP	BUY	MARKET	9190.29541686146							919029541686	0	0xf6ba6188473f633aa08e6e12fedf9495b538c539848ba9b17123b1a87244bd	0x7ceedbd016f19f1249bb0941f1b87771abc6012cc1e83e4fbde4c60c5138fde	0x3a809fe58a65070a2cf08feebbedd6d6b19c3106bc89764fdaf20e09404ad9f
random_1679	order	1863739917217	SOL-USD-PERP	SELL	LIMIT	70414.419659264179388	91.90292350624853253						7041441965926	9190292350	0x48f5023b88f44f3e14bd4b770525ba4dbd9e83b329679c94cedf05d54b3449a	0x6ecb992ab16af33778fac58a300b7377968507b5c599330e1d84a751d1b74ea	0x6b9d276c8afcf9ed2fcc1ce37d4aeab8d06a0c641cb4ca34157193a066d0497
random_1680	modify	1898801352415	PAXG-USD-PERP	SELL	LIMIT	99.2351931210	681.380293165	1249383466685885439435					9923519312	68138029316	0x5df47d0707c0b8a700cfb7f1f14eaf55afd2f9aa87344ff07127532d335225c	0x82296163c60927faa023666c8c997980f2c8f3b18c00b47db340709d59de43	0x30b4e4e9230afaaf20b1ccde755339be91ad1485976dddee8c49607b33893ec
random_1681	order	1844359476562	HYPE-USD-PERP	SELL	LIMIT	49.467134245455166789	24083.599066805200076						4946713424	2408359906680	0x44150321cde8dd44dd3b3ecf6fcfdbc0754127221b14b6f50eecf41b61b685	0x5059e92f292c9dbcbfc7cca9ba0151afe403358fd2f6cf88cb81d5a57f16757	0x540d820e5bf5d19a57bc1ec9c6a219d3944c1e43f5e7406619c5ac3d27f9c74
random_1682	order	1891942379438	BTC-USD-PERP	SELL	LIMIT	0.634856733121095	8.732147688752313						63485673	873214768	0x22280aad42e6981be44c2483cc7cea0403885760e4b7e20ab7e840f54423632	0x25426fa1683f5134dfae186ed2cd74b4b8dee0bb9f73cb01836e05601bc196	0x54ee6a8cc9442e09f2261e5d622384cb3de5482d634b6f9136b177701653e4b
random_1683	order	1888264798877	PAXG-USD-PERP	BUY	LIMIT	81109.2016333844	79.031289949						8110920163338	7903128994	0x4dd49df832494973d47865377b56d8052bb21d0d6f71dda6051d54085789a63	0x9cd778cbb2688df84bedfeaa0c9eebb1e9324756949acf53ce2b2718371084	0x2517526f843b9a390bdcf3af18763ffe7c0aee116d37a948ae7ceb98442f692
random_1684	order	1886237289281	kBONK-USD-PERP	BUY	LIMIT	689338.6484955068	8577243.430843991301						68933864849550	857724343084399	0xfda24f313c4cb7e392b0c24e194f5514fa6b3ec131d0b5a2011ce3b1a80fe2	0x33b6f25f3c4fc139d26dc9020a4484a5adfdf5df011b571cbc5b10fab953add	0x25aa728e58b54c9cd2d07a3273dfcc00ba3f32d490f59602cb0b185cc52344e
random_1685	order	1835916264474	ETH-USD-PERP	BUY	LIMIT	8.80261435531	63338.17622038347						880261435	6333817622038	0x5551107b29df26159dd0d02256dfafdf3b70d82c83e237108942c30e3525a21	0x2e1383af6f2414546a85ac3cd128133b1af727096e274e6588d9cc35edd4847	0x6e65df4e375fdb98b0d2646a062bb028b1029106b3fd9035a384d03ce67a23f
random_1686	order	1718873265258	kBONK-USD-PERP	BUY	LIMIT	80086.058037449	663095.785350624129901						8008605803744	66309578535062	0x2cd834421659c95f49819a0978f52fca8535c11402d131aca0a661f5b247874	0x5e48b360c16b050a793fc3162ff4fe744329e143527474d43d4782d4b9aebb6	0x57517b98adc6a3137153af54c35d4add26982936b51a978361d2d1224962855
random_1687	order	1872599778433	SOL-USD-PERP	BUY	LIMIT	992436.1325957957	0.278799476694772184						99243613259579	27879947	0x105a3e7c57319954aa7eb53f55f18298a4af200a02e03c19fa9f7c39bb7c7fd	0x39376fd0a0c812f64715d720d79dc7521c78441a78f90b9f84f86d2e466aa72	0x3baf4456b83656378c90850bbb679cfcb007ad9c727dfbbf3a6583ae813b196
random_1688	order	1825326912301	ETH-USD-PERP	SELL	LIMIT	1.04790397639634540	18291.241113235						104790397	1829124111323	0x174077e354a48429b809e5668b82e09087ebab0baa8be0d8c4e15774ee13d28	0x52f4c6f0f7195387fb4bf59dedd34848ebc1865b23931895c1fa8484dad8aac	0x4d019ee1b83398cbc89c51f01ac9de36d407f364d6a0ffa34bf76e2e901806e
random_1689	order	1707817634420	SOL-USD-PERP	SELL	LIMIT	30548.21933425565316	0.806377087461439303						3054821933425	80637708	0x4a69f2516de6f2cfb8ace779c6481d098ee6987602d602523cee699f6b6d0e	0x4349ac74f3f7213a375ee5411623bc7fb03264e74edd232750d9f30c08a2a59	0x2509f5e116896513efeed21c9c66b019c9c87094bedf57e935273f71824c9e4
random_1690	order	1773923614640	kBONK-USD-PERP	BUY	LIMIT	922.86609497796497677	95275.2202030803						92286609497	9527522020308	0x7fcddec242c4f4b4681d5bc788f3791b150be4d54d7160b866188a83aacb5b9	0x500cec71c1dae1f98ec3b048d83069a96070a3bbf629a58510b7ff127a49bde	0x3d5e63223f54de8a42e2fe6c2b87426f2832039cf9c2ca4ee1f64a379d59c3a
random_1691	modify	1845925867220	HYPE-USD-PERP	BUY	LIMIT	915.3256401740281	965896.252570516	539110307855209545424					91532564017	96589625257051	0x5b18564530eb2391841a255fdf6f9d87507293c066ef67ea04d6e014169bcb5	0x21ca7958b6a44aa72a24fc27b30d21ee0e177d522a9f4a06e90dc513efe1632	0x55eb1e39df041f07d77aae77bf2e5bcb15aa39ef48c9a36b96329699456136
random_1692	order	1814057628217	HYPE-USD-PERP	SELL	LIMIT	443304.313460943	9532265.017732017						44330431346094	953226501773201	0xf7641275f1336476d38be798ba70e8c2527abcbe93cf9cf9d1bfe769fb0b7c	0x46729e57523c66aa1140e3e4144d1654fd26c6765811daae6bb60ac59ee0b85	0x7cf20604b6c0656d2db2876e77c93441efa109c49293b828da0bf0e0d6b33fb
random_1693	order	1872850892349	BTC-USD-PERP	BUY	LIMIT	917928.22035607470936	6.0829548488						91792822035607	608295484	0x243cdc917efc32eba0fadf6f671cbd4bc1f01665662120b0739f648223fe945	0x79d6d3a710e80d4cb1fb31ba01180d3ceed25d1cd5f81a40eb23b6fb0afcad5	0x7f343d4461549d928f2cfe7bc99780f3e268daccbd7f694b061afaa881b87a6
random_1694	modify	1723475479573	SOL-USD-PERP	BUY	LIMIT	0.0943550725080	415320.521048414756676	77508478626513054107965889526					9435507	41532052104841	0x5cb5bfabbd26b501e8a6e0f295ff5b2d11e8991826f86e37be60d31186fba16	0x7e68f6e355cc77d277a52898bbd65a98c941b0c9012b1306c14812ed6e45710	0x39b02506cd4dd273a39f59aecee35b58d7bf10844bf3326d19519ac47e83a3c
random_1695	order	1795930297606	BTC-USD-PERP	BUY	LIMIT	7.658035172118	3974.876110114						765803517	397487611011	0x555f03014f8e87d282c15f1414c0677c4082bc2dec9b3de3065d29575ed3a17	0x305231c37dba27c1c362e89effbc9ff202f7e9347ea04827cf3fa17f82a466b	0x5003d90e18b5436a4a80ed1f0c71d6da9f718b2b2e4d6039f3fe4f80967fad
random_1696	order	1880705286511	SOL-USD-PERP	BUY	MARKET	44.4542479062							4445424790	0	0x6d9162b9d9f152a50fd97302a7ca648e673990f4b9cbeafcc90c43ba6b573f3	0x799eafae454093a1552f2bea3843d9c4dcca8e0186a27da8a2f8c65c1943fd1	0x2564aa49b91a8c3b434814b881e0102f15aba511226b569252ed8e4ee4b9e3d
random_1697	order	1775245941590	XRP-USD-PERP	BUY	MARKET	95584.928800214382							9558492880021	0	0x5ff890ea8dd1dba5d3b34abfb4b9e956b663a2e345c92c59ba44f98a0ff23fd	0x7dc28fa43214ec6998e4a1c4cbc1800f3b524c71db8667476e03b270d8640d5	0x42251c3929594765fbbebb6fef9434380a58231c8cef946b859e0b3a83407ea
random_1698	order	1769124451946	BTC-USD-PERP	BUY	LIMIT	8013.7013420090	77811.09679342417892973						801370134200	7781109679342	0x6496f2ead9912f68126240de9d6211dee4ac61d889fd061768b95af4f5bfcbd	0x1ff9f621168c268dd0741f8e177e79573292762c201ce59ff56db66e6857bca	0x1499e81d32b525a2bb51e96e225de4432fd295971f7c73c100b86b18d72ee3c
random_1699	order	1759037378165	HYPE-USD-PERP	BUY	LIMIT	904474.428863212617817	2792.7355549705791498						90447442886321	279273555497	0x21ad5f33707749be93fe9e6e89e9ad4286c5aad72e2906045c2334cad936f1	0x45013b23e4502a375331734f88d3bed55e6a7e82d412255efe60d937b52ced0	0x27688d6183469bc0f045b8f26a8f14fe33f9f6076e937d949e7d5e269b6efec
random_1700	order	1821906378366	kBONK-USD-PERP	BUY	LIMIT	9.808951103	9021.822461863662						980895110	902182246186	0x454f9aca5f5b1b69d3176ad8e66eda41c6a7b52a50d2b3d5c318f2e0517d690	0x123101c98ea044027cdcf6d6d8b1dd6cee39bdbb6b5109209c445c86de8f0a7	0x46c6df5cac2827537bd70ffd41e2e5bd9ce6d0f61511d3ba22dc4d42639f89e
random_1701	order	1727038940596	BTC-USD-PERP	SELL	LIMIT	69.67261249881	0.3931884916914						6967261249	39318849	0x91c74ef9b81d2e3b0c7350d5938ea5b86b1d1661fe6b5d7a04930e190fb2b6	0x73a43d88ea1a7796414016fa18d195289672c00562cd1dcc088bda113b20af	0x6005ab64d3fbc36d2b47e729815e8d0450cf7f0dadc69a65f4258557ea3afb
random_1702	order	1744762821791	ETH-USD-PERP	BUY	MARKET	0.239638586328051							23963858	0	0x70a6fa45f533406012be936885ac157c99f19e7c6d4ca0c23a6747a1b9e0815	0xdeddc1cb7de046a4847782128a777ca1e986aaf5be965177887f7ef95555de	0x1f2783a2c0195cfa2f2238c362ab27410da81a254e8f97a79394b017996210
random_1703	order	1854683134085	DOGE-USD-PERP	SELL	LIMIT	4798.29827251540335988	6.6959243281						479829827251	669592432	0x328c2aa827b2b24f5d14bb25701c996bc2f1709fdf47cb67ab1ef407113bdc4	0x51d7f98b3fa9c2025064f54396543f8f5a3f37adc71b24bc4b424381b5b6022	0x785e69e155c39dc7f9a6cc379d50ec8f74648ad466d4d872939fc977ef7ed56
random_1704	order	1841698522376	DOGE-USD-PERP	SELL	LIMIT	812.25456775759323845	374.936656335251085						81225456775	37493665633	0x6c9f90d3ab323243fb720775c727f0e6ff7fb03b5903f297ae2eb62c4070641	0x1c5a51d7514ac3991aecee401037e6528448f768cf477e8eb12a459048f935d	0x75ab9c5cdde637e05f556c495af0a3140f271e941e300ccb295004ba9c69a75
random_1705	modify	1802655441058	XRP-USD-PERP	SELL	LIMIT	0.52815064267373216	572.0226464676593502	11626789145253288147668					52815064	57202264646	0x305b4b9b96ca031c36b66a824a891df0aec1b7ff017e4a310714c07e30161d2	0x5b3e165499286cc5d8d49b58251dd84f80282e71cec2f90eb997c76ddbf480a	0x6e00e2a8190067b6a179b0b77cb215383c2738196124e1053742f7018ba5875
random_1706	order	1759046850344	PAXG-USD-PERP	SELL	LIMIT	827.63218234154157162	1143.792869101662297637						82763218234	114379286910	0x6986e8b745452241dbf09568b26a8100c5b78031856b413d1da848e09325966	0x17ff8af930dce7aefdfc55ce38d7e201b2527fc2e1386cb7077eafb7817d213	0x6eb995fcdc39cbe6c863c6965a6b1abbdc5973df35c171db16950195e64ad16
random_1707	order	1872888052146	PAXG-USD-PERP	SELL	MARKET	0.316593173274242931							31659317	0	0xd6cae185436bcd70911a49184726b42eabcb28349ceea0eaa3fc400b9be12c	0x2209a05ba3d47250bea17912fd8f720c8c4c34833fc4d6af9f3330f7d5545ef	0x60ef3b0127d5e72eb4ad6c7669b5531284bda3d39f647b358d23f1501b1a0db
random_1708	modify	1769998110611	XRP-USD-PERP	BUY	LIMIT	975.056257410	7.25718916244576	48324916733603835473984722161					97505625741	725718916	0x4f4a873adbf7a60b08fcbc99d95c284c225f04bc97278bbe78a1d42d05b0a4	0x4b95bfde692571a72907fa64f3ada161b5081863547cc17bca9b30bed73da78	0x5cde1144238c35d0e0178507e5377a9bb90117db6127a4d07fcab43f636c51e
random_1709	order	1890965229217	SOL-USD-PERP	SELL	MARKET	0.38341073522							38341073	0	0x564836a4dbfc2e7f16ebada7a497988c60291f0f8d834292450ad3635e0730d	0x39cbeb3c4b2c6be9d643f0c0ebfd6e66ddff54e1f936a1b99fc7d19f724e26c	0x78876af8ff5038201429086ffdfc86120d0359de4946aef84b55c8c59336629
random_1710	order	1775875123838	SOL-USD-PERP	BUY	LIMIT	0.768558160	0.826866765193394801						76855816	82686676	0xb0e36c37f714b5117a00ff4772d321c5fe96d11bd61b60d1cd41f6e4b8969a	0x6c407284a0c6bdcae052376f14e4fe744907d2c39ca7ca73c6b9f0d0b6b6a7f	0x1c9ad006fd69f93e5154693c7c29c3be5d853fcc67a8d429da255c8b85792b2
random_1711	order	1885503717489	kBONK-USD-PERP	BUY	LIMIT	9.912484858394795219	7.123267154						991248485	712326715	0x12c9d721f382de425a85131b505349ee430c0c3dfbd4426857363989d62b379	0x67815edcfbb0f044d7df88e83925117a6942e35c1b73ebad640dd56510d9451	0x378463733f4f209decff5b2e4cc9e43745f2f76b48bac6df535e65ed762eed4
random_1712	modify	1763781140292	SOL-USD-PERP	BUY	LIMIT	438133.600149867218873	6.06130750020	17414296230074646988658					43813360014986	606130750	0x5a11e2bf486114273dcc7c70e7d506755aab1a55c63f4abf88776df7f5c52a0	0x4741b151d698bee6a280e4d94286bd0873a8698163f681bc40036c94d1cc770	0x48cf74fb1d40ad05d212ec1778f2b5b8950953a5dc447e4eb817fa4e37e225a
random_1713	order	1787323221206	BTC-USD-PERP	SELL	MARKET	57.208721582551583720							5720872158	0	0xf5b23ca5714cd0e7801a273dc86d0df4b265d43052cc50ab86d3f42cddbe82	0xc37587ed9f1df7b9215beeffe6db60ce21830d5a459cde8f75b5d7e55cd342	0x24697f99200ed5d56fd05378eafc83fa74abde168e0ced1a22584f142522c96
random_1714	order	1739630119362	DOGE-USD-PERP	SELL	MARKET	9.64654162631104							964654162	0	0x152865ecf7bfb0d370e648c1a6e7780f2a3c56fd4ff7a5ea6a2282d6a624900	0x33a7acf4aebe2f444274f2f3a993b8d438a6ef6ca9be3c41e7b522fdf029f3a	0x64ca4fc07e7e7e29270d85f03332c6677df692e5e7d7c4cb8f6faee12ed623d
random_1715	order	1872261614171	ETH-USD-PERP	BUY	LIMIT	6767.153439805	905.7657230809345329						676715343980	90576572308	0xe1ee076393ef4b7fe797901301f17612ed6c8ded5fd302be752be87932fd45	0x6dc7f4f0808821b56e9d7bc4fd9d6894b22df6282c69f606646d1155cfb21c0	0x34fc542801a7ece61ef2c7bb478e9427f0b0b128885a98f1bc1eeb3c806ab53
random_1716	order	1826085002606	ETH-USD-PERP	BUY	MARKET	0.96016240771							96016240	0	0x7c53194bb37adb05dfb4b4b6a5b194ddcb1b1b031c5a43cacde8829b41164db	0x6c828f17299b7e5aba07a5f2a0c7695e76d3bd6576145ee83d28dd0936de3b9	0x74e95a0557cd133be316c7ecc20e085fd00948aed239ccfae6e9addc3830435
random_1717	order	1848695562246	ETH-USD-PERP	BUY	LIMIT	35.28857979918536220	839.97914163173						3528857979	83997914163	0x400d848e09a10586be78d671a2577c4bf65fa2f7474606569fab9a562477b4	0xf2d25dc68b1939957ff0a982d2afef761188087e4a6daf2595291b2b450a59	0x6956cafeb312df322fa4eeb70bf6b2d7eb3554a1e04e4d48a9e041c36c524c1
random_1718	order	1838668358324	XRP-USD-PERP	SELL	MARKET	8836.231656281472							883623165628	0	0x4992b13804e6357f46ad6d5cf291020e09bfe8c572ab6daff126786e793fed0	0x3075158490528c8a0c1d78e532801a854da8d48626396bb8c934fcd850908cd	0x1d6768e159723a939cbcc7db5fbe97e8a3779eebc5dfa88e7f70efb2eaf38f2
random_1719	order	1879151096647	DOGE-USD-PERP	BUY	MARKET	8913.6227282319							891362272823	0	0xc34500c408ba3ead2337345d6726b925f7e7fac619a3e66ccc4b4f51464963	0x3b726870aabe14a30f2061fef908c8be7b9976168af17b870836e42980223ab	0x637ca4853cc3ad57addde1aae96d596a60c724fc053165e6b013abec680d225
random_1720	order	1775411302136	kBONK-USD-PERP	SELL	LIMIT	95356.804344639	125560.566121716861267						9535680434463	12556056612171	0x5faf184e344aca80b03d84942fd8919433bd05cbdba3abb4ea4ac35f2e4aeb5	0x19ecaa8413a939ca917000276251f1c992728148833c52e23ad250106610135	0xaafacbd4dc06b41ef382aa5fa032649cb95c8e1599e2454ad2498869d0294d
random_1721	order	1899948951273	DOGE-USD-PERP	BUY	LIMIT	0.414089336688	5302501.1726979208296						41408933	530250117269792	0x6f23f6757807be6d6cbc33296f06564cc86df288c1d2ed0a2d10f8f8f90e49a	0x61f64215d269f21c390e1b932677029698fd01fa3f31e3cf8f7e33f094b9e56	0x14a524528f9181bea184c9b48cbfab884d4e2ac76017d627be70f75853a834a
random_1722	order	1777438345033	HYPE-USD-PERP	BUY	LIMIT	0.3091324602588	1600.567640197700608						30913246	160056764019	0x34f70b3b9a7987d41ea96e63f89d5f4b181702009041d948aeeb8ae01f00dd3	0x2ade399b07779e8c26a29a73b10947bae6585bda2e39ff93e25e8924dcbc57a	0x5e9a16de9c428fa6b5b874ae620e9f78ea2372548381d3363012f208244979b
random_1723	order	1742912646173	PAXG-USD-PERP	BUY	LIMIT	228.022998112773	0.77811215105633						22802299811	77811215	0x2b615d85d8303d931a20ac30338ba6dfb94cc1715777d5297113dd22e43714	0x1fde5c15dc8844a92763eefb5f7c545058f2a9df1480d5f58857dea4ee6ec21	0x23b7fb2f124c3a5d20d46a7393de4eeae90392e71126144f499c2d885b6d798
random_1724	order	1705774310966	PAXG-USD-PERP	SELL	LIMIT	164888.0604642967062914	0.2563965293398542						16488806046429	25639652	0x2f15f122a24ed230df0565025dba8dc21dbdf3d123a2a9e662d27f2ece618e0	0x704a47ca1034ffd590cedd3bf1a3d2e692140c0c39caa41e616edae84c05577	0x50eebc686d7a58369dca4d378ed02e23fabd07b8b3808db801834160d376836
random_1725	order	1769292375009	XRP-USD-PERP	BUY	LIMIT	36.79812323403510	9202966.62806009228193						3679812323	920296662806009	0x3d40163800ea44e6962b460be8939f5af2f5b55e9b2f1b684a16e682237c05f	0x716b9c24b726f063ad12b4216d1fd3789fd2fae592e0a45c165f81c3b44df9f	0x7d5fb33626f9a6e45644c1115411e39d2477c3f75402c194fb3564148b3c761
random_1726	modify	1835639331158	SOL-USD-PERP	SELL	LIMIT	39840.06880144869811	1.415582222349588778	2612372555045983955438315522					3984006880144	141558222	0x7e8a6826fcbcdfa5676838cbaf01e1907aa33dd747b36a8a36b54be83444fec	0x21ff7f598402589d5d71a578a1ac965deb0c8e3f3c5c1d2bf5992bf23381bf	0x311a8990bef194c88d12109fec8b7b69ae36c11cdca219f4e611a14e3abebb2
random_1727	order	1707878998370	kBONK-USD-PERP	BUY	LIMIT	441.5035154591268	0.795907675						44150351545	79590767	0x7ffd974a194ba663e71bde65fc2f888a6a6b8c4cf3e0cb955f53703d8232db2	0x593f4334dd48786d0a34d9e16bbddee0a2c9aaaf7cadd3d48bae68624ffeb6c	0x7f7eb4426225415bbd0dbbfc204be2762504f508763755feaed41678ef50c58
random_1728	order	1840887775844	ETH-USD-PERP	SELL	LIMIT	0.128341784647	9950.0879940303						12834178	995008799403	0x5937fde272a3872df19cdf101097fd28c3808d42b61372e16f826b9a6212598	0x205252d03efd47f24f4c69a9bccbc786710c80106dadc6447998973855b1bf3	0x1fd6a263b7325d177e5158b09917438c1bb2c8e4fac65f0f5046896316cc34
random_1729	order	1846941742119	BTC-USD-PERP	BUY	LIMIT	93427.970743216824193145	947.224294143						9342797074321	94722429414	0x4410314dcea566af7813efa82195ee259cb9f32774aebdd2097c672b48b71e	0x236255fa2aa74b7fa7929b215eb6df4e0f5e4cc7e823da036751db900e923f	0x1bdb2f97b8c8c0357ce7859b04cd9504caa49f13a8c4f30c98c84749a13640c
random_1730	modify	1717600177482	ETH-USD-PERP	SELL	LIMIT	0.3392250274166	848565.791911254318	904497421144934257950					33922502	84856579191125	0x749128b2e20bc2e98979d8b2ad7b3b54531b6870c18f6469315e9ec0e06deaa	0x441e970f67def41ab6c22ec434b542d8c6c931f565da23cc30d49e69a8238fc	0x386a9fe4cee6679e9bb853a5408c7e0220a337b7d8ce63eebe5a32dd43c55dd
random_1731	order	1810520113929	SOL-USD-PERP	BUY	LIMIT	5850.214299703618294287	3.88435703634136						585021429970	388435703	0x3fc8125b4b62667b9b971f577d32ac2daa57a16b7496b22eb63272dbbb0bf1e	0x6d3a06f53cd7dfc57fd595eb81daaa0bc580c7c8d39a45c0c3cacb0ab3db993	0x4565c4ce4cca420ad14c12e92d5a5f0c5b58438d7bcaeabd127b10dc38a6f21
random_1732	order	1860676220641	SOL-USD-PERP	BUY	LIMIT	4250.108482578623004	4.583256196796						425010848257	458325619	0x48dd90e947cc119ea4d710104908537459d7201a5c7010cadebacc671e8d49e	0x159bbdc5a47a943fe10ff7fd77daab75f3eee48db7bcf37b495ce30f3aeb689	0x50f52080ad376c38e2f60476e23ae227a9707ee23bef437afd900e48c3521ae
random_1733	order	1828462506661	DOGE-USD-PERP	BUY	LIMIT	44.68877506813	9077785.94839787021642						4468877506	907778594839787	0x197c0cd434f51dc0bf0b51082db465b0a6b387eaed36bcd576b7857f7d2cde9	0x3956706864ec044dd46175e6f0ca97915836bbd9b93893f65cdf6e2bfd6b6d4	0x3f79c466b8d54f54a962a2b4e31bd81368aff77054ce1cf4b306aa28a33b5c
random_1734	order	1739002399664	XRP-USD-PERP	BUY	MARKET	3.1300241458							313002414	0	0x3c09fc169460e6f9d50567bb0bc3fbfe2432832b4252382c6da673d91b06a67	0x636b469277f772db7e0044055fd800647e71d4d3f9fa18d4afedb7c92841e50	0x46cbbb2c965fc489c9bd2a08e3fe9ca8f20fcc44e5c11a1f2631b8fda1060c3
random_1735	order	1794663329004	PAXG-USD-PERP	BUY	LIMIT	174.355458037980490	3.773573668768543377						17435545803	377357366	0x4281691e7c69f2c3001f97437c8c253c6725e3682b940f53147bded5e8c9145	0x1e8ce1ce193b1a608b7dc259e18a66e70ad996731d010aac30eb4940f374c4d	0x3f5caee83551a99ca7ca4e5ee81dc89f8cb1392209596b77617f07609c0482b
random_1736	order	1790675627092	ETH-USD-PERP	SELL	LIMIT	93.17524944815	189850.32627140343954						9317524944	18985032627140	0x8dbc8c1222f3df80e35b736a01876fa9c1a3023bc6da0fabab5067d5612d76	0xd6b54715d5f667e68d04557ec8b4dac7bee3909b1c1659fd6fa3a18370ea09	0x4a6ddb06323f59ca96160dcccb2dfc43305d8bca6d414b1f447e46ea10b6094
random_1737	order	1898794978878	PAXG-USD-PERP	SELL	LIMIT	0.78851704210	30636.462050091135						78851704	3063646205009	0x452cc88de40ddb130f7b1421d1234a0dfb035fb13b09ae4490f6567c3619005	0x521f8394d67808ad12af8b390f773ab9285fe56b06324abfb79e440fdc95847	0x4765b62c64656afb6b3aca1a5edadc5c04721f4294c70f5cb2254a4b5e6e421
random_1738	order	1893957640555	BTC-USD-PERP	BUY	LIMIT	0.23629476373	14.5987477636626						23629476	1459874776	0x22590c8502f3527c20de93abb1b4777009c5dd2bb6563e7b19e841b90f04c63	0x5f924c7c152254e7f3dfba100f82e82846c426a42c27b20c74fa94cc3f55cd8	0x4e138b21d3b6342508e663a5f8584cf66a7d9ce9be36c586303d3ef2ddb9e8a
random_1739	order	1762776591418	ETH-USD-PERP	BUY	MARKET	750.473195859591059							75047319585	0	0x57d21d8be908da973138fb9aa9fc7c07f98203379b07a1e7c3cbfc6f3678a6e	0x4bda92ca5717aacef27da3e5a417ffd2d4f9639d90ec279a26c319dff2b317d	0x4efd3be6719e758e28dc847d7feda48c9276715bb28f9b28b2ca0ce1f4923d6
random_1740	order	1788799733044	SOL-USD-PERP	SELL	LIMIT	87234.5787101051125299	102814.72423355576927						8723457871010	10281472423355	0x1247d5ae1bd48124884ba1ea3d676031ea54e21872799d211cffce14000a3ab	0x1f798439b87d5ad58f27f64a8279cc56947dde1be0222d49a7e393466f2fd26	0x1682e8395aa7fb068901cf53901aa504df74180b84dad701928c26e765ea224
random_1741	order	1849835296822	kBONK-USD-PERP	SELL	LIMIT	943131.754662826	194088.1646202846						94313175466282	19408816462028	0x277cd57a15574d8286fa8f8a1d0cc4f505f4e08b8a729b932db31abb48f13dd	0x2efed9cbaad035fed403f3f24e226f3e6a3d6af24d3f4ecd7de8ec19f7b4245	0x66a1199a16883a3b1d1d1ce624a48fb052788c885ccf10c5721c84c9a12838b
random_1742	order	1826478927893	BTC-USD-PERP	SELL	MARKET	2.1028612070426827							210286120	0	0x3b7e691e8ba714ae52034a48dff3bd9db67acc5e04037e937fd16dc0b72ad30	0x29efdb3084f5cc53eba6c952a98085c9111b4e6c0cf6d2dbdbcd838cc740bbf	0x1b4555ecc3188d94247f2f693d26459702641dfe61af87a6525886415c27b1c
random_1743	order	1881344588843	ETH-USD-PERP	SELL	LIMIT	33750.04132264331	890.87740903404						3375004132264	89087740903	0x3377d0001144ba75554efb4c69d86c568f9d04c05b798097071152d9f605e0a	0x6ae0355658a084228546306579922247500a7d0c77a856ae8c357c7c016175a	0x1dd7fedb9c47870f768ccf403c4bb22dce6863b22a6f9a2df268f4b7e35a421
random_1744	order	1825756299409	kBONK-USD-PERP	SELL	LIMIT	6637.85683746152992	0.1412599198893						663785683746	14125991	0x896df6e1ce4f5e3ae5556c83dddca9ed471aba8a4948ac7d1e691abdd0e488	0x10c3abc4cd84a4c0ce006df40e2561d9da33d14aee32d40a76f0245fe91f3b4	0x259a1d39a10fd8873f6998ad6a7e32252f2b390ef1fe3817b2dd10d809e61e0
random_1745	order	1836789068404	XRP-USD-PERP	BUY	MARKET	5.9920346067526							599203460	0	0xbccb67e5cc79afc69f597cbf050bd9515a910f60f2b2a40fbe3da9d76ab6df	0xb50d912ffbe6f65ce0aa5552492cb41d350a5edf517d2b43da5d32b9546d8f	0xca7867adbec4cfe49016112fd6c4151d0e11cf66f9ddd065bbef5333731575
random_1746	modify	1780632063238	XRP-USD-PERP	SELL	LIMIT	5.585920498643921	7937.5920279920126062	444958765055825398220494					558592049	793759202799	0x5989ea9dae93bd3156bc026153662512bddfe98c27aabc1ee0c98a937d20e9	0x2b3a8ab13736c7d9d1b6d54bd00dde0d0622707b38ca782a81b4fcc712b7f19	0x5afb1d1363f26dd128c25ef77562e136924d5ddf47b4f89d8f158398b2f958b
random_1747	order	1710315155266	XRP-USD-PERP	BUY	LIMIT	94619.03932274783271124	3.200352076						9461903932274	320035207	0xa34c2c533cb54b77b36f97c5a8f8cfa22b857975f622d52f7f449623a1fd7d	0x4bd2814c3aa83d0f900d50503a45d855110714a7441d78d605e5e42baca43a3	0x32b0f40b2d237253d23a03a6c7823d1f8c9b5415a4ce11e269ec51ef4766458
random_1748	modify	1791547492524	kBONK-USD-PERP	BUY	LIMIT	5697.32441143277933	48.67045185375640335	275981085049729316849					569732441143	4867045185	0x28e77c991186dc15551f527772f50b491fb8646e8f51c5f4cb32d3676c4747d	0x311325d271281c26678f31922c28eb4d9f087bf9fd6e275ab8ca8e86c39a131	0x4891c1cead4587f189fae784ad1f245fd180129c3b2d0374091404e26e0822a
random_1749	order	1892215553739	SOL-USD-PERP	SELL	MARKET	703.006256260353							70300625626	0	0x6b751bc9015dc6cde2e9fbc2da7522126f78b8c38ec50de55b4bcd54d85cc92	0x266a3aa70549dd618abe6c770a285893365deb57dee2b12e19635995ef9f416	0x4393132b407368b8b77ec44d3624b5c2ddcdf4f599a2ec277bdcb0ae483cbbd
random_1750	order	1714210373738	DOGE-USD-PERP	SELL	MARKET	2539.54306570515							253954306570	0	0x60a38007d8bd8634485b77fe1bbadc75b6f3a4eeadb9ea259bf905cc2e88545	0x4267cedeb1126ac30e426a142395821b554f46b2114f48a23239f5a1c92de60	0x46e8241dbeed316148fbef2ee2845206f319d9b89e25aa75de900565c667449
random_1751	order	1844038537902	kBONK-USD-PERP	BUY	MARKET	211.9004899606684616							21190048996	0	0x5566c4941a36a97489a8a6717c6580b4fe6cc1431074022b5fe5c44ca07ac2e	0x7346d153900cf895e587e441fc28a7151adc546ee1e0d130bf3bb34a088f6f4	0x479aa399abf4d330fff656164ac23326531212e1b6c6dba321c743ee451df5d
random_1752	order	1882493253308	XRP-USD-PERP	BUY	LIMIT	71.45294477724837	9679070.408929614341						7145294477	967907040892961	0x116ceda66db4e4b35a3a66b0b83b93e722dac877cd3422cc796092eeb9db462	0x4a1cbf88cc31d3b16f2fac2b5aa3832bc63fbd6cb3eea3312e313a8a68b032a	0x5f2e59a647fa9387ead988833b4c11ab8adcc6bf4e3c7f769ace8496991646d
random_1753	order	1757162966097	ETH-USD-PERP	BUY	LIMIT	1047.8836133327	67212.563114419959						104788361333	6721256311441	0x49af7f9961e32c9572aafb66066c55cf6b3db9e3edfab7809732e037b78ea42	0x9a8f7de8ef33b0e8ef8972dad9c424cd220e43cc8a58733db3e8c41559ea6c	0x4ec42e15f36c2e20bfef2e09ca1ddaa825d5e9b0be69ddf635eaf931bcc8d5b
random_1754	order	1738632270225	BTC-USD-PERP	SELL	LIMIT	47182.51071601221	653859.327367661						4718251071601	65385932736766	0x71fe236a920c0d213c926468d50f14372b68d2bc5705ec2e6bfebf9e6aff863	0x3e694fe33e75be7948aed8021147a85622820940817558afc479410472ea453	0x10b31dc372dc36ba0e16e51b19254091771aa44bfb888e9f549b96a53e6709
random_1755	order	1822186648911	SOL-USD-PERP	BUY	LIMIT	1.376870674275805537	8.102239549						137687067	810223954	0x59d166668d9df479435d9314460cb8b6d949b23dc2e181762c5cb3d3e2805af	0x39c379e6582d5defb554b84d41ed32027387cf50baf4c195a2f0626598299b7	0x58e3b87e98a0de9e9a75a7a3d2cd257dfcaf897378bc1dcc3b892bc8a38ccf
random_1756	order	1789361231581	ETH-USD-PERP	BUY	LIMIT	0.3901848330836440	337.3564112312374683						39018483	33735641123	0x7129b5606116602ccf10b46e3c2a46cbbd2c1c942cd8501eddefa92fea064c6	0x2d27f094fab4b26a4588387fbc59901b6cc9c3caef588ffd01bb81925df8c33	0x46c111fd4fee1721adfba20bbfa7967f869cca1813ed96656fc662fa07e7dbc
random_1757	order	1876208547625	XRP-USD-PERP	BUY	LIMIT	0.56562536428289514	75910.06347593359703						56562536	7591006347593	0x6dc2412601b28d8125aa655b050216d001125b018379048c2cd9649c988679c	0x304665284590ae7a056f035fc062b0af8fa2d521653fea1049491398b4e200b	0x68825125ad8da15a848dc62421763339ca540cf43644e44d89b1ea90fb35b2d
random_1758	order	1752356669838	DOGE-USD-PERP	SELL	LIMIT	50.3646138379	834.834287121450						5036461383	83483428712	0x61d9c158baabb28e0c3afd63edc682c02c2198cebec9e1f5ad30b9f3457b770	0x24a32ff10e0d90d0e2c26bf84b7eb9a89f20756d8fc5fc173ee4a4ccb54024	0x763ed8f08758f32bdf2c2adba772e3bf2e6679d766912fe402bd5e0a7559d4d
random_1759	order	1835177184094	HYPE-USD-PERP	SELL	MARKET	6985.480537247791942831							698548053724	0	0x1ad28a7aac02f5e46b8b57c5d22f6cfae34f70460a6384052b1a7a431cc97f2	0x3b636bde6255f5a2f818552aee9ec757fa290be11d7c50a6c1dfcd81ad1e1b5	0x6c1eb837b23784160aa44354d9b6ec6c54e2279591a9b834a5200088f689a97
random_1760	order	1839918225791	XRP-USD-PERP	BUY	LIMIT	4820.9260452544741	22.518092543						482092604525	2251809254	0x309295c1bbe18f6b0412e332cc167d6858ba6e47e54087274469191ed94e043	0x151d2497307eb428354c08c485c82cc92432781ee08fb83d0ac42caf2b10bcf	0x419e29609c3d566c6c29bebbfe06c812c1f6cee8b605438e2d82cb40c73cd72
random_1761	order	1883418845807	XRP-USD-PERP	SELL	LIMIT	60.619506153240	34189.295360420048414833						6061950615	3418929536042	0x73ce1bc055cc84b1378ef0c36fd5a69e8c9b3f0b22b4e3ca0933d09e9aa16	0x50c01479eb85ec729df84549beb9e9787e78a014228b4e44ddef4aacae6cfd7	0x2430d1fa88093fea40958cb7709ca7b69aafe79c23a06a2bd244d3d3c4c139
random_1762	order	1766262923984	HYPE-USD-PERP	BUY	LIMIT	0.6388050983671908	7033.028273741863						63880509	703302827374	0x42666a5eaf4ba88e00e94821a1e9ea1919a59d3ffdda74a1ead631a0b380ca	0x47ab4398492277ea1361f9d64ce2d6d87c83b4c39103270b18051c61b6c0108	0x2a8d07cdc1b2637cfb2ebec2de9fb2962cae2590f1886223a70b4147547a2b8
random_1763	order	1825215947235	kBONK-USD-PERP	BUY	LIMIT	312.80705169500432	5816.085302088298458						31280705169	581608530208	0x352f81995fd12ff2019d14f93a71308605e51685393dfc8d0b6daeb7545ef7e	0x65c76a6561282bf078eae1b7a453186ced83a684526ef7a24cf9416bf0537c	0x29f09ed3b08a6f0833d8dff0524f138e91af7e5fd2799c02f50c13cae3c437c
random_1764	order	1785806893290	DOGE-USD-PERP	SELL	MARKET	0.66287506667723							66287506	0	0x32f1798e40ff906df684e4ada1a0c1f7b51f026c79b62cd8553777a8ad29846	0x2ba62ac685f3c09df9444287319a1d2fc359c54173475182ea32d1d2617e1a1	0x34cac207db39bca4806fb0fcb3aa3d85887ea0eaf24037ef432759e1d15f426
random_1765	order	1833374331855	kBONK-USD-PERP	SELL	LIMIT	623781.478559561546	424157.1934191172						62378147855956	42415719341911	0x6625d69b6df4c54e0c75f0aeb050d457e1b54b61936957019447db35d15b4a9	0xf8f461ce759530ff695e9bc1b3976d6bad293b0806c3923e380f865e7fa5cc	0x27f9377b42c191ff9326d6494ea402f53bf3af1309753448fc9b03b7ed98905
random_1766	order	1806470561855	kBONK-USD-PERP	SELL	LIMIT	0.80423323463378157	861712.74750055206372						80423323	86171274750055	0x259a2dece434964bc82d072e3f7a01fe9ad4b1dbd2571a1c1b8aa63a135fa12	0x49bc9f1fdfa0046c82d03b93dcf8ee067535767944ef81d75b1d597d722032e	0x796d16156baac148568fd247d555f8a0d7fe85689246dde512c10f9fd9ef070
random_1767	order	1776999829523	kBONK-USD-PERP	SELL	MARKET	8329.85564047702642766							832985564047	0	0x3c734706871703884c7ca9d0044e92c7051e9091586ffcf3f0d4d652eb6948c	0x437a7ac7e0eca2eaf1de020ca32b6e04a8cf0f65d5d570a7ee095cf60aece8c	0x2d1a385ccc22785309ee43cc38e5d622083bba9b280d56c41b70cedfc3faf42
random_1768	modify	1802708127614	DOGE-USD-PERP	BUY	LIMIT	905.870282751356	8774950.36962629598165978	83376854163150902343					90587028275	877495036962629	0x37b17df2195fec0a9216c00f25e6ff07dc0fb38c0bbf40184ddd7a31208a754	0x6484077fe78cad98d58ee2a8be16fa9ad35585021fb92904608cf3a14bc45f5	0xa9c1c58e3f521b622630fb39ebf5b4e629e3835954fb68b33cbafbc4d3a4b2
random_1769	order	1803982928420	DOGE-USD-PERP	BUY	MARKET	347.0499247251750353							34704992472	0	0x6cc6539018a14ff50d5faf88a8aa37428c64ccb14f0b482645430c3cd7fb88a	0x5b841347eeb7ce86af3046f1c90a6701e519d84a598139c475691297f0ba27	0x6d3f666f6a553f40857a2c83c95e9625cb1131e94d8edf90d533d98ccb163e1
random_1770	modify	1769938643513	DOGE-USD-PERP	SELL	LIMIT	0.75017663213	70.63552455010	575388008287972457495339455					75017663	7063552455	0x4ac4da0f390fe475596d9f3aa7edfa06966957064140c5c99a8e0ed6850b364	0x99a8fa1a7c77ea63048b7489f532b7a8d4645af4b162a2c378d3b9909c84a6	0x128a365f2a7a50ac985685ffbb413a98b3b56e1664a7f41d2dcc76f0f059fc2
random_1771	order	1745079158387	ETH-USD-PERP	BUY	LIMIT	74779.4464261039530	9531.3878186542575363						7477944642610	953138781865	0x2b66029f64a3b0e33c466a2e01bf1c0c376d1facbf56a763c1be037175dcd29	0x50d9e4e3806c7f6768c2f2b06b43e027aa6fb3b86267880cda297ca7e6fc66	0x5e65a371e050dfb5724df9c733cc7488f2a1cf43cb68243e98663fead7d0c9f
random_1772	order	1876898257218	kBONK-USD-PERP	SELL	LIMIT	788.64556118008959261	104.913313518						78864556118	10491331351	0x29e9e11821ef22006648766d236643a505e8514b6e6b115b81305741ba23cb5	0x2a0614cd15a1163ca57a5659199172d2825fa112444428510cb4bbadd53da83	0x1760eb33e78d5402d3a6cd5c47207b797464433a2491da7d99e5d3ab8e877df
random_1773	modify	1833602612363	DOGE-USD-PERP	SELL	LIMIT	63.5112027576503797	1820545.2010143518623	8076710433257796544125					6351120275	182054520101435	0x69551c2dc97b00ff0a7720b752c9f1d5c89c01f97be969908946e7e2a65c1f5	0x62a63b89391cb91c31ff7a3e619e2be9d64f8a35a2e1ababe7d04f035503eab	0x5923ab9799bd56c9229973ff2e1ce14cabbc89b4a140662034992aa074f5e12
random_1774	modify	1793248550776	ETH-USD-PERP	SELL	LIMIT	824.8029580917	1452837.68303710043	66003946593361808795312154					82480295809	145283768303710	0x72f6a853b32f82b63f037d3210ee93c03ee32a064f02b68f6ddb3c08398b058	0x784d5001042c7f72341c278076a8918cbd6bc7ccb7bc4007b73f66862437bf6	0x4fc59be81340ae76cf69921d26fefc3c16bc01745fce852133693af0c30226b
random_1775	modify	1756650471493	PAXG-USD-PERP	SELL	LIMIT	76.25224435541471057	8.0159581849	10038373795729801371					7625224435	801595818	0x2db4a32b5533175eb0db5d9e992258828296ee15989aff1267109248ecdcdbc	0x6d8943f500997a255e84e084eeb9d6df6ea14b08ceea67cd373fbd415329901	0x10c6426049bb82871d321a2c899d9d296ed6ecfff99f78d8e4a024319d87418
random_1776	order	1765943455840	kBONK-USD-PERP	SELL	LIMIT	453.21845500850862	1580940.028501314						45321845500	158094002850131	0x44ee04ea66649f671981314704bdc9d74dc7a5f3f8862376316da559cb17558	0x2f084126c647785f34111ac17cde553410acc175641daea1705f9a7524c3f42	0x1acf800095bb87784890d161b2292e22f5bd9adb9e2663be34f39acb9826c54
random_1777	order	1787146075926	DOGE-USD-PERP	BUY	LIMIT	1824.0321380129721349	2.003742589						182403213801	200374258	0x7efcd6ff7010dd3c08262d2ae056f3ead6046b32d42e26e08f976cda4310900	0x6e2c6e4d5874061c7d7e93021ff0336b7947ecf6145e470e86d40aaf194d0a3	0x3f7e3d8b8fd72c30cc80a55deb146d0921e6945fffdf7395089fd78db40336a
random_1778	order	1897567898697	DOGE-USD-PERP	SELL	LIMIT	202.8051211666636118	325642.1720596941280021						20280512116	32564217205969	0x19c6dc44f3aa03874c62fed770654634aeb512c7abfe0392da8ee744170e730	0x42825f8bbcce4e656aff9cc70fd1255dd5ac570169c65f24276e9e8830984f8	0x21b6576e57fc9d84e3dbe2c957cb00c360396346a3682c16fb87ce53cddb217
random_1779	modify	1852942403205	HYPE-USD-PERP	BUY	LIMIT	61955.6472010264	524.49096209454	127959957822490538644005342					6195564720102	52449096209	0x46642b87d92e87374fdeddd0b084355bc61848664dc2a541b001fd762479d80	0x4aa94e899699e93bb38db453d7f6bcb6429498367474c88a70fd58bc2eee8e1	0x41650c9ba1a18da364488661cf85576889df695ad48889f62835ec8eb8802be
random_1780	order	1728103107613	HYPE-USD-PERP	SELL	MARKET	31031.1564276246							3103115642762	0	0x29373441f77dee200a4d491ddf8a1c5a1dd785026daa5c265bd6c7ac8405d82	0x2d3b45f899d02a29594a35161667ccbcca33ed55982088a1da2bf3c4bb68638	0x5e4064dc1f63c4b34f97222832827ad79b9a3fa23ac6787464f16e8257a5b50
random_1781	order	1800455828698	PAXG-USD-PERP	BUY	LIMIT	609.01464897331294117	11658.35592965654729						60901464897	1165835592965	0x6d559411f0d28c28969bcd1495cb54e29326a91e68c82218a0b4f2dd3e89409	0x7952d6f64016377a1f2ab65c6af352f79a524d93dcc285f542909dda7b63fb9	0x23b94984f73c6563c39c5576b1e1b9a8114d7cdf4257607b5b1c9e79628eefd
random_1782	order	1740809219622	BTC-USD-PERP	SELL	LIMIT	30.8882147990	0.41896935965965169						3088821479	41896935	0x6e4623e99f4a025fcf5f834da49c920b87abb9935e6c2c21b4d5b3587028f52	0x6aaa26dd0f03a2ed1b8c52248091eb0c69a0334a08735d45c722e5b5f7bb537	0x175b5b473e01a4627915d713d15f20cb78912dfc615b90ab9f6e9bfdd4473e7
random_1783	order	1843588833105	XRP-USD-PERP	BUY	MARKET	69.121283443879							6912128344	0	0x2323b2577854ed720fbf23a85386133de4a8cdb7762722a786a84698139b53e	0xa295e2e0cb79c6a8efd357af8cec1e4edb93597786f83165bf23d9ae3da479	0x32056d3d8d346dc5192c6fef76f119a2755ea2ab6975f607baf1c54ee5f4155
random_1784	order	1760820803141	ETH-USD-PERP	SELL	LIMIT	11.3914303421866673	91885.699032443						1139143034	9188569903244	0x7f8551cbbb150f3fe04690879ede89d217da5fc1553a47a17f9f0275347a02f	0xe8bd3bd60324d875ef66851be1739c44302426814b07c4634f77447e35e674	0x28736eec1c0bd667083326c9d263e0ed36c9b88ee11df10aca16f9b1ba2f51c
random_1785	order	1853193086436	ETH-USD-PERP	BUY	LIMIT	144.71055342909	834270.187596343						14471055342	83427018759634	0x22a19d97e88b052d86f3ba18c24b8b1490601e236354e9d0052b0744923b3c9	0x13061dca6cf1e89304caf27400745e33295e9e741051cad5d86faa7c54a6120	0x146aac24dfe086efb2bd42c551dc73bc153b5a3b669ed8df26e42f6b6b4e1b5
random_1786	modify	1785992237304	SOL-USD-PERP	BUY	LIMIT	3.743320217328	67.9497252206	271041120880646674358297					374332021	6794972522	0x454989b107bde72c20218fd52e48d9ec2cdfe7c4979f12f1f295dee9cca8cb	0x2a791d25c147999638d5bb6f748d13a5d140b363fd34afac4930f39f9a07ad1	0x4b51f950f9b169c74708e438094f72195934fae0218450803332caed743a872
random_1787	modify	1830256676141	BTC-USD-PERP	SELL	LIMIT	9.3001071203707831	8712.019528905431869	18453619838752878925154622566					930010712	871201952890	0x1662538c6c241c77f68ddec9da217eb07f770906a6f983c77701c59501df58a	0x32ed007044a1ff5a168e7fb2a3960e457fd15994f3a4b08a6047dcc49c0024	0x1f3618f2f7cacb831d30c344dec9968d519489c323d5dfee9ac334c2409a4bc
random_1788	order	1888722108226	BTC-USD-PERP	SELL	LIMIT	703.990354322654	75.50572164428						70399035432	7550572164	0x15ae782179c222dc9d51ed9bd62970076d5b561ab2467c9ec3cb069978c6756	0x773f1ece2080ab390ac591af845ab281666d6eb1cbae8eeb1e6d3181a03424c	0x198e3387a27226d7ad49b1a2130c797069e6ea95c2cb1853dbc9383e9dd7d9a
random_1789	order	1738753581988	BTC-USD-PERP	SELL	LIMIT	389541.63554167161589	7844.73768484748181900						38954163554167	784473768484	0x1a561e1f0312e1ae5075af9a06ae0aae3f990c7338d9e4ed280a6c8c56ab611	0x6454a701d2ad511a0ef45dac554fd4d89db4cda953bca903c6cfeb1b34301c2	0x20e3b03db0def5ba033d4a015c06a9c2fa23aed681128f91cda6907d80b725e
random_1790	order	1720151367798	ETH-USD-PERP	SELL	LIMIT	0.918220609735	79172.320775687711164						91822060	7917232077568	0x51588df681e58aac646b13e8d1b34d41354c18e320c4fc5dbc6b9158b8d7ec9	0x3252871861126b618f944a104b6d0f2838545bd0714c4d369b1532e93caa4a2	0x2244de83c6ffc80fa53c56e384559a126d6f836f99773050a525596c4507efb
random_1791	order	1888958099700	DOGE-USD-PERP	SELL	MARKET	833302.54591468626863197							83330254591468	0	0x752a0bfa236a51b094d40e88b75f87217bf31537bd673df08dc222f11737e7e	0xa94abe379d32358c2cf432fd40368c1e071d5cdebfcd3526d86a76c750d4a4	0x2661d2acdc99541bdeb6d6a55e3c273961c95c924a5af93d689d22d200e171b
random_1792	order	1728553743180	ETH-USD-PERP	SELL	LIMIT	43469.48249278140263	1093551.85971694692749						4346948249278	109355185971694	0x396329d9eb6eb1511fac7b243ecb8b8d6577b1cdd6f7f8a7b73b7846191da9d	0x340d6a1fe559c1c5fa84c1f592d87a9f85c3c51a346571307bad3a1c7354dfe	0x12420bb852374209811ce7135bb198c7a53f50fff23a81921a6d55155c85f01
random_1793	order	1896348411759	BTC-USD-PERP	SELL	LIMIT	0.08214740508300	5.19968707917						8214740	519968707	0x1b09f08f3015bab9dc618dcabc4e245c16adb672dba23e7f39e9631aaca5a58	0x794dc3eacc613744d24517d72f786f9f688a0db3a8ca0f9df723fa4edb276d1	0x6ad3c07bc59a3ced7243ae9af41a2460a181593380c4cdfb5b21778c03cbb2e
random_1794	modify	1721475725990	ETH-USD-PERP	BUY	LIMIT	552.4530295483	0.555098425	32609283066433742038123019075					55245302954	55509842	0x8be89097dd20fd0ba7281fcd8bdeeadfe8711b8547e17842b915ceeacf0415	0x6b32d8ef81d3e651b4ea4d4c9acdf43168f37c001726d7afbb11c6bd5531e89	0x722679be009f15e5694c08767383a5da78e90334441745a10aa4551dc7192f3
random_1795	order	1899132190393	ETH-USD-PERP	BUY	MARKET	761.8297810237							76182978102	0	0x600a92c138d48bbf05986f332e920a32ef451cc50b21a600f081d895f4d4aa0	0x69843872149d086dd6b54779a303c9c860c9454b264283849b250893b018fde	0x6eb8e395e32f59fdc9daa286823f6c3815394d6cb86106e774d00857464a9b8
random_1796	order	1832524734912	SOL-USD-PERP	SELL	LIMIT	730477.687422997	33895.7171744635062						73047768742299	3389571717446	0x11e4fa91ca517bfd5823a59b452a1add156ec0f4df2d61b08527dae071010f7	0x54d3aa36ec687e8490f027999b7ce036a7774c1ed1b019127b92545170adadf	0x68b174cbc28b46ad6761d8e66f680ebed7799b60e398dc56ae036b899bd042b
random_1797	order	1785005088278	SOL-USD-PERP	BUY	LIMIT	68486.926665381627639633	54.418675605303130						6848692666538	5441867560	0x4318253b2d4efaf3672d3d7921a72f7e197fc3ae576461696811012870f80ef	0x6df8b0c372deedfbe8f12a7526ce856d2612f235b340739e91e6bdc37b4b55e	0x9545fd731ad5a7046b7183d33c293df44f0f116f7fa9bb57bd5193aaa5b0b3
random_1798	modify	1759679456208	ETH-USD-PERP	BUY	LIMIT	724.57265729752933	7649.060289294580150466	1003666069143299069964562115					72457265729	764906028929	0x7473415463030cb4ea0f7b7cdc5088b31c91db868937a647adedad0fd44cefe	0x3cbf183089245b1965a6cb672ce48fc6bd24a8d8ff58b1c19956c3e9473f830	0x4e4309c3a423ae7af98ba1735c425734153da639ab9cbd1660ef717678db2cb
random_1799	order	1899360177498	HYPE-USD-PERP	BUY	LIMIT	8.361993618649466	5216593.909894323738430						836199361	521659390989432	0x3457d3a83a7e944befcff40254321c244312e47a1a49682a53fd5b3a67b5e25	0x135e794903a327b5f8b06383c049e9cd1b107b0dd8ed5db61a7c4022e89d5bf	0x3775b91b151a1b35f23f83742d3920f27f67ad184666f34312187b6f759b38
random_1800	modify	1812841783152	HYPE-USD-PERP	SELL	LIMIT	1131.076071048	915.233564503196850778	66779595398798615658041					113107607104	91523356450	0x3c3224a84d7294ea50fb6dca4313e790eca29b6c7d5155d8d04f88bbf394582	0x73d9a07161dddef1a6619b11296e24580dcb094eb1c41ba8634cc96982daa42	0x2821e180178873593b8dc0d425eb7822eaea3b4a24a43ed1f30c8bceb958dc9
random_1801	order	1842947146475	XRP-USD-PERP	BUY	LIMIT	0.180481641163137478	816.98077537177						18048164	81698077537	0x3d6afd924384bc18bda657f37a902a2bd765231a603b4bf4a5a0b35119a4da8	0x4737629b458b240dc4e6a5d0366db92ad1f151b16efde13f77c822c1024608c	0x6d6c495f2a19a47d02583cfd52e974c485f6dd6174239ab9993403ce191aff5
random_1802	order	1707313515406	DOGE-USD-PERP	SELL	LIMIT	3640.88904635539	11.262492537736315						364088904635	1126249253	0x293b75a2c1b01cac1e96998c25196adf2b051ec333fc3de78ae3725b921d9dd	0xbbe8faeec63799d2b9d5336894c695fbd90bee231c22b5710208a8b15476cd	0x2509cebcf2faafab04acf6bc90ad4802db64e0f8854375af4a2792d15b24f6b
random_1803	order	1835155522402	HYPE-USD-PERP	BUY	MARKET	2277.15409313180450							227715409313	0	0x71f6e902fc918e790bc207277a2f09b4fdde8d637877ac04effbc076cd0dc94	0x502d5992a226a31b7f8525ac1a0f43a96123172ecf91003d660d0f8b139511e	0x15fa658f3e5d50e7efe12a7e770a69ace24d65b517a37500fcac1932a21e203
random_1804	order	1843478577671	DOGE-USD-PERP	SELL	LIMIT	45.6994897635046003	98862.5630350812						4569948976	9886256303508	0x3e2902a1edc6b6cca2ec3a99cfc5d956c9124c55c3101e81b41192161f6bcc4	0x32528b20fe671c380c02f8f66c50089ba65cfa2699ef027d80e272750cc88c1	0x5c5390cbcc227abc386cb63c1f0a9242dfdff459da9225af5af88bc2a29fe33
random_1805	order	1831328451506	XRP-USD-PERP	SELL	LIMIT	0.6617244234066	66.21094617701760522						66172442	6621094617	0x21b8f9cb31113086cf4a564c139db2d3c1a915d05afa4f16314aa1b67cc9297	0x4d2c97d7b11dc22214e9c3903c033f2e4b3819144bc132dd42cfa42996ce8d9	0x5437481e8e2bc455b7fdb05ec8f0d884d795a6ecf3ae8faaec16369f01802dc
random_1806	order	1886537359200	SOL-USD-PERP	BUY	LIMIT	325.501654133	53848.01801325568						32550165413	5384801801325	0x46f8d26bc044794e464bb72043d84e5308f287a187b6dda4776d4e976f2f41e	0x77d91ff0bf3d21f99d5326458995d1c65c497e4cfa1ea2bc21b916617c101f1	0x6261cb7eb78f19e538f0192a6887bd39ef74eb4c58e6712dbd9203e950013df
random_1807	order	1763314732675	BTC-USD-PERP	BUY	LIMIT	5743.33279212547699353	0.901733502646712						574333279212	90173350	0x726c026ac1e4b74c9f6aed2bc47e2fa96f5284b3def8b0ba3be8e965ae41dab	0x1652254d913ed363c3d27e4374ea11471c3c8bd797245ce2fd1724ae11ea265	0x40904a94ff1502461d9479e9b4f34e90869ddb251624a07f93d53e2eaff0fac
random_1808	order	1871391269280	HYPE-USD-PERP	BUY	LIMIT	0.58197557643462470	2186590.054160435423186						58197557	218659005416043	0x5b17a758f5a36c04c3301cad06a4e0ba3c704354d1791904fc9e470bae4af34	0x6e34c19640387f726fe1f03052d477e57be34a4db42cec4017e9730b77310f1	0x43592ab7ebd4fc13830e9201e9d821da26aaf7d4c04a8f4a42389432d950ce8
random_1809	order	1722161930891	ETH-USD-PERP	SELL	LIMIT	0.2587294019956774	7085.8385135446892119						25872940	708583851354	0x6a60da735dabdfb5a8401f7d9ac2dd971ab77a459788ab50f556ef65e1d60d2	0x5e3d1a926f406edcca369982a4a2e197e9a5fd4deca7eee1f73a7d8f1881328	0x438e0df3b4b15fdf94dd82182feb04ed10789073d766c4c655db1920f1aea67
random_1810	order	1755529079914	ETH-USD-PERP	SELL	LIMIT	2.251276320214951153	541.8615274709228						225127632	54186152747	0x712e97708efe681a74aad4152ae35f18a5ff0255664c269caa25688cc174c9c	0x690cd80a61c88986660c55a1acd9c1c3c83429ac82e2612a8f810cc02c12f6	0x24036bb8bff7145e2e5d0133a8e67313258b9d3d75019e5b2ce65c757a31a5c
random_1811	order	1891704812466	HYPE-USD-PERP	SELL	LIMIT	707.18990055450761985	0.602001264935790						70718990055	60200126	0x79f64e1fdc34bd7fcd2c82cd6b1832244d5872b3858f94a56a9bf6898f41e77	0x7c45ffb2a1791b9ad35bb061b1ea3885d38fb6a028c4785567e407d9bad6d69	0x451966f4c949a11227e6bed30480f78732a474e42685d9436c855b2d46e632a
random_1812	modify	1834582513392	kBONK-USD-PERP	BUY	LIMIT	3701.980474714692942057	892046.308264821098215	3197360163249089834001					370198047471	89204630826482	0x26f7327abf05252cc789358ba251430fb35ec8affb36cc6238460d201e485f2	0x28f96c3ff625c8c1641d3eb62646fcedbfced10b2d3253bdd97518889a89f9b	0x77782e8c7ad7068d9ce60c03daa4cf478ff3577f8a031d592793e6e34943826
random_1813	modify	1762461622646	XRP-USD-PERP	SELL	LIMIT	38805.45850454895	8903356.83643975467	8073144614188509251558					3880545850454	890335683643975	0x4c32f6cfd329a45867ac0b8c9710931d3d206797bbc5c8cabc26b5dd9a0aa4b	0x342767fbc57bda52e100944ce79c60fd4bb18aef70ab0792a9b845e23f904c7	0x78dcf66f4dbc7ae5fb4449c72d712b7d5f31081595357dbcf221ea9197ae7a6
random_1814	order	1855888859446	DOGE-USD-PERP	BUY	MARKET	0.948316408938736							94831640	0	0x691a62618e30aae6af80029333b2301c86435f8cb595f280859dd86842755b2	0x3c57686b03853ce475ebccedda90d0f015f6d41ae830c7dfca1f746459a9f98	0x24b28bf726a445fbe06d36a4d64ba82974630439600807f62a13ed3b90531d3
random_1815	order	1796490939413	ETH-USD-PERP	BUY	LIMIT	0.50125485724709232	429.732556128						50125485	42973255612	0xaa6e390e917a60162614398bfbbac8cbb2f2e34279c8950da4850c2a05f195	0x1595876bbe77178f27c806b2a9c0ef6b5e443648a4db4e4a177746b3d78cb7d	0x342b21a321c00ebbde27f9e7d058719d119f5f255256463c98e3213ae607029
random_1816	order	1700253793931	PAXG-USD-PERP	SELL	LIMIT	153933.86367683662046	6.174836949567565344						15393386367683	617483694	0x82f1217b1130cc73c9c560002aba086919dcaf0bb2ca2592a6c690359932b5	0x79c88af19ec34b6452d9d62a2db852c6e1b9347600e5f8aaf2e7e1a26360575	0x30f9e6bb160622b74a0feddb2970987fa75066e05fb06f7c028d92cb642d2da
random_1817	modify	1873466082366	BTC-USD-PERP	BUY	LIMIT	71761.2832133391	66038.950307416917563	32819732689009201931					7176128321333	6603895030741	0x2a4bd95b1923fbabd6399170bfe469c19bb561324dc00afb88cec1272a8990d	0x13f0490892487a8a715f191c28d7306e967b78534559f845d0b0ee99a5b2153	0x731b2012de5bcdacf04daceb0d34e86713b03cc9f078b16bb75a68804802bb8
random_1818	order	1855037424520	kBONK-USD-PERP	BUY	LIMIT	0.9736438716638152	3933336.2354655120723671						97364387	393333623546551	0xdf449023868049565a4e54ac75e9ab7a3a13f04e0337df1a1810c407d40120	0x2a964420875d547ed94fa1e8b92fc9f22d1e0185873e379ea742e536f1f7740	0x7d43e39d16180351ef266ffe5a0a83810cfd02af1a189d82b0c8e6ed5f18ea6
random_1819	order	1771380956906	kBONK-USD-PERP	SELL	LIMIT	3442.027728642252940736	7192345.343792671142						344202772864	719234534379267	0x518deadf683be3dee76f0fb2d30f73edc5d9960e3c97995080bdb6ff16ba866	0x16604e9e69ae4daa281744fc8cab913ef2da84a58728aef06a37a760e82a7ed	0x5355f589b1d739f077baa04a19a3281720a00bd1275ee284ce68a5a824cbf1d
random_1820	order	1739113266771	BTC-USD-PERP	BUY	MARKET	245052.0343377204							24505203433772	0	0x5176eb4cdfd2eb744eadbce84bcd2df15359ad83239b6e501fde0b75d5bc3b8	0x34b5e2224f35c8ffbf4d270f60ff82c44cfed9409c3d23590cd935201f53ad0	0x40ec739999b830ce1a3fe36148f207423f8c681ecba0c02b777131c4938c108
random_1821	order	1872893943797	XRP-USD-PERP	BUY	MARKET	79316.08232017209519							7931608232017	0	0x377a0b0704795d32f4a260f8bca9c9bfcaca18050ef1ac91b2804f194aacc2a	0x5f8583fcc6f3f9e4d7907123888cc754554b49ebff0687bfafa3e8f7d7d098	0x6c91a5e08e37cefb1f1dc2f154ac43d835321d5be403b4c01718b46f68cf452
random_1822	order	1703298259045	kBONK-USD-PERP	BUY	LIMIT	561.43883490560923851	29937.2856178542						56143883490	2993728561785	0x479211a4bebe358c5e4f62faf7b5b687ad74a0b4ac1f5bf3431e3f2e25f7a67	0x527f7c54ec7efe06c685467810b2cb07bd6cf39a1877f1d7de1b083e4e475de	0x2d09e5d0159ffa82ec726351a7bedcac54a5db7fa258e113c751729f459b8a0
random_1823	order	1731416898135	kBONK-USD-PERP	BUY	LIMIT	3.1472389445541	77510.739712405653985						314723894	7751073971240	0x2f21b22311d5614b502df5b94c1cde97d3ce448d9c231d650b2090ca6ec9852	0x304eba4ebed6146b53e24e723d64447c7d85105b85c0f76b39aef046ef6773e	0x4cdc52dbcae5e39604cfd29a7f41b22dbfbc50895598c6d9527b9181adeae62
random_1824	order	1780217894807	PAXG-USD-PERP	BUY	LIMIT	675.2189820434992	39.23660923067966433						67521898204	3923660923	0x12e70a09b58d03fd3e257fae804aadfd878705ec43e77a49aca25ac0e6aace7	0x904b5bb5fe4ab3b374b8e5ff491ba081fe89f46847e89c5eb88e0c0fcb9133	0x26e5312aaad5893570c5b6a455e323885b2e7270b1886bd35da207f8309bcf4
random_1825	modify	1804433078139	HYPE-USD-PERP	BUY	LIMIT	2.6189348235	8.2305597504433	6469131375986122976553094433					261893482	823055975	0x27a11d3c0a2f1d354f9f1a503dda0edc5b13f6a244944517ca269e1c10c9852	0x525cddfbc4424abb785234b6f0a530afcc257146171d60b986d9efc62381638	0x7051318191e1765197ab5378fd00eca5bf8e777a7a1d9485af17759fc89afc4
random_1826	order	1707361700286	kBONK-USD-PERP	SELL	LIMIT	48.515550896132	6601948.28543887400						4851555089	660194828543887	0x2413d4f05127f6318c83ed560ae6c97890ca74fbd0213f46b1db0f070a4b4bd	0x3e50dd8772aa454aa6a900a3373b765e422398a7878684a23b0fa9153958046	0x333fdd5467778846036a7be033ee629d69a28d4763da6c0293202aa5201871f
random_1827	order	1882495548529	PAXG-USD-PERP	BUY	LIMIT	660069.675832752544489522	67.078785972						66006967583275	6707878597	0x5eb383fd90980698fa418cbbc59dff7e2a404a20d459d0dc9243491f4073738	0x2a4156f5584927bab59e106f57f152335ca880661a67f09baac4d974fe95325	0x14466c999871285851e5f67e717f30d40afe92423e41ff13537126dad747663
random_1828	order	1772771379965	SOL-USD-PERP	SELL	LIMIT	8579.559137776058425103	9868740.4984648003789						857955913777	986874049846480	0x4a2be685bfaebf45b3bc7a301fdc0c8799be0350a57e927b28922a68cc8b326	0x68fff2d1cb75feb4d25ead341e035bca3076e796e0b8cae7060c3493831db5c	0x524bf5e6949c5b6a95846d51c65745a5b147f7a56387795628da01fc34aeb16
random_1829	order	1896652839238	HYPE-USD-PERP	SELL	LIMIT	9.952751378291170199	13.048121556						995275137	1304812155	0x376f0666ab7cb785ad86421d9c72bdb9df2e5f3e4cae445a75144261ca97625	0x1753fcae47c2e5ca907b183dae0658752867a6269601d170f7fe4bc29ce9876	0x7820fa0d2416545ea7aae9cf0c3c9e7d9c0df64a3b080c2393181b3a9fbe25b
random_1830	order	1748576192306	kBONK-USD-PERP	BUY	LIMIT	0.2765772549	676501.1041757809190						27657725	67650110417578	0x19f001e63ae4d101af8dcde8f4b664c0bdc4fc9e2ba588a08ada95f5edc3273	0x2cc5202ef90ef69dec6d36e4b3a9918ceed3d65c55b3abfb72343d0bfaa85aa	0x48b4545e5d9078fa73deb309833b772cd024588773ed4892240e7d6ea5c65a8
random_1831	order	1815740650045	kBONK-USD-PERP	BUY	MARKET	8207.58178681036							820758178681	0	0x5042eb382120e7804ec23edb099c01490b59d5b133c6b0b19d89be1241070d0	0x4971e4302006155759e3a90f2b3c3c2403b5d5564964e901bfc95aea2dba8a4	0xdfa92cd3661ea28a0c6fade78141d3bdadd080f0c0020fd3cca0a5d032abb7
random_1832	order	1772272960244	PAXG-USD-PERP	BUY	LIMIT	0.879897491	3.3629421857964						87989749	336294218	0x91f3f2f06eba1ebab6c1e2e9f047f9bef3177324c7dc157a15c0392e89144a	0x7c1bc26cdcd3117e2c4cecfff6a3d4cd82a14272f76915df35ada42d234f963	0x35a283d785932d55a21bc8258e4f9ba0c0b1d677b599147f97defbac787ccb7
random_1833	order	1738542839178	SOL-USD-PERP	SELL	MARKET	4961.18608204897							496118608204	0	0x6d90025df491a2972bbb8deec36cc81ebf0beef1f4aaa842bed3bef8e80db29	0x23757f69fc39bd9ce4ca1c5f37b4cb08e3e3b78eb6c809263f518c0fc862fbf	0x68826cb09537f0d66ce116aced8f432ba39d5c06a081ddbbc63907efe9ceb13
random_1834	order	1846862624184	DOGE-USD-PERP	SELL	LIMIT	4535.544143292884205	0.9147647121276						453554414329	91476471	0x1c0fe613f39eae4a78d958b66776e55935d5a4462e712db742014b00284b0cc	0x7a456dd7a3174cf502c264f9ecdbc661271fbc9aef0a85a06e740b0e483f08	0x585ed6286e814ce7fbec85296a1ed7eabd89c81b3512f26fc01c9c4732e4835
random_1835	order	1817981218562	SOL-USD-PERP	BUY	LIMIT	94599.1169967845	6449332.307105437360						9459911699678	644933230710543	0x496d731a48a1da3f5399db0e60a55ce4ca1ae934829a5951b7338809857f5ae	0x47341937ec46c089cb8cd3b311273b68a00396a822523ccf3e905447bb90f6e	0x198bc4d40aa50772ea1ad3da018dc48693f7a222a9d8af623972a30bfe409ec
random_1836	order	1726941517711	PAXG-USD-PERP	BUY	MARKET	7.74253943183							774253943	0	0x2e54e28f75b97719ef49c212b83c24d9c231f96263b135e51d206baecf2e5e8	0x60b27b8e5edfb265b913d240975fc2cba7b51b1ccec1f63d367316300531982	0x49a897625f616931b04272363cd2cd047218eed0694a201cfd78c46dbf00b92
random_1837	order	1799143242533	BTC-USD-PERP	SELL	MARKET	782684.64477340008534969							78268464477340	0	0x2532af4e05526e29da429fb14a5785ea4a0041c5ae6fc09086819c4880fbe5c	0x19277b6b07506fbc23413b904bd62d30d8bf915d72201ef18879c79120fc60b	0x36d1eba4dce853a9c38b4ea96a6f6c220606c6d3b6114161b72ff1e27028089
random_1838	order	1701780876643	ETH-USD-PERP	BUY	MARKET	8.591645353222524064							859164535	0	0x2fb453d183f86e11b6969f21bd3cc01bcc8b3c0f88ef1b0b9b4c95da01fcf55	0x72138b6784503da4205b3630ba9b5b95be40786c89d6996aafa160def29b5aa	0x423b6d8db31e186e6cc165c0acfa52d8d3b7d1efe19e45d5032af0c54aea185
random_1839	order	1848705329006	SOL-USD-PERP	BUY	LIMIT	54107.6782505455	36871.6499234269674922						5410767825054	3687164992342	0x1e58673d0ad5c9abc78cb734be7a647c6a43bd59bf95d9be86e752e01273234	0x2119cd13aab4131947a0c890d5fb054571ff7146718b27a8bc426712c9f465	0x49e3e2adb286d40448799d423f281823e2a52fc4887f4c2c4f6b516bf7f1cb5
random_1840	modify	1811607704797	SOL-USD-PERP	BUY	LIMIT	0.519281975686980	3760.9290698773801	656978975710216435028783997					51928197	376092906987	0x3584b4671dce9aec8fa267d10b17dc5f814216ea1d5fb87b25a264dd90dd4b2	0x586d2d0b1fd097cd3de9aa7c9dcbfb6fcf68c476d82c746c281ca826fdec55c	0x583df2b6af9d574e13bcaf674d7d05a0f1ff0bd59dc074581f2ccfcb90f0475
random_1841	order	1738645890558	PAXG-USD-PERP	SELL	LIMIT	5505.68133656154339	0.9983034520						550568133656	99830345	0x8b7b31b50a70f604b53e85563ca581ee2e011141d8e3e281b03aeae6c2dc27	0x68cd6f1b78caa077c95826cb1b8c10d136a8c9b67a312c9501ab18bf50bb05a	0x63951a533ef0343d1c3013796f697518c7e890ec96c180510ad2182c744f75b
random_1842	order	1793497944484	DOGE-USD-PERP	SELL	LIMIT	285086.7329006073	1865.94338349633900715						28508673290060	186594338349	0x4322c2f634658ff5289a372265375d8641317dcf1ebf88ca1cdd778d9d97605	0xfea7b00742db13534f03c3dd5059fd6c9bb2375cc0e403baa9f1ad7ea2b89d	0x7c948777c1f6beb2fed40f07226e97ecbc04fa0e587e94764a66c9da766a0bc
random_1843	modify	1862295248422	DOGE-USD-PERP	BUY	LIMIT	0.49054844690198271	750.887256200	45993531038856137742443811					49054844	75088725620	0x2464b66eb6b6889ef5066951417fc92f4dd2a2195a4c4accdb0635d7e78ff0f	0x61d73c2ed26f4317577d47b8641e0560481f66bbf86c5a985bcf20d4208d814	0x1710b721cac13487b712654a7d8f51e6538ae39dcd0ad03c3dbbf37e16a810c
random_1844	order	1747346715333	kBONK-USD-PERP	SELL	LIMIT	5782.87170062716694	61.61771364612						578287170062	6161771364	0x21d5feb7016f91e78de54cf97c1f48667822253bd1a0439f8470e667fa2a483	0x6aa5f0b5fec75a3eb8e28ec569d6ff58d1f86a590bafe2c245c918002e46be5	0x2051ed9365ea4235eb058753054ec245995e24756174d2624e5a642d7965fe4
random_1845	order	1774885154260	SOL-USD-PERP	BUY	MARKET	9798.0189949709666							979801899497	0	0x293c6489180ec632fd17d48efc374db2989177ab680cb5e932bf8a72ff59a00	0x3c1eb4c31228328af22b3ef8318b58fc86cb3060d99e1eb388d70bd697f6ae5	0x7b8f7bef012af9c610df5c2341167b7c32531f47a80007772665e999ca28ff6
random_1846	order	1859981322246	BTC-USD-PERP	SELL	LIMIT	359495.85270231142364464	822.898865177349648407						35949585270231	82289886517	0x3d9808bf7ebfb5b7f3c8645f15ecac7019e550ae7f4500c772cd378f47aa413	0x271ba972a18c4dc6ebfc90648b85ea3c7d5f51b4b2909579d1a2a9dc4d8b05	0x9cfd9d2a041bb5b567cc2c2700c9929ca027a628db82946ed6eaebec463661
random_1847	order	1867840315877	SOL-USD-PERP	BUY	LIMIT	7.12705438885296533	0.0966893625874						712705438	9668936	0x621aea2a673fa4e8a4f7c9e3e5215554316a1e15c001922f60dfa5146a2a1e9	0x3e9aa2e5797addda8728bc813871879fbab3d1732050065b639d48f3acbc2d9	0x2fa465d8e8c574fa619def61dea3a5951015984ba80adff67596e16885181a7
random_1848	order	1821038562872	SOL-USD-PERP	BUY	MARKET	5.966109001							596610900	0	0x4a30b5f1f6379b6eef720fb383b19aee7d40edafaac34beea5783f7b41558ef	0x78b79733d2df774ea7e04b5ed56d1c3712e0c3b182349b88e0d4d0bbc2d3ac	0x5d35539819e92bd5b0e91e2dcf48a58c62fda76173e47180579193dc80b5e6e
random_1849	order	1896977673988	ETH-USD-PERP	BUY	LIMIT	9663.36760120392	0.291278321418553136						966336760120	29127832	0x3a0857e2cff2e5ee3842d0539b2d0b249b930aee0d78d28e545f4cbc4e02c4e	0x267426ce54bbdb3d490aced600e1f63efef0be28a8e79b25078be8fd09285a0	0x4b4d566b39fd11d7d357f82fd781484f00929df6fabd266d31af2c2a94db400
random_1850	order	1728764951216	SOL-USD-PERP	SELL	MARKET	1.566025059595							156602505	0	0x1f4c458dffe5ddfdd23d266192c40dfc6969707c19d209e86308b4905464568	0x26ead20aab19d1d5897ea444b3fd85aa2aa7f3173c2139422a561801d46031f	0x5262e82139b56512f969ed6c395c791331dc186b7a535e170bdab52127e39b3
random_1851	order	1874585821922	ETH-USD-PERP	SELL	LIMIT	9723.903930974670902	124904.10993478364645835						972390393097	12490410993478	0x1b1adbb9f4d91dba0a27fea27b95a36b3183300705e647edcf0a0c439915fd9	0x4824b500fd2f50b1439b2fc092d8dfc02216d5f2b61730884e671f8aaeebec2	0x21ef5f10f9e4b3a60db7b2f1b741f0a782cc8b31201ecd9d6b506dce24de4a3
random_1852	order	1717166336378	HYPE-USD-PERP	SELL	MARKET	0.86657116097567							86657116	0	0x3d8284877b23ef16d89fa0c3e50a37be35e3094587f627e8e0f38ebbf80182	0x360469e4e4a614dcd6ebaaf902fa685c16605c98dddc8faaa5e1cdd73473caf	0x234770353fa3584078f60cac22d0e7d811975f7d731fe029ce6245c57be2fe8
random_1853	order	1800576740384	ETH-USD-PERP	BUY	LIMIT	749.4912966126054	383.72587551673292428						74949129661	38372587551	0x2ed67c55ae4ee19a359885011741a07caf4b9266ed4d7d27f677dcfef153e0d	0x762953ea24012a9e03e2377f9b16cfa4bee037614f805c03afd6fa8c68a5f4f	0x3ddbfe914ccbc490b65cdf40381d4d7671cd5236b58f30f1565bcfb433b605b
random_1854	order	1758478689843	kBONK-USD-PERP	SELL	MARKET	0.8293555731349							82935557	0	0x49d16d0f24c0734432b8ccb2eea37171e7ebb041bf3d6eaba6cdddf25cf69ad	0x5fc6bf676677fd2aabd2730f8f334551884f9a5ef1054c15195e0f552615c09	0xd73cc089da80fe20021f5381d59fe560c65bbd4ff1f13d71e846a7014fa934
random_1855	order	1867011802919	kBONK-USD-PERP	SELL	LIMIT	41594.16537514812567	0.068938407032898						4159416537514	6893840	0x4ac2049d0dce63b2018dca6e6ad717a8c77d2e9728c937a9452e7177aeb430a	0x17c8167ed444bae767c964d331a62842fa8470f9d8a1e80e618d28bbc6d2ae	0x2b04a18cf016d3a58f3debe3a82eba914acaa25897383294049593d24b17d94
random_1856	modify	1843001396698	SOL-USD-PERP	SELL	LIMIT	7390.655655027169590	0.013550834534832	94975555755738259701532256475					739065565502	1355083	0x3007797cfd5ac19710a08f4d960491cefd7e1b723cf8f011b634e3114a50aa8	0x6d122372ceb3f0dadbee886dc49d7e789b6faadea3893a669a9c5016bb2f944	0x2ec5560a578a86e6971c5a555628a4db85c531c211d1122e5799b7afa466eda
random_1857	modify	1747746186779	PAXG-USD-PERP	BUY	LIMIT	845.422764214	49.663401968	93340878020786379183516					84542276421	4966340196	0x25f50b4d4692acc376e2a56672672f4b12c868f6077e5735baf0c75a57445dc	0x472b89a90f4ad09827edd7cb78c5f9da2876f37decd1de4590874b656770646	0x51b3fcf9b6babecf5044832cf30948fe32f39e511a194e091de6a2bb6d11937
random_1858	modify	1733658873583	HYPE-USD-PERP	SELL	LIMIT	5.890574753401	451.6017325614555	34176603132519695463006170					589057475	45160173256	0x6869705506dfe6cf94a4eab6f4286e0b5028c23628f77a3f56b3ab62920e377	0x123f70800c6c7e87d220a972114a1f6fd31d5d2702cc515a5048d4a2de04bce	0x445edd916f1f01f3fbb0b1be532d6abf1ca1f8f3c2241d4fc6c1ba6bf05e3e7
random_1859	order	1811383431703	HYPE-USD-PERP	SELL	LIMIT	49.718986764697858	595.9732776462804457						4971898676	59597327764	0x4072bc6f25c2879972d07985ac7117d720fd5b8e8983271fb2caccd7520dbee	0x4a1275a6c8aaeb84e76cc685911cc678e850cde00c6125fa2fc1088cb2726e9	0x35b3a52a25fd581ecdf9bd37a2de0cb73edb93a7ef256a9d8e3bf4c514a039d
random_1860	order	1739107435132	PAXG-USD-PERP	BUY	LIMIT	883.52900248942450	5.82467188397						88352900248	582467188	0x7341f390c0b657a4c3b8b94a25bebc516659455bd3544fc660ccb4f6b4e0378	0xfb7eecd42cc7018a27d7e0d6ef9e9d2151bb1c358e84566a954dd6e441c7a8	0x381f5944951c1b670af5ce9cc47cfa976b8a26f2a5155df45562eec89318685
random_1861	order	1703347181121	kBONK-USD-PERP	BUY	LIMIT	23.45463807735	91.742969853356						2345463807	9174296985	0x44fe5c85cc273ffa7f17031b8b4a09875b6e747c3c780d2cddd2eef9fcb5d0	0x533606a323e86477b0f59b218736427301f32cf72cb172b723b3670ddaa2b4c	0x9401c0970f9cc4eb09b664d5b62ff7711380e3da3f4fb46fa2c0d99c7db557
random_1862	order	1772525140143	ETH-USD-PERP	BUY	LIMIT	0.772906167843255	11.6869944982726251						77290616	1168699449	0x638d21931ee39fa939cccc6e5e290f869cf54cdc07f2298b68991aecec374ee	0x3445f5adbd8f18b61f998f8060132a6a4dd682d6a1d4ce0338303e17954912d	0x2a7f3fbb7309fa8a1eaec15d091ad06402da3344901d4af4450d42f6823b3f8
random_1863	order	1803223567964	PAXG-USD-PERP	SELL	MARKET	6345.95816559724994982							634595816559	0	0x28d8bf5667eb4bf23464e064979758accc7f3923cfd9d5cc091ce745b839f44	0x8e76dd7e1dde956fb77f1034afc4e7067a6501b7d0db2156bc2dc526f75b51	0x2683997e69b9719088136755d4c783a25334ed960a228a63bd520ad74ba4b3f
random_1864	order	1781219520094	XRP-USD-PERP	SELL	LIMIT	0.705194278111498	34.44206043543093482						70519427	3444206043	0x1d47be05e2ea0965b118035a523e4611dd3ca232d38ac6c6af8f11fc5849a45	0x2ec84a0f7c3122991325d65e521fb0bcb0ed25769231686099b9be6abf3dc85	0x4632eddd33db58d01ee4e40116c039a167de482e2241dcd224065b1e8a3bfc8
random_1865	order	1868490672553	XRP-USD-PERP	BUY	LIMIT	23.03965122661	0.8388618342						2303965122	83886183	0x3db1acaf0aef183b729b347e191a411e083a022f030ce967a6d956c192113e1	0x5e1b24dd83f57d2a2b5031cca20f06108be02da0ed83d06ed3773c602a43671	0x1a9bd8743e3191b8488c969829f0f40bfe45803db142f039f723087fa3b65a5
random_1866	modify	1876412020208	ETH-USD-PERP	BUY	LIMIT	1482.51569307609656	3068453.0837851072	9481425395350608861173					148251569307	306845308378510	0x5d8398601308f6633e867d38fb772e102f37a277283ee6228d95c9548259721	0x6667b0e836b63a57ae2cbef1a1548fa299ccfbf8fe8162df1374df0343385d8	0x6205674c522eb4797c1e971c34691b2dcc1ea86ab803bc785ae067bb8709169
random_1867	order	1884256548702	SOL-USD-PERP	BUY	LIMIT	0.7310847394939	409.104650488						73108473	40910465048	0x6302e71198a5ba5f45c71db975d63e3dc4bc700a60dbcd91c9c764b54a38bc5	0x66088f468244e48bef8b6477d3018c16919637fd98730907edf64984902880a	0x3393c6d68146a75d8b74f81d017bb3e706a38b2696748013ed58857ceba57c7
random_1868	modify	1732556520850	XRP-USD-PERP	BUY	LIMIT	32.8147842287	5.3286182174347817	110759774873871809983					3281478422	532861821	0x7d89b33bf18b40a97ee794ad50fb0da1158b63e71f4a4459e678e2cc06a90c0	0x65e58a7993307e76005a85bc2b2a07b7e30529faf545b16e240f6a7c797c8cf	0x8ba0e2d76af94065caf7d804ca9f07fa7ccf88f982c9621ccdcb433ed4aa8
random_1869	order	1730698665566	HYPE-USD-PERP	BUY	LIMIT	14718.574697153511318599	775.113587075						1471857469715	77511358707	0x36783c5f9f45d282278a524819e6cb5b3aadeb05ed0af78bf35eb028999d8de	0x5f527c5d7fe43753aa8e9fceb41b00aabc0a57a09d13f8c3d2e59a413c2d6f5	0x45a3a5ec0552fc2ac2c0db6f840a2d8b56438580a897537aa7e670cc4c40938
random_1870	order	1729197868649	kBONK-USD-PERP	BUY	MARKET	6.3445955950004291							634459559	0	0x7099853210c1ecfe722c5aece29d90f788c37adde00b5fd24acf84d0393c163	0x76e53e13609bb6a966501789c3efb4c56f5fce843df788caa41b88857b3fae0	0x39388c2b98a7d5ad522313a0a956dbc223aed017c8751e2a0df4bd6a5a87f33
random_1871	order	1820671093646	PAXG-USD-PERP	SELL	MARKET	48680.561793271360585499							4868056179327	0	0x7cf31866348bd671790d7c482f979183d185b145a736e0df534ec6ae26b9505	0x5ecb3c4e29db54337a108b6f218680c530bae424823bbf8e3758f968252c113	0x6462ff6f1df83e97b72504fc45084ae46432a21c31d97364b0289932c48e6b4
random_1872	order	1883429733818	SOL-USD-PERP	BUY	LIMIT	993.166616110516928579	79947.6234339157239						99316661611	7994762343391	0x31b64764a85394d3c69398b2213f1b7bebff8e5fb9bd062a5fa887845e75984	0x72a2a5e102daf38a240bf6faf5b67d0549af344bcfc51e5294ab5fa502e8a19	0x732d35ae56aa2117db1293f34ffd498e2b4089af3e6482921d8814068f1d2fe
random_1873	order	1736629909836	PAXG-USD-PERP	BUY	LIMIT	0.797817921509	4.327936943764981						79781792	432793694	0x19b35a63a0f02b8699f84cfe4977d1e13555e0b25f93061aef549b0ba3a4c9f	0x20848b552bf2287e4341cb86b6d0034b011ce4f588e0fbbbd663748b47491e8	0x679f785c6d7c7c7e7c3b1932b2ca405804de3bafc3378be2ff7862dbcec9b42
random_1874	order	1833422143192	kBONK-USD-PERP	SELL	LIMIT	0.248775082905402149	1539.6911585306						24877508	153969115853	0x2d097e5fca316b88c158ca329983a8fa05d2b79cc5cd9f66db3d18efe69f896	0x9cb8edec182cd08b409c4312a309e7e4cb008be222f5f1680efb04aeab9fe7	0x5ef5a329142c96881491360fa75b692606caa740ea141781fd0daef7a8f98bf
random_1875	order	1731515758352	ETH-USD-PERP	SELL	LIMIT	634274.4555999544599953	6782177.7069011536404						63427445559995	678217770690115	0x1f125fea7abcc13d9cbc183d8b49f9919cfdea9190a461b08d8133c92433e70	0x70ae117c122b1d543eccb7b4045fd9c9656222441ca2997a3a2bd0f364c6736	0x79a4956e34dddbca16f1323bdde9f83438a8ffe0f7ebf80468f28246bcc88c7
random_1876	modify	1760476881959	XRP-USD-PERP	BUY	LIMIT	5001.0953512702091	23.96968131138	79064817160009620265184820458					500109535127	2396968131	0x216ed0c6005c00adbc81c46a6da34bce1575fdddfbdc450c4481cee85c402c6	0x9b1edc82ec16e0009a3233c38359cbd62d059e3b464c58100b6282ddc7faf6	0x1a8b057fa1c8f10c9a5ceb4a8d6db3e0108b231bd2519cc1b82e8810adc3bb0
random_1877	order	1868451547688	DOGE-USD-PERP	BUY	LIMIT	598.061423272739	6122.1791970345221184						59806142327	612217919703	0x611456ecca526aa11880129227ac69fb2d30f3530a7fb8f0def3ed86a878687	0x325f9893bea03f0b65166caa84c4dc7ee0d53c660341c8734013abeadbf19b0	0x4a4c95e0de62faa8597ef53437931589326bccc09e8d951a9fac52ca8af838b
random_1878	order	1739114401933	PAXG-USD-PERP	SELL	LIMIT	537.522874880944958	777483.4542162595323171						53752287488	77748345421625	0x3c8298e40f5b90bf761b7b9f75824b83154d313ebc307c12733813416b17647	0x2ef19581e7f295bf3fcaa6a3c1933ac08504dfad30dec96de32da26b4ae2028	0x6b86fd402734d253abeb79fc670ad5ddfbf91d8cd00cd5ceea21f621defccfb
random_1879	modify	1760875706785	ETH-USD-PERP	SELL	LIMIT	2993.830801499	2920.081153490	4805647797377472807277866					299383080149	292008115349	0x51e1331ab196719a6787ed038ad5479f6196e663a9c40e2002091c3cd68fc22	0x113bf0248d87a16e978c58b8f38939755155e58774ff838ebaee6c18b2f88da	0x141f870bdc357e52ca3e95c6d27755f3bcf79cbee5cda45c085c61033658616
random_1880	order	1711731748837	BTC-USD-PERP	SELL	LIMIT	440.648438317059427	1.484898384424565263						44064843831	148489838	0x359f3784f7934a370fb9c84a330e7e0ddd07b47dafe8d3b205d352672f30b7d	0x5d9535f5cd68255e6a1a9b90681295c9abfcc461dfc62072fcf863befad50d4	0x720b25c7de404e896003cbe73000cbafcc8c94e1132eb0d135244a501c5867
random_1881	order	1843178356457	PAXG-USD-PERP	SELL	LIMIT	0.414342226	9.266423698212						41434222	926642369	0x611665e3f1759ef5d051504567773b3deb581cbaa3adef568b804950ed8297b	0x5a0b82897383b4cd55fd26630c83eed7a89f5fefe2e136c32e69b973c2092fc	0x2a1b7b55571ad3d94a1e43361e367cc8a307dfc7182e243ebcd62c8bd910d12
random_1882	order	1850202629565	kBONK-USD-PERP	SELL	LIMIT	1.3285681309	318011.780893179559						132856813	31801178089317	0x5dfcdfff7093f352310fdd465a6643d4b07e2206833828e8b91ecae290f8b11	0x5b52830ac90795d10add6668dd79f4e92e59b27c8d198a376961f279ec69463	0x4091fb56bd3a63fcc3efce391e3764c5748d22869fbe26fc5d416f870ffe78e
random_1883	order	1827355093302	XRP-USD-PERP	SELL	LIMIT	31.993048840167	6021701.997481397804						3199304884	602170199748139	0x3672dbe47c89f815c961ce8ec9db4cc2cfed658b56d4d0829ecc291b257ee99	0xd766f10ff2318c6e05f6881deaad9c563e2b3e916499c7d00afaacc1365747	0x707dd3987d06d286be17305a5087e23d80ee900d8a461e0d47aeec874660a07
random_1884	modify	1786507797759	DOGE-USD-PERP	SELL	LIMIT	9.59551253257	1542914.500603149706434449	712688699200408695623					959551253	154291450060314	0x20d2212b7e2da62ceba7c363e01a2b518817d8206ec7df41dc4772e3f8793	0x5abdf3c3f4298e9cc0dd1646f82f939b00e5d802f1ee075fb7736fcbb4fe4c4	0x27458458daff9e375d415a9ded052505d46594315d84c5b99a37668a8b4f812
random_1885	order	1869480715826	SOL-USD-PERP	SELL	LIMIT	17142.07838367140912909	0.85716575253018430						1714207838367	85716575	0x4baa8f98da2b871c31b122f700f1940c0279bf64de9aee3f75594e8b0782e63	0x70e2ed33c25586755b951ff1847624c12c46e5c1fedd91ec6c93646d4edbb61	0x2e757875b23eb9de067fe1a6aa6c5fbe8e9d2cda57702ee19254b902e218cf9
random_1886	order	1798370309422	ETH-USD-PERP	SELL	LIMIT	25715.4384959623550	5.236584478632						2571543849596	523658447	0x5e87865b1d24a3c7ccbc314d90f9b912bc63b86118a8067bf806b4d885d33c1	0x48a7f4ad0435d1f1eeadef39335c34eb3e098ce593c03ec49674b0f4dc3509e	0x73a00c62525f32a7f8a73bb1a54f571ef9fff68550134f73a712f339f3e47b4
random_1887	order	1794801439322	BTC-USD-PERP	BUY	LIMIT	11994.99242415531970	0.307390284600						1199499242415	30739028	0x14959ed5b0544f7bdd2cad6f258205c0a1f81007f7a3881f60b1bdc71693672	0x7261b928ad21f8c2f5bb4c7b6e8d325a9e6ad8098d0b0745e0ea6fc17e32cd2	0x1c74f5a8ff3ab4978871d9e00419fed4e81c56dd630931fcc72477cb3c24c8d
random_1888	order	1875746062358	DOGE-USD-PERP	BUY	LIMIT	69072.033115441824115210	0.542634151593617						6907203311544	54263415	0x4e96049db0efda450b3993a036217b45c7409513bf0f5b2f726b485d3e4862c	0x50d2bea4403def096166daa4059a13de7dee08842f1ff2cd1783a66d54c5e3a	0x516ee54ec43cb5286df2b1f54c99f773cc22755fa4f0efbb092a2c87e13307a
random_1889	order	1708566140277	ETH-USD-PERP	BUY	LIMIT	62.92490018371888	2832756.699131709						6292490018	283275669913170	0x5e6c52af151c47b726aacd9e6f154b6bd7900b1ad016d1d49036e6e139103f2	0x43783e0d81f048364aaf96c7bd4a75f5842bd1ae4d5d7de74d248d7ccb96763	0x44b9a03d39d4742728d8ffbc897b8d9f120d62af17084df09f3a6f2a63d94cb
random_1890	order	1769911402389	ETH-USD-PERP	SELL	LIMIT	0.259025351389249	300033.89484588380819						25902535	30003389484588	0xeba4551a8d172cb1790ffdba2717449bd55082809f6473edb1dfc6c63f128	0x1238d8fca9de8e34097054bd00cf656db9c4838efde761f52218d88d8f85c6e	0x787c45398398965493c7f5833db7948a4bb1becaddadbce401e69002200ca83
random_1891	order	1839455569043	SOL-USD-PERP	SELL	LIMIT	0.613384258545581811	2740.634575509817491029						61338425	274063457550	0x497c7434b92c003e4b1df48f85a00b4328888102ef586337f1edfc7daa52c4e	0x35794291190ab4f5844a171f5ea24380a2d60d5322ed3eef1806129560c08d6	0xda9b333117813f3ee3bc0e690e1443355b6cce5ac1c9fc35cbc06dc1c78daa
random_1892	order	1783232822897	BTC-USD-PERP	SELL	MARKET	2.0881135716490							208811357	0	0x6f5e4828a7db3b000a486d82935cb103b84f3d92ca9223f9edc91a25e65863a	0x5e67ae8681d948cf99185849190c45bededd77b09e37abfce0f82558fedb04e	0x2e9d891a8f9d128774902b2187665ef3828a549c87525d0db0167530af0bbbf
random_1893	order	1871658874894	HYPE-USD-PERP	BUY	MARKET	120156.1091591321							12015610915913	0	0x1499f643934939d2812f5f24805174b768b7b3faa93bfe0fd7366c80789d01e	0x7745d539fd822aabaf70388ea8d5a27bee021ed1343872f91ce56f96f5d3204	0x1015a24cb2ab5b9c7ec80a0fc357880b60ff04d8f3587e2e223dd8baa54e3df
random_1894	order	1850993566423	BTC-USD-PERP	SELL	LIMIT	83862.385090815	32.53091873875						8386238509081	3253091873	0x554f58b14002773a2bea3b49342b421f47f57b2682f9c7902b7abe55a30bc7b	0xb085a6c57cc2d4f747626a6487c6b6b6abc4f0706c06d17495ac226d25fc55	0x6de80185fd612c3a870f95a6482fc12ef634125e985c53c4a78eda059d10d08
random_1895	order	1729785509689	SOL-USD-PERP	BUY	LIMIT	0.91120399371062	3.239735353899465						91120399	323973535	0x6fa12131da82d5e60f8223de87861a7ead1547d8a87d1dc8f730d14c45fa7b3	0x5b4050261e090e8c0cba669c2af390c852d13fe45cc07b9f8821943610df697	0x765cf3b7fad98f0e9d9d50f5009bbcedbb5a4e593c833d4f4de7dd5466da5fe
random_1896	order	1737781745844	kBONK-USD-PERP	SELL	LIMIT	630.4701800464	2.86850574256986						63047018004	286850574	0x10ea626bb470c214a4888bba45d8b22ceeab5968b8b37c38cb25600be87ac8d	0x7d0c6d4daee5d8db39b7daaee32c68438ef8dd57227995cf75136fc041a2a05	0x74e8f1d112fb28dbbbf99036a578418206a56150fc744ac48d8122ba731d376
random_1897	order	1717168514328	PAXG-USD-PERP	BUY	MARKET	0.8351743609563711							83517436	0	0x4618a1e353ba884b42e99dba00afc9e80d7dfcd3ddcf1918fd61a87eec1b4ee	0x60f395e73550ed0c4b76f502875ef17b83ff9a17f6fd87988040bd6c7c8c7f1	0x6a2986df4f190e13733889acf4758a6931890130d5f6d461313f5d84392167e
random_1898	order	1846002848839	DOGE-USD-PERP	SELL	LIMIT	5064.6336879545805	0.260956828901						506463368795	26095682	0x6cdbe3a3c9682709d2f317952e6a0a013ffa7ce696093344af8fd705118146e	0x11d83e7c48b19e275759cf4379ddd5565f4e5a51482f322c887d3bbec3b656a	0x60d8322a487d210292b52c6df5830eb9257459f860e0c301f1ab353a466991a
random_1899	order	1880711873010	DOGE-USD-PERP	SELL	LIMIT	218.7167303088929745	881535.226338516822704988						21871673030	88153522633851	0x2a21ca88936964e66cb50febeb3ee1e02828077b77264b8b55d5ea0314747dc	0x621cfd1e07cf0787cbd839b77aac7f8fdd67bb932546e2afaf759e8836ce2a1	0x4a6e9bf891b3f43b06cb6a210ed3dd870ccaee4bb059b18cc4725d1ef640938
random_1900	modify	1873504142146	kBONK-USD-PERP	BUY	LIMIT	707354.80980353463114107	799.96921371363911162	79618408108650903758498					70735480980353	79996921371	0x64ba39f1f1676e00fdf501c70c2ea0654cc2c1de75f2c5e30176451e3f9aa9d	0x4db6ee70a3bb6e1f9206b56c34c2280d0644a89b91889a1cccf2583837c1320	0x54fa6bd997127ba4ad3c8dc96774953a2f67d2c003bf270661f267cf66a86ff
random_1901	modify	1895963767231	SOL-USD-PERP	BUY	LIMIT	0.872774317881288297	0.991368711656514086	876406828410168993067206636					87277431	99136871	0x1adba28b608141b8c87f74ab96ecf9e0246a3ffbd47dd622e632764931de10c	0x3deb9fe90a5716607d2d258e7a7202f81183ddeee2126024288a495e77dda5f	0x4eb2601e01bd18767c478c60f570b96b5065f0f35f44c024566d0253185d8a6
random_1902	order	1802685797648	XRP-USD-PERP	BUY	LIMIT	3.25472826087210711	4.8771338531419491						325472826	487713385	0x56bd9b12441bfb380a05a55afa0857a25912e97693408d9a44c44931df32188	0x3f7534da32daf5aacfdb9c395ace76267c7c2c26ceda0736f0753de8e6f13a7	0x6955cad26b42b6a7b0794421a6cdb23292c2ae28fcd4ef42a4d61f2a5ea89ec
random_1903	order	1889034889265	HYPE-USD-PERP	BUY	MARKET	53288.0662403639032391							5328806624036	0	0x33e35e115251377a47d094d213657648d95215beea0bc12dc15c86427a1cd59	0x8865d5f426cd72776d33c234cdc31bd40fc4704799d612ac0f4e40f7e8c87d	0x68be99d9f8e3d54fc44e36a3b8e90ee348bbbd49b5e13bbd31c0ddb1078340
random_1904	order	1704278241446	SOL-USD-PERP	SELL	LIMIT	9.66407899824	330817.23570487329207368						966407899	33081723570487	0x1591e3a67f992756c430b5b61df8a8140ba1b33778fba7b62be3304ac353c37	0x2566d2851ea9f77f35d5edfd0bb6b2d16e15d30e121aa2fd95d853b8e2bf7e	0x7b0f6b807f68c6b6f215c8649558875fec9569859cebb0ed5927426a3aa4023
random_1905	order	1827477689411	BTC-USD-PERP	SELL	LIMIT	0.127814069696996643	2235.81222989944783440						12781406	223581222989	0x4d503779683af2bc04b3726da71d8e14b99c08906203d7bb72e7cbaf07b0d20	0x7025f6e341070d292a8aded1b1ea4f0be2e62572587ffd7534826fd524e9175	0x61481b88ef6766c5fdb09f9127577d11a41f8386634a5a500b38a6fce60f61b
random_1906	order	1879368636778	HYPE-USD-PERP	SELL	LIMIT	5820.5036793696411854	0.5534244766258687						582050367936	55342447	0x25188828e8b43be44f2fbf7eb3a5a6e10e3439923a789b1eea6eca4f02d823e	0x101335c6a95c03717d892eea6056958714bd063e9934749c0f2ceba06332c88	0x440394ed9d1daca723fa883a054db5acab69e90a2271a75547e81864fbe210d
random_1907	order	1778527155030	BTC-USD-PERP	SELL	LIMIT	7390.8651061366262	9.8495584208984315						739086510613	984955842	0x27d116b0440e00526b95c75dd2b902cd91fa1ce3300c8123a9a348b4b253012	0x30716607d0ff89f37a0f6f9e39da6ca68a1a69d2aa27357093022ef262ef3e	0x25bdb45acb38aed34e5811b299516a19f30f295081715714a3a205310bdea7f
random_1908	modify	1769812064130	PAXG-USD-PERP	BUY	LIMIT	86162.034064380060692	8620.13900799382	1421473101945404450482061					8616203406438	862013900799	0x258774dc147653341b84e2707197daefe9867b1c9bad4284876e6559af1d64b	0x2253f53cb5bfa3822cdef03773be34f8febfc7498a63bf986fd6487f40c2d2	0x176a437eed40a0e2bbeaebc2fedf5d1afef5c8cd7ea712dd229c855a0abf24d
random_1909	modify	1732549469003	PAXG-USD-PERP	SELL	LIMIT	2.0772592208516	401316.976739520	126749500935309929315					207725922	40131697673952	0x2d887009b72c478d16e88456dd08a9d1800920531a763777cb75794f595587	0x544970f959bd9f21f675cdcbbf13cd79ea3614d65b515ba925c49ade0437808	0x6a3cc9399cac86ff37d36b2c2765010f577160aa3b6d1a43905f94b39eedec5
random_1910	order	1777341819647	DOGE-USD-PERP	BUY	LIMIT	19.397075661808	85341.70611157664792						1939707566	8534170611157	0x1ffd42cb199b2849b95ce0df47d64c24aca5dfb127dc85a699a37e835b10e59	0x74345e897280eb0d6ec2ad079349b44635ce2f1def2468abf23da356efd7229	0x746b74ca5a2d8ceab9d6201d485c74184112917b5e112a26a5491dfd762871f
random_1911	order	1759939416323	HYPE-USD-PERP	BUY	LIMIT	1636.98698381736	2643403.871795120078014117						163698698381	264340387179512	0x67b95d52e110971eca162695c8594bdbb369c888790bd299a6ed6148e634874	0x571cc6e40fe44b5c808d93741d436bdb4eb554f7da3a4cfc945e3f5092de5d4	0x556e2fb6cfba00eb0527e92749952c4ed1dc42961e95250b4281c012a7ad057
random_1912	modify	1728951421174	ETH-USD-PERP	BUY	LIMIT	6.71863684608756846	252.93729026895474044	3427215668367088060210					671863684	25293729026	0x227a772e55c3a0d54efab5773b1ae80d5aaed429f713550db3ee13f8c51ceb8	0xcc7a99ec8e0214db11854b9cd5f9a7ff349b4dd87cba7d368ea624a7831e2c	0x71147e20aac56b51b661292ab083fae89ce474c5f8f45346ada09dd89c9e942
random_1913	order	1710103274792	SOL-USD-PERP	SELL	MARKET	120.82826777714							12082826777	0	0x534709704b9850f1ffbafa0a9e74c9202b2cdd25e442aaedfb30c971d04345a	0x7595b9299326a66df0c4b0fcd74222a12a5b17707e3054abc3996202fcada90	0x53ef3cccb0ed7ccdee51519d27150249da570cc3c0e900ede697403625cb816
random_1914	order	1816001413868	DOGE-USD-PERP	SELL	LIMIT	260.0873110075079	96903.12836930053						26008731100	9690312836930	0x6d606c974819b2c28cd72b6f377bec8a0d6896ca9ddea8299e7d762a6b4a905	0x598d369a631aadfaf2d9df6dc5381054ecabc5a8203d3a76b54b0b9f9b67b81	0x4c1fb9864c87df91c84e00ce1187bbab0f824553600a9a029fca89c50f673d8
random_1915	order	1812097480806	BTC-USD-PERP	SELL	LIMIT	1041.20579581583964	50035.29977645198						104120579581	5003529977645	0x112bf5897e28fe0839a8c09470fee432db69fe3fa1790c8af0fa660b6bbae82	0x600bc5e32a444003e822625f8da73c9c264ed727cc9f20df5c0185bbe7cc43b	0xddef61f340d51ec9016bbd74d07b36cfe96ec7d6ae0e7b5e6e3415c8f40539
random_1916	modify	1893971779086	BTC-USD-PERP	BUY	LIMIT	0.80028875944	450.470503497936616	7170190141552395248948986					80028875	45047050349	0xb805d313e7928e9e50875c423d46a9185f4b05449019b4e9657ecd4434c88b	0x550cee2ff9c521e58cd7737959065aa4e36a87e45a39b167317613627db8340	0x232c4109efa89c60ce1b0835b682704d0bda8fed75d1eb8fd31e11c2eb19608
random_1917	order	1891742221956	ETH-USD-PERP	BUY	LIMIT	0.1586771689218593	6568782.3503927343940213						15867716	656878235039273	0x2fd63d1e116f9499c825eef35f2e2a8e2f996dab4f9feebd71d544004fc5791	0x3e8a64263a4152364ed8e1da8f213a3865b18ef19b50ccc05548846caf1d74e	0x26d283e7106ea54f76a34f5e03b77e76f1fcaf1e25b405289bc428ce45899bb
random_1918	order	1796982894906	SOL-USD-PERP	SELL	LIMIT	869634.1921076937	727.7802103899						86963419210769	72778021038	0x55f482644b2761b4a7e9bc000001dce8148a410431f25739d7a973bb6883f3b	0x6a64b1c9ece04d2bc9968fafa99503ef0e01ea9b4e9c43baa0862304e93ee89	0x64dadb6a82bf063724876ebb8a3d700f221d55600cfafefa278dd6399135756
random_1919	order	1895083071046	BTC-USD-PERP	SELL	LIMIT	246607.826121870668268	0.8881286979						24660782612187	88812869	0x1c548f11fed817174c99b1efe21601ca94f24224af321b6c6481e85322a01b3	0x2a8815ac465bc12d952c25d2b77104e486f8b360e7a6148d9219ca07bec97ab	0x403317f32f54928853cd0b4a502162bc81cbb24563729f294e8a19890fc8da2
random_1920	modify	1831232320615	kBONK-USD-PERP	BUY	LIMIT	839.1785900289426284	38.068973839442790465	94353841712675672990318					83917859002	3806897383	0x6390b84a9031fbe75c64f8ef885bbbe2c1d14b5402827ea690d03a1c4ffc52f	0x6a95db2acfebed8c7107c3aad497819e47f4e326887b3846ede04903d9a054	0x3d4ad990db2cead884b66e4e06d9c5caad8d1e17035cd56e5793da4571729c
random_1921	order	1808544873454	PAXG-USD-PERP	BUY	LIMIT	0.3271812382728	4401490.002424788						32718123	440149000242478	0x348f27d5d0292dedef4f0e7e4dc816228a2a52a340f3c6a56f9d68123c58ec4	0x25f10302b83c7e564984ac86fe3b9ec1e09995f2a76a220eb570b1240184f21	0x7690993effff4c97f37a17fef5d1d45e012045b86742fc63069eb9c9be4271f
random_1922	order	1740968855127	HYPE-USD-PERP	SELL	LIMIT	39030.90721449756	0.72017666076390						3903090721449	72017666	0x485d14d9e8609e30345fa7d677771a5f5b933d2ee1eb933e6a55dd1af1106ad	0x658ba2a10d1ed24acdc509a8d7e1341a3a173ce2c5addfb85704ae933f63e00	0x3aa6a138fc59023ae2c6b41eec8ecefe5e178443e1837e3b25f004f764aae20
random_1923	order	1717409861591	XRP-USD-PERP	BUY	LIMIT	0.044525751345684	434.081633290						4452575	43408163329	0x4157768f74b0fdf3a4e663cda4549f93beb0b5cd22d5d75f383cb56b2336b0a	0x43a37e2491e7ffa1045a773d78e1175e690b51802135bacd31a47a2557921df	0x767e74da45472ee680a199d26518b4e4002d3f056d7345e09e150752f1dfa3e
random_1924	order	1844885971598	SOL-USD-PERP	SELL	MARKET	4755.147053217702							475514705321	0	0x143a2b4b11a8dfbdde4e7b3b3a6158222a70722043dddf79f6e3b2323db0ec	0xb4acbd1cadafdc615526114ea035a780744aa78993bf5a70c3f34618f4cd5a	0x27b359dcc5b4eee33ed64b19fae529d42690d68d7a6189a33a1263253510e0d
random_1925	order	1864773478626	XRP-USD-PERP	BUY	LIMIT	0.504482321492893	7626.724792337916877						50448232	762672479233	0x1ed45149415a551a39b3a93a206d45de005c70729fad65d9978e5cf75727b1c	0x38e85946954fbbca98fcf6ae5eacc86b8c6c8f7082a5c109d352c3655adfc3f	0x9febe79d238884ce6129ad3a74fd36814330699a36d2a789cd00fb01b00b91
random_1926	order	1817710560670	kBONK-USD-PERP	BUY	LIMIT	652.29705991031	81.489869076497748159						65229705991	8148986907	0xfb2c54f013cf9ffa78888b8adc759e9f162b55c91c850cc1b871e3d9e9560f	0x1f11190cd3a1ce20bd79c6bbb03c2b7294128dfba66e4570c4340ab0168eed	0x22506b14e3f74d4d5f9f888ed53f2f456fb91c213b3e89e5802364f5c6d1d62
random_1927	order	1779558186561	ETH-USD-PERP	BUY	LIMIT	4.902195383850644	99.3223690567						490219538	9932236905	0x639ec2b3b2f524669750a9f34e15c67c13444ab743a3d85f07f46fdca95c792	0x4b88269588742edb842fc5d8db47729d22adcb412745f8b65fc60f2535be811	0x25fdd18bd0d6fd07e0c93d9fba411f1da33c07e0adf66c8182a3fec721d1ed7
random_1928	order	1725024140964	BTC-USD-PERP	BUY	LIMIT	0.4250671375683	797.292443594						42506713	79729244359	0x3c7c95af85104490bb1304a1d56d305e98eb29e92fc91e96063ce88eee19563	0x47d77cda5dd9cd922fba4779323eded7af2288c4792fa474bf8e29da2abc4d9	0x7a47e0fc5b8267ca3fa6adfd612e87831691e6421583d90ef1fccc4c81f31c2
random_1929	order	1883086801623	DOGE-USD-PERP	SELL	LIMIT	0.863747018	518678.601721720						86374701	51867860172172	0x6226047d3994a9ee9e3fe5fba40f1b33e552f3e226900e537dd332f4e7f31c5	0x36bc2465028d789634f2a52d517b2b0ec1415143749f4abe9cb522c760cabf8	0x7a566216316c41a5143cb86b67bd0f218e011981cddb5a0f7d97c87de0eac18
random_1930	modify	1810123771184	ETH-USD-PERP	SELL	LIMIT	1936.686056012878211	3069.643547136440223892	548974424165702748341					193668605601	306964354713	0x2b3fb00fb542a49d6fbcae11085b402aa223e06958eefa4df5c1223c3529924	0x2b6ad11665f75a8b3a4faf39aa9c84486b022448d23ae7fc9df55beb51e59ff	0xa2909114a6c92258d7c43c1d58218db19ddce5dd77825afb636f61a25e20d9
random_1931	order	1788665114480	PAXG-USD-PERP	BUY	LIMIT	8355.854355614679	29539.1898520817075						835585435561	2953918985208	0x71e7393f037209ff0fcb14033eb84b80e6126f8e1b2431fc72998ce7e914456	0x67857d26670003278b66a11c2495ba227aa3850af7e586e22bbc5c46919e532	0x3b9c444fdf487d4910e611286e177bd75d8f0536de1fecbe127a184fb3ac412
random_1932	order	1874328118071	XRP-USD-PERP	SELL	LIMIT	3.408178565	7302.71987151497348893						340817856	730271987151	0x310c8e089b8005ababdc2e2358ea202baa6de877b74f945728ce3a814ab7cad	0x7d744f6d81048c2ced839b70d3ff5cc8c8ed670401d261b1244cab3ce9b78e1	0xa3d34eed8ac9812018b7cc3f9e9684392593639631a00cf8a487524c799fa8
random_1933	modify	1815207990190	BTC-USD-PERP	BUY	LIMIT	1198.8725283378	430286.54447225192181	263244984641256581500801983					119887252833	43028654447225	0x66433f991ae5d7d327c3f9f2554935f214363694b8a7c54b503e5962bdcc754	0x42712fea64fd10045b5e669fc319a421e4de92e8ee5a47fbd8da8e874f1c3a8	0x1d7ef6a40560ea53ca369878a52a459643835bd7ce53533f7d807256de23373
random_1934	modify	1881819651113	DOGE-USD-PERP	BUY	LIMIT	7986.0420931914	1.917427466391060	3793782483862530919339063					798604209319	191742746	0x46a1b3e33aa12d22b9db3e47f98aa6384abb442cd280d8c1f4efa91b9a49fe7	0x67b58948830ba00540957b3a6fe7cf444ede9898b3a81b993b0fa43b7f63667	0x58b36c1b117e208d01e1feecc0a33b44178dfed2b3400b072ba3e8182e485bd
random_1935	order	1700907618949	ETH-USD-PERP	SELL	LIMIT	7.75754448736	69.647835120						775754448	6964783512	0x6c5700751b1772561faee0073eec0de8710259686530097b42d65359c04a0e1	0x319e5c37cc2f35e2bfe63a6a15bf7e15a71db5d69b7c552e8250ef336cb0368	0x1474500ca94f5795e6c76c7002aa548fb39273ecca0659d5e6b4e950bfcbae7
random_1936	order	1740069915687	HYPE-USD-PERP	BUY	LIMIT	0.411825421613082691	6.9074979295						41182542	690749792	0x47edd5f1eb71a78d756e002e8cb528aa7cdbbb67f455efc9fc926ff31d04abf	0x57ae964104fe98b3acdd4d3fefa9449214f1322a070df2872d0616000eb684f	0x53fd53c91b02ce49515e967a78609416092943546f53e7b357846c9710fceeb
random_1937	order	1771407211356	BTC-USD-PERP	BUY	LIMIT	5421.582068728	7219.373331217341563096						542158206872	721937333121	0x6b0c7fc476e8dacc217ac3e1236d0d94fa467af7b0088d1704b6abbe3fd0b86	0x627396697489ce66ab66f3067687804295ad2ac5806ccc74ecc1dd36d71c8c2	0x229e5db55cacbe5279e94454db868532e8791072b6e380ac8b6f0dc77d846ef
random_1938	order	1811439869014	XRP-USD-PERP	BUY	LIMIT	9.9434263222255879	0.1285340968878						994342632	12853409	0xd6ea0f9471d530ca5b20fb16db78325daffce4761c068bf88f8c27ceefeff0	0x77e78d03145f65cc0f83446f6ba26b577aafce48f22830c818131ece0373fe0	0x685226a7b7ae5d3ba2a59c4a97852d48726b19e03ad8655c5b29227227fc13c
random_1939	modify	1753787520784	BTC-USD-PERP	SELL	LIMIT	95.352806527994571176	57.301300254292275	108851740005866287516					9535280652	5730130025	0x61df4f31e5d5dae7d0d6c81ae789df6a629e808027d9ce50b63d0e90fefcb0b	0x281bcd84bbccc4436901024e9b976c2038d9159084f3ba67a7473891de4a5cc	0x3dda7cfa41212af40867cd9e9e6515829cd8ae5c2d578df39c7595969cb6883
random_1940	order	1700501424943	HYPE-USD-PERP	SELL	LIMIT	62083.9120832558027018	538.0694803103676						6208391208325	53806948031	0x42960aa949bd12c67025b074a6c0ed5ed8926dc84877ffbd0311685013da76a	0x2e0df36cbec8ff46e826692a9d3f140b515726efd43a0b2fb8858d95e21c73f	0x3b46ea52e9044c72877af1b233aa554919c80d7bf9bf8346118b8d44371536
random_1941	order	1838681968393	kBONK-USD-PERP	BUY	LIMIT	0.093040493650263	6398.644514332528476						9304049	639864451433	0x8f643af8866443426590e7ea271f0754fbd54dd93308732b2354d61511d620	0x298e687a872af43030b456b9878e190747fa1306ef0cb0f8556d03495b65f89	0x3c739149dd92b72dad529f3de3ac15897239d2448fb20194187cae7870ce303
random_1942	order	1837125057892	HYPE-USD-PERP	BUY	LIMIT	8468.79378869370379684	85.7402798998840670						846879378869	8574027989	0x247a020a3ca473047c078929b17255b956a3a5db90cf0a2098b34dea72cc116	0x210349e5649814a42c3bfa3ed0de576f53438b2028ec8fd6e200acef179d218	0x79fa957ea4265381157d0dc4d0b1338ac50d1c193a2b42d07670ecaea6a0d95
random_1943	order	1821783136412	HYPE-USD-PERP	BUY	LIMIT	0.163469211230642	34.7636876814						16346921	3476368768	0x41dfa8518da3585d665beb4d4b72d61f7134055948e532456ed603f36ba5d9f	0x5e895e11e88031247831991c6f203548f8149570823a94a45ad61bd8c2619	0x9c77c18c440e2efeb0fcaf50858c7d112052cb6ecaef831ec36dc3f3703ad3
random_1944	modify	1848304511644	ETH-USD-PERP	BUY	LIMIT	443494.576197009	756.627445302130063	17122677748892229399					44349457619700	75662744530	0x5dea6dcd9be29bbf92c533deb3e8b663fc945c0a2c31d3b452c564de6825d7e	0x209e155ffe4098ffe02b81a76744d9e9731827aab882cfc6a4a77a9d16025ee	0x73668154ce4a001c03e0d6b30344463e36d107ecc21ed2b5d8e36bddf24296
random_1945	order	1749631520042	kBONK-USD-PERP	SELL	LIMIT	0.535525984	0.4599885838242						53552598	45998858	0x1f2f6f3d06f4e97fc074fe8962d13ea68dc82fe693a9b05ce52d22f0407fc50	0x258f1c095b06cd9655992d351d6cc514f825ecc2034153bf7cdfff01cc0200d	0x6d43231fe8d54b0342351a64507a1116320c44816310969985f3e8d9602a2ea
random_1946	order	1832320772631	ETH-USD-PERP	BUY	LIMIT	166.7849750829835	6.1465155383861657						16678497508	614651553	0x49151d88bf452f003602af2884e0525af976adbea47492c4ed2d3b0217d8ad9	0x56d49537bfbdc8505d9525c3177f5a2e31044577abb4e396121c095baa6de19	0x56027c48bf6a9528424becec969b0949bbcaccd13cc0b025a505e58af31c9be
random_1947	order	1844067802503	PAXG-USD-PERP	BUY	LIMIT	779.661109578841220067	7603674.63340201797951897						77966110957	760367463340201	0x206f8cde1fbaec786e4311e6a231d79bedd0337fe1ef8bfed9c525c41f8e430	0x36a32f2193236699949d0b49bc80ec9f7f1217418bb085fb9b04620b716616e	0x1a820be0843305e7a9f4356ef9805f336ad91d384c0c23d02776f4c4cad71d1
random_1948	order	1702612723379	DOGE-USD-PERP	SELL	LIMIT	3.55909496309457249	1986.0634476529						355909496	198606344765	0x4079a2386ef718e0f2dc5ffeda393667c559ae16fa02006c100fde1a6c0ce63	0x3bb21c582957503cbb1f51cc80aef488ff8c3c1ac9010ea4f4b5ebec1b007f9	0x699a27c0729a2d8c9cff539fca00b304e20b42ec48aae16a1c1faa647279d2
random_1949	order	1750424886925	XRP-USD-PERP	SELL	LIMIT	0.8442795519981	381705.1003777816112						84427955	38170510037778	0x7eeb76c8183b6b1edcf0b129e8d5f4813912fc87142ac80c1eea7640b3ddc85	0x4c1b69726f1325332fe48b9fbeea1915ee25340208981a6370ec051ea31a256	0x40352830d11d2d0df2583fae5784b0026e46dc8ca7eb7f6de4b225a635e5228
random_1950	order	1860075475477	SOL-USD-PERP	SELL	LIMIT	2143.3967923431072861	3926178.483798893409568488						214339679234	392617848379889	0x58ecfed18038acee71a53727e3cc01d7d870313841d0fb3795a58f6969a5d68	0x947074d547aa47decb7dd43436a52d8e28abbb57e9169898d4709c54322539	0x200c1d94885d0dfc1133869adb0837a51f61aaa007d2f39a6f519930c778c0e
random_1951	order	1866988428012	HYPE-USD-PERP	SELL	MARKET	71239.10020295861988214							7123910020295	0	0x7cc8622873ab1e53a71aee4a3cfa144fc2e41a73a30ef473a9831888cd7a45a	0x4af7cc8f81595144fc80db5f1a5c3df55b991c28c31300e3b7ac0c17350a93c	0x645a2528ab5d4ed050dc2dad5c23c44aaad4ba6db1be95186a229a05f7dcf9a
random_1952	order	1784638424941	BTC-USD-PERP	BUY	LIMIT	363735.78071542963	791.35737974068935081						36373578071542	79135737974	0x7185e578836d12c9683211ed491befe57f7937cfde033b66bef3ee0b64c2880	0x67b57779484bfe74bd4ddf41f3769a6af633560c217c701d052980311cb4476	0x417730a4460f03e30db2437c9149a2599d7f8b7fb411a82f0ee315fa6d7e4c9
random_1953	order	1751712844926	kBONK-USD-PERP	BUY	MARKET	94373.340673605453							9437334067360	0	0x271c2dfa4ecd5e5d173d778e95e50cef4ba86915436defc96d9f5d87645593c	0x19a57817ea3224644c1b0c93e6a74e62b37ea6d670a7dc81a8ec4c3f1062481	0x13c11de80fc0170b9de4be023ca0e2acf97d35a85c6bd04df166fb56db0d0ca
random_1954	order	1844490099076	DOGE-USD-PERP	BUY	LIMIT	142127.85232697217463295	94.1678971126						14212785232697	9416789711	0x64249cf86e3e3c79731d1c9780e8b022098e6a57b689af59bdf2f0bea93f7c8	0x7226396f2af6437245ff64da33eb6fe35470cf26b5d977789f76e3649393e44	0x6d45d42621605dcecbf554bb5dc3fe040e34d569d0ec2c6e0d42f3ebe25f7b3
random_1955	order	1868150233439	kBONK-USD-PERP	SELL	LIMIT	5172.4897075421593650	9.6919949260966						517248970754	969199492	0xfd45c9a49015a0c6bbeabd3a24fa4b5580dc79884c6dbaa10168514685b455	0x422f1984e88a4971f951856781a4e5e7f7881f67a79360c729a5d98341caf10	0x715c5ec3e1bf615a75c833b9c4e2b74d1bfcf51c410dd75ccf82ca252f87fee
random_1956	order	1737939106722	BTC-USD-PERP	SELL	MARKET	83.3823895522							8338238955	0	0x44b8e6275fa3f41d06f1fa921945594b458ed4bedde990f3560c0a2edc852b4	0x2a45b2d18d9570adc52d28f09671660ff0392d6717e35180580859a455aac27	0x4bf674b638a3f43f6e46ade35b48fe68f09bf139e8b4313876e3eed50c6931b
random_1957	order	1715670395074	PAXG-USD-PERP	BUY	LIMIT	6.4981214134744398	51418.652163903						649812141	5141865216390	0x66732473fee4a138561e3f1f9a435b1f5b2b7d566d1d32e0af9bf91fd61c6f1	0x61f5d059be4abc0a105e3b93f97b665a186c8c97941cad2c1eb9ecd32cb1d96	0x2db63f8b512c86aa72dbbec9a7d9d64d6b2e6573242c129c8b8e14f36522c5a
random_1958	order	1857882206709	ETH-USD-PERP	SELL	LIMIT	0.383093503219	38.909124773636327						38309350	3890912477	0x205564adf8920f4803fe9ae5b5ffd2aade86ff109bdfb13d1eb5a16c98a6169	0x12a8e26b73f8ec8314a4c6ae8f90c00ad7760b194f7d172332cc09745153f64	0x3f03f4e79d38b6449e0eb63d460f8b5ad2a8a847b766cbbe76652eb70e03cd5
random_1959	order	1752478532437	SOL-USD-PERP	BUY	LIMIT	696342.2315506790069	56111.171688517						69634223155067	5611117168851	0x4766c3446c4b7feb474b1970c940b618fcb60f58e4e340b3718419f3e48dcd8	0x598a28f3cc1d13321d96624b660912caa4d2d6dd281933065bbcccb0b41ba4c	0x6ccaaed355ceccf1f26488a0e0558b96e292604c42134643d6169bc49041b0f
random_1960	modify	1815321292671	kBONK-USD-PERP	SELL	LIMIT	0.796124535424621008	700964.4238235151558	95260877659889066224429691					79612453	70096442382351	0x912bab9ff925623d2c75318d1c0a07689e0e701695c48aaa1410ee01766fb1	0x33f256dfc81e29ea72b7d4b73316b3c0f539765a7d595534b9635c4157d572a	0x16bf48e1f8bc2aba44132e2d2c079ccef25737ed57fa806149585c8935265cd
random_1961	order	1829424589334	HYPE-USD-PERP	BUY	LIMIT	973615.974101195157482	6.7170436890						97361597410119	671704368	0x14e420213f3c09de357aaf5833d7201f93c6435bc0f2ed75e1da9fa6de50f99	0x4c672576ff48b3da11169a56cefaf4090407ea0d14acc3c7156c777187f4498	0x4884841ffde75d906fc1643bf4c7bd1acf3b75eabd163a56b7874c3e6c7a873
random_1962	order	1729115879004	HYPE-USD-PERP	SELL	MARKET	147200.819673022461							14720081967302	0	0x150a250e5a0a58039937055dbddb34a6889ca44a977e20bccff9bb8f9d68409	0x4517288933e007de05564cc8bdb3aa7b74903051f26e9f5e47fcd797b3c2bcf	0x4e9427a4d623965544653970e5778d748351da8d75377d301b9cac82faa1307
random_1963	order	1797171641247	PAXG-USD-PERP	SELL	LIMIT	1531.0170885318141	1412.03280800837815809						153101708853	141203280800	0x131d26cb0126966e39d5bc26c88f68c3fa5bb3fbc888a0a1180eeaa1981884a	0x60b407d27e2d8ab3ac9ed8f4ed65bc0c0ad89f69403333caebdfd64f735a932	0x2e54304b9ccfc46e8a9260a1f3e6f2bba6dcf312693bd6179fd0eeabb9f18e4
random_1964	modify	1820978013851	ETH-USD-PERP	SELL	LIMIT	0.536692435770	675715.976328117166	305367091986081955140					53669243	67571597632811	0x65e67fd9ac224265dbb6d63dce420ed74305133fc2d7da256ca437f70d0775b	0x134c4892a922383333b606505a9d6d4c0049f510c867b847f74669e3bcf735e	0x694c44bd27820ef03d3c199052a65f157831eaecf36a2d1a8dac7b64d59113f
random_1965	order	1837835482162	XRP-USD-PERP	BUY	LIMIT	15.82675226803550	0.52713128028804						1582675226	52713128	0x420a63a1f0926eecb8d57e24b0664618ee3d84a1cac8faac7ea9365ef011e3e	0x39c5cca5af0c6ca2beea77c606cac319b627c95972774788b6b2bc36d961a6c	0x8b5c941b9e9590fe342b4d509bf38db4a5a1cd64affed7cb213120e57fbc50
random_1966	order	1770858364468	HYPE-USD-PERP	SELL	LIMIT	8.2969855112	56.314415820302148852						829698551	5631441582	0x3470f0e5cd18363321945c521a31f1013c410ced1ee431a754fb4b037472d23	0x7942af73ef8b9d2a35bb86e2c33cbeff9ad166400ed537f8750809137952c43	0x2e09e6166ba32c102da58ad42a9f84366a938edf5968ab3f2d77f9e0c1e3a1b
random_1967	order	1873710682823	HYPE-USD-PERP	BUY	LIMIT	574.38683488501	0.2787080327						57438683488	27870803	0x22634a2d0a77028c536a64e8b32c97b151527e17f4d9aabad0a68819b631385	0x2358c5a165bbd695c22d3cafbf59b5f2b3287d1030fc57aa880fd05302ab2e0	0x3a8edf6a709244b9bb505016a397832982b71b6c5e9d5c9ef3a08b40dfa804d
random_1968	order	1832008246061	SOL-USD-PERP	BUY	MARKET	931958.9124480908571731							93195891244809	0	0x112986b9b6629cbb752f1a889c9d89c7f317454957e471a8f776f42cb61a93	0x753859edb653a18af1ecb324f4e21241a64bb10491372ebb79902f7bff8f6db	0xb8e160cd379b2e2d9d74c814d0d5a36e465e2c1d76e97efcdf8c10f997e4fb
random_1969	order	1894567821961	HYPE-USD-PERP	SELL	MARKET	632.146169903558							63214616990	0	0x502c4dba67534d57207125917fa83808ebe22af3156d8b6e2c2263b628e70d8	0x582b7406f13968d81c21e2c6866721d4919388598d4fcc2fbb3b9cccbaf5b05	0x2c28034ec7cd53bff0399c21954868f84f4b04b730a60ffcae7c26b7d884f95
random_1970	order	1720140479595	ETH-USD-PERP	SELL	LIMIT	9653.5414163370429	61568.7062552099876864						965354141633	6156870625520	0x648c8e3c31ce38d36f03878f81fbfea99397fc75bff5324fcdf53b63973452c	0x2af891acfa3308042eedd97f80764f055ebfa42d305c9072728b142cb81b2a0	0x72d98fdcc45cf6eb401ba3f7b1e01ae35495334fe040725b8059c26a1867d48
random_1971	order	1813785749330	BTC-USD-PERP	BUY	MARKET	3.90407849691393963							390407849	0	0x7141a08247f1243808d2ca5b18f7b3df5678566b248ec784204133a98696d8b	0x31c79fd13eeb79b0f5e0a891f561bf193820355c4f41f053560d23e32c01318	0x1f979c11f8a9f10d78743450f0cf5c033847f0cf7a34482727830182ebb749
random_1972	modify	1801038606533	SOL-USD-PERP	BUY	LIMIT	93.315494642	4886640.29653141225	95105446644230182574962					9331549464	488664029653141	0x68c31c32acaad5ecd32f7ce708a2683455bc46e7b7756e142acb349a8631c	0x11d10d9d562f71052612509035750c9984f1711f86f895f6cc6da2288f5266d	0x7456f189f52bfeb36cf0c16c3bc0e83e3773c136f240823d4500c66db4d1dcb
random_1973	order	1755782578468	PAXG-USD-PERP	SELL	LIMIT	36.7222687343938416	515915.259402534428259275						3672226873	51591525940253	0x32ce5b81f38aff759eed16915347337247c854036bcddf562fc996cb95c9548	0x5e85bb13b08e93492603d426bb3413b33ff3093526199126f2cdab8f96276e6	0x6c8c84245c022351ad7d0ab398da2adeb93cb42ea18bf836dd79910eb7884a1
random_1974	modify	1835343622357	BTC-USD-PERP	SELL	LIMIT	1728.997804481862732096	547047.998770526	85137937213663422813447839					172899780448	54704799877052	0x37bc1be262306460b1ca80fb6e825612385ff746a8e18d283b05bd9a31c0c7d	0x6e300c12f497c5e7a4ab0fc3cc677eca95742f1682b91672d39d7b56c01d362	0x1eb4502d1ce23df64e5456d9e6ca8d547e7f7356791ed2aaf82b71a1e02414
random_1975	order	1855227305606	ETH-USD-PERP	BUY	LIMIT	44072.09162307646	22.2522421185336183						4407209162307	2225224211	0xc67ebe2a558000a6af0f89c079838f7560a82880b977660b66d14e532f1ff8	0x23d403790a26ef0a9865d01a173fef32fa5c37fdcd6ce775e177c429aa7c740	0x770c8dec87a74d1e1586bd5feb042e27c68c1ca2ac9ba069b42ccf8828ec89f
random_1976	order	1744134165010	ETH-USD-PERP	BUY	LIMIT	469.474709061530	7.2425893243149						46947470906	724258932	0xad4d652550a1e4a84a64d8808d34b0de3537410897daee777506b5201a626f	0x5e0153b25a72cc2a4663d9ff4ecef3a8576782e5ba5c515f26936d15f53dfeb	0x57af2c6b157dc0e5ef83baf4bcd03df2a28c611b0aaa37b11b4ee9b90cc2b96
random_1977	order	1856741603502	DOGE-USD-PERP	SELL	LIMIT	1.1408439095076	51.3402022851253615						114084390	5134020228	0x4339080299c4d879c04151c9de23311d22dac111c66b9cee3cc9aa3442121bf	0x472547dcee1d013b9f471a2e04537247ebab07a7cf80f586679a3da089be4dd	0x3a72a8dbce87109f9f5e09a2be96d07bde0e714c0db09e4cefc2a4a3cd6693a
random_1978	modify	1868508492818	HYPE-USD-PERP	BUY	LIMIT	0.3058977310761	6.64218235115	602073269660916144426					30589773	664218235	0x4d185e659807a70961e55525570aa7c75875c5016a4732f39052a9d34fbbb3c	0x26e67fd5947936cbd2917cb66b0370bc0ef49fdd274ad3c461e2d6c2b5ceb19	0x287ba0c92b1c56842003a0bcaa3c609929e7237c64c54d21aa6c13c10a0e545
random_1979	order	1780882756807	DOGE-USD-PERP	SELL	MARKET	561805.1983389389258							56180519833893	0	0x5acdb9ea387127e707694f007f45d469ac4add70af884b972f1c325cfb22597	0x43288c49427f6bda980c4ba08add5d9cd4f294e3f79f8209794e8fccb535fde	0xa0e91f69429391688cf2568f4e97cce46c6d3a9e004eafa7ebe9145aa8f3ce
random_1980	order	1852168560019	PAXG-USD-PERP	SELL	MARKET	21.9943183125							2199431831	0	0x185d81ab79b808d07883345ea83e758c89c74907590bc73b3a9a653fb1ab152	0x3e81954395b754fc68c5f2e9ff80d9bed3cc45e1552d04039bc5b626a339233	0x790640f40696baf8bd30337523638664b16a96280a3d519123b67ad6f7d1263
random_1981	order	1721623504237	PAXG-USD-PERP	BUY	MARKET	208797.6007717753							20879760077177	0	0x535152858364513efc5e20c7e9040a368fed88f562efd61a639e4676e23c772	0x77af257cedb7397819021045830603aeac6492215e4f7caabc3d81eb77b0160	0x460acdded4193dcf0bcd274842acbebaeab5c9da1d012abab0d432a9e45fcf8
random_1982	modify	1813897197978	DOGE-USD-PERP	BUY	LIMIT	175.71130529129382562	3296.7840481494	82521593102445508663861					17571130529	329678404814	0x24c214c56e792fcb8ae4089b35f208e5954191de3a4f15e2fcee9dd64e53119	0x2568e287ba17998ff6c02d5f0686dc2f46953c553434b96ef9ca1fede449b69	0x3888746ca7467a6e4da97daa5da0b08cfbb3a4220716d3374f2d273b2b32c5e
random_1983	order	1835998149814	SOL-USD-PERP	BUY	LIMIT	0.29944271193869589	30485.481025801666157550						29944271	3048548102580	0x360efee3f7217900df1cdaf4ac72cfab130247ef262b971132e58fea3042b9a	0x66d894be196b80d38e5251548dd89d9c2ea0bd02a0c8f94f5ab37df5f8a769a	0x35e0fff0c76a94906b71a28d6206e52231747d4823588517e901351edc13f27
random_1984	order	1766399928533	SOL-USD-PERP	SELL	LIMIT	427.01290586554	7.79606689549						42701290586	779606689	0x4e47bdb991b6b601700ee544a9d9499bf82c0fc29e7a9aff3a40e30f648f411	0x51d157f14432014b9bdf5dd0fd38fb1544afda067dc15e2d093d299641f149e	0x63e8ca3b5838b6bc47791d7c966373aae9e0502c2af76897881ffd64cfdd754
random_1985	order	1707496371725	XRP-USD-PERP	BUY	MARKET	84211.170753799606708							8421117075379	0	0x34db4b9f4a8b1bf7eadece86a5b2421a1dc3d950ce3b46444d51f9001f7b58c	0xb1e484d8b905f15c926e0f635f0285fe78efd2c40bd4e59ccdea49a8b63dd4	0x78cda1d99aa935ce51419b82181a7dc9a2a10fce1cbb4e703fbdbe70113b3b7
random_1986	order	1849335265035	SOL-USD-PERP	SELL	LIMIT	845.262689087	6061.7609104097480299						84526268908	606176091040	0x20f29d86290bc2b8f047c9f48214061684df030cae4c16cf524119434e5655	0x3bb4bfa71d03824bd0e4e2592841f5695a47b1cd12dafd72169825da2986259	0x10ea2a8c55982229d5fec490442c4a6076a9c28505c705ed06490f54776fd25
random_1987	modify	1870309887769	XRP-USD-PERP	BUY	LIMIT	5228.0204297317	7123.4203457305	474670700148731964402					522802042973	712342034573	0x36c6167ae364bb29cc8c6471bfb125f1c55cb00d812caf49253793baebe5fea	0x770b0e821f3ea233d2325477aec415d59075c3820e1e20d24ffdb3f99340675	0x5c877f9b708660b7e112dbdd289a4986c8b31adc9640d2bc68a2b968902cacd
random_1988	modify	1856633213837	BTC-USD-PERP	BUY	LIMIT	542479.6895643612258	91.409227657	486165126978397941839426546					54247968956436	9140922765	0x48071e3626179d6c7d7afd862c4303ab415bd1cea4d6c2cd9b030d35a05820c	0x46e0e9e797ea3f6e741abf00e1de4b7cd906953cbadccf9b554d163e9f273cf	0x5709acb05f4b4b8aeb70fe2c9513ba7d29b75850d41ed5b728a65c493f092fa
random_1989	order	1728906768669	ETH-USD-PERP	BUY	LIMIT	473.76606349269471	638.3059224207978						47376606349	63830592242	0x10cac3b91d2f5d3a45687aed2a6a471f9b113ee40b1fb24dfb3e16fa5ea4099	0x342b654121e77bfcce4290d4b866972126cf582b8a6c6821e4f2b2bca8c1885	0x743777f329997a3593d0e297e8a8eebe6c5298c3617844988f3d1f120b83247
random_1990	order	1888987009565	BTC-USD-PERP	SELL	LIMIT	85888.7981132346343765	8157568.63344221818						8588879811323	815756863344221	0x788af1b157e1397160c42dd90ab87ef590d29ae0f43cbe42a90351635468c95	0x5b8f181341f5f03755706b7711dedae9d84696a07d6a8bd0140e21abf41c24d	0x4e4d857e50a64fb7ed117f07f6635379ec3b05a3f3d1e0a8ee9db5b9a1840c1
random_1991	order	1870036635408	BTC-USD-PERP	SELL	LIMIT	22.05603997834	3888484.3070459011						2205603997	388848430704590	0x1b527d684b232a51c4e9009458e8d19646f5304e46753c9b579eb25c649d9c8	0x60c280cea8eb4cbea78c99bfcd32188cf6a4b8764548a000a45a20cc8a4bc19	0x1bf6e2951e8ef988a8b2ba606cdfac0fde02bba846256edb9973c368f50626d
random_1992	order	1827253242205	XRP-USD-PERP	BUY	LIMIT	9802.0009346685370	381191.0574188594						980200093466	38119105741885	0x3cf789cf5a38a376dc34d0a1229f34b6c071b27366460141094ce402c88457b	0x61cfd3d6713ebd6fdfc7ee1f1bd025cc286582e7e053ae18f31b9c9f0181eb3	0x71b23d47411024e79c2c0c4de4c69b64c4c3204b42c947b26f429576180e183
random_1993	order	1890289049505	SOL-USD-PERP	BUY	LIMIT	45218.0059489951291	0.2876120818776625						4521800594899	28761208	0x166e0ecbdf6ee9a9fc2a4087aab426e7f710f73a752794b313db20c1e892834	0x1601857fc13be7ff4855982283324b1cbddb27d893c1813a7d723fbbff7de0c	0x1f2b86055cfda0cf77706c1c6b75c4ddbd83148fe0788e3ec3c01abc5e34f0c
random_1994	modify	1727435844391	SOL-USD-PERP	BUY	LIMIT	69963.919989576289978302	2128260.365151213	5585942550504958142242					6996391998957	212826036515121	0x38dd469197573f9ed89d8e1a6bef1c8214a293a08d436a08161432a8d266f13	0x4c187b93b9b3b051c51d5bfae39e3e46f55b19c10bcf7e4406775a222ce565c	0x4743bc9b4ce2cb6667066c8b7fcad94e33752996075eb5e151407fc970c476b
random_1995	modify	1894734018994	ETH-USD-PERP	SELL	LIMIT	49958.740095640103578190	455105.053456577796408011	51542761830631588625846023					4995874009564	45510505345657	0xc8ac57675d85cb11cf9a0a478ba616193a3b510c9d7b0c2459fdeba4f119e2	0x4a0cee861dffe8addd966af84d588d28f7e25c7f39784c2a8f563f80d5e28a1	0x2ec9da478ad1804e684e0996aa468e88db795892f866defb3151b3c393cb956
random_1996	order	1774878106245	kBONK-USD-PERP	SELL	LIMIT	40.379461400265027160	9.618771954515598						4037946140	961877195	0x3370f4a0e5b532ca082bc5dd132e6db03b2ed3cdcf8a6cee47710db31ac5bbc	0x4dfbdc31629abf5d32e6a56dae993c6ff10206b74a8552ee60807894392e106	0x2d88cd34abf3006dfb8119efa7ba5eb46593c9d9ea21aabed568bdf0bbc05da
random_1997	order	1851179250236	kBONK-USD-PERP	BUY	LIMIT	586676.13841861787040	856580.0003340566108						58667613841861	85658000033405	0x7f3cd6715a37452583905cbbda308136e6a9b569d33094d9da4f233bb0553b7	0x1d22f73a57daeb47ae19f2896eccad65001034822120475dc109ad4c28ea81d	0x554aab7bc51e6cc9564148e35bb27d60a01e4191c5f0f49f8ed2619298cf5f7
random_1998	order	1714807482421	BTC-USD-PERP	BUY	LIMIT	0.54542084000721299	326711.3804264423525						54542084	32671138042644	0x7dd4c5bf8059a678b889c692e1329cde8d45ee8e7b1ad12c08abf2d5609149c	0x593c79cd927743f96a577ea15c08ca980b13e8b193ef14bb080f87873edd5ac	0x4d3d8b269b010c0592c1e1439db1fecca0f0adf68992f5826a99c9e9b06df1b
random_1999	modify	1798898804608	HYPE-USD-PERP	BUY	LIMIT	6.96104816046588	411.29934744718	8930699556817622399621					696104816	41129934744	0x411b99d7f3c54f69cb61bd5420930d93afc078a4d3b2b34286bd962c5ca56fd	0x2cf36b352cba31ad8738754db37d899bef8e61b1f09f05c310480418d61535	0x2518e816252a7046d9b4806020173b74b7149856f798ec8297f889abab3ecf2
